;B;A;C;B;A;A;D;D;A;A;B;D;A;D;C;B;B;A;C;C;B;C;C;A;A;C;D;D;C;C;A;B;B;B;D;D;D;C;C;C;B;A;D;C;B;A;D;B;A;C;B;B;A;C;D;A;D;B;C;B;A;C;C;B;A;D;B;D;D;A;A;D;D;C;C;C;B;B;D;A;C;C;B;C;B;B;C;D;C;D;C;B;B;C;B;A;A;C;C;D;
;Q1;Q2;Q3;Q4;Q5;Q6;Q7;Q8;Q9;Q10;Q11;Q12;Q13;Q14;Q15;Q16;Q17;Q18;Q19;Q20;Q21;Q22;Q23;Q24;Q25;Q26;Q27;Q28;Q29;Q30;Q31;Q32;Q33;Q34;Q35;Q36;Q37;Q38;Q39;Q40;Q41;Q42;Q43;Q44;Q45;Q46;Q47;Q48;Q49;Q50;Q51;Q52;Q53;Q54;Q55;Q56;Q57;Q58;Q59;Q60;Q61;Q62;Q63;Q64;Q65;Q66;Q67;Q68;Q69;Q70;Q71;Q72;Q73;Q74;Q75;Q76;Q77;Q78;Q79;Q80;Q81;Q82;Q83;Q84;Q85;Q86;Q87;Q88;Q89;Q90;Q91;Q92;Q93;Q94;Q95;Q96;Q97;Q98;Q99;Q100;IDEXTERNO
1;D;D;C;C;B;A;A;D;A;B;B;C;B;C;D;D;B;A;C;C;D;D;C;C;C;D;C;A;A;A;A;C;X;D;D;A;B;C;D;A;B;C;D;C;B;A;D;B;A;C;B;D;C;C;D;A;D;D;C;B;B;C;D;B;A;D;B;D;C;B;A;D;D;C;C;C;A;B;D;C;A;A;B;C;D;B;C;D;A;D;A;C;B;C;D;B;A;A;C;B;2558180
2;D;B;C;C;A;A;C;A;A;B;B;C;A;D;C;A;B;D;C;B;B;D;C;A;C;D;D;D;D;C;A;C;B;D;A;C;B;B;C;D;C;D;D;D;B;A;D;B;A;C;D;D;C;C;D;A;A;D;C;A;C;C;D;A;B;D;B;A;D;C;C;B;C;B;C;C;D;A;C;A;D;D;A;D;D;B;C;D;A;C;A;B;C;C;A;D;A;C;D;D;2602810
4;C;A;C;B;C;B;C;D;A;A;B;D;A;D;D;D;B;A;C;C;B;C;C;C;D;A;C;C;D;C;A;C;B;B;A;D;D;C;C;A;B;A;D;B;D;A;D;B;B;C;D;B;D;A;C;A;A;B;A;A;B;C;D;B;D;D;B;B;C;B;D;B;A;C;C;C;B;D;D;D;C;D;B;C;D;C;C;D;B;B;A;C;B;B;D;B;C;A;C;A;2602880
6;C;C;C;B;B;A;D;A;A;A;B;D;A;D;D;B;B;A;C;A;D;C;C;A;C;C;D;D;D;D;A;C;B;A;A;A;D;D;C;C;B;A;D;C;C;A;D;B;B;C;B;B;D;C;D;A;D;B;C;B;A;C;C;A;A;D;B;B;C;D;C;D;A;C;D;B;B;B;A;D;B;D;B;D;D;D;D;A;D;A;A;C;D;B;A;B;B;C;C;D;2597040
8;A;A;C;B;B;C;D;A;A;A;B;B;A;D;C;A;B;A;C;A;B;B;C;B;D;C;D;C;D;C;A;C;B;B;A;A;D;C;C;C;B;A;D;C;A;A;D;B;A;C;B;B;A;C;D;A;D;B;C;B;B;A;C;D;A;D;B;D;D;B;D;D;D;C;C;C;B;B;A;C;A;D;B;C;B;B;C;D;B;D;A;B;B;D;D;D;B;D;C;D;2587750
9;B;A;C;B;A;B;C;B;A;A;B;C;A;D;C;C;B;A;A;C;B;D;D;B;D;A;C;D;A;D;A;A;B;B;D;D;A;C;C;C;C;A;D;C;A;A;D;B;B;A;B;B;A;C;D;C;D;B;C;B;B;C;D;A;B;D;B;D;C;C;D;B;D;B;C;C;D;B;D;A;A;D;D;D;D;C;C;D;D;C;A;B;B;B;D;A;A;C;C;D;2587600
14;C;A;C;B;A;B;C;D;A;A;B;D;D;D;C;A;B;A;C;A;B;C;C;A;C;C;D;C;D;D;A;B;B;B;D;A;B;B;C;C;B;A;D;C;B;A;D;B;A;C;B;B;B;B;D;D;A;D;C;C;B;C;C;A;A;D;B;D;D;B;C;D;D;C;A;C;B;A;A;C;B;D;A;D;B;C;C;D;B;C;A;B;B;D;D;A;C;D;B;D;2602150
15;A;A;C;A;C;A;A;A;A;D;B;C;A;D;A;D;B;A;C;C;B;C;C;B;C;C;B;D;B;B;A;B;D;D;C;A;A;C;B;C;B;A;D;C;A;A;D;B;A;D;B;B;B;C;D;A;D;B;C;B;B;C;C;C;A;B;B;D;C;B;C;D;D;C;D;C;D;B;C;D;B;D;B;D;C;B;C;D;B;B;A;D;A;D;B;A;C;D;C;D;2554530
19;A;A;C;C;B;A;C;B;A;A;B;D;A;D;C;D;B;A;C;C;D;B;C;C;C;C;C;D;C;C;A;B;B;B;B;D;D;C;C;D;B;A;D;C;B;A;D;B;A;C;B;A;A;C;A;A;D;B;C;B;A;C;C;A;A;D;B;B;D;B;C;D;D;C;A;C;B;B;C;C;C;D;B;D;D;D;C;D;B;D;A;B;B;D;D;C;A;C;B;D;2607790
21;B;D;C;B;B;A;A;B;A;A;A;D;A;D;C;D;B;A;C;A;B;D;C;B;C;C;C;D;C;C;A;A;B;B;D;A;D;D;C;C;D;A;D;A;A;A;B;B;B;C;B;B;B;C;D;A;D;B;C;A;A;D;C;A;D;B;B;A;C;C;A;B;D;C;C;C;B;B;A;C;B;D;A;A;B;A;C;A;A;B;A;C;B;B;B;D;B;D;D;D;2601460
24;A;D;C;C;A;A;C;B;A;A;B;D;A;D;B;A;B;A;A;A;B;A;B;C;A;C;D;D;C;D;D;C;B;D;C;D;D;B;C;C;B;A;C;C;A;A;D;B;B;C;B;B;A;C;D;A;A;B;C;B;A;C;C;B;A;D;A;D;D;A;C;D;A;C;C;C;D;B;C;A;A;C;B;D;A;D;C;A;C;D;A;B;B;B;D;A;A;C;C;D;2596470
25;A;D;C;C;B;B;C;B;A;B;B;C;A;D;A;D;B;C;C;D;B;C;C;C;D;A;B;D;A;C;A;B;B;B;D;B;D;C;C;C;D;A;D;D;B;A;A;B;A;C;B;B;A;C;D;D;C;A;C;B;B;C;C;A;A;D;B;D;C;B;C;D;D;C;C;C;B;B;C;C;C;D;A;A;D;C;C;D;A;B;A;B;B;A;D;D;A;D;C;C;2592660
28;A;A;C;B;B;A;B;D;A;A;B;D;A;D;C;D;B;A;D;C;B;C;C;C;D;C;D;D;C;D;A;C;B;B;A;D;D;C;C;C;B;A;D;C;B;A;D;B;A;C;D;B;A;C;D;A;D;B;C;B;B;B;C;A;A;B;B;C;D;A;A;D;A;C;C;B;C;B;D;A;A;D;B;C;C;D;C;B;C;D;C;B;C;D;A;C;C;D;C;B;2602610
30;A;D;C;B;B;A;A;B;A;A;B;D;A;D;C;D;B;C;C;D;B;C;C;B;C;A;C;C;D;C;A;B;B;B;D;C;D;C;C;C;B;A;D;C;A;A;D;B;B;C;B;B;A;C;D;A;D;B;C;B;A;C;C;A;A;D;B;D;D;D;A;B;A;B;C;C;B;B;A;C;A;D;B;A;D;B;C;D;A;B;A;B;B;D;D;A;B;C;C;D;2607540
33;C;D;C;A;B;A;A;B;A;A;B;D;A;D;C;B;B;A;C;C;B;C;C;B;D;C;D;D;A;D;A;C;A;D;B;A;D;C;C;D;C;A;D;D;D;A;C;B;A;C;B;D;A;C;D;A;A;D;C;B;B;C;D;B;D;D;B;C;D;B;D;B;D;C;C;B;D;C;C;A;C;C;B;C;C;B;C;D;C;B;A;B;B;B;B;D;A;D;A;B;2597440
34;A;D;C;C;D;A;C;B;A;B;B;C;A;D;C;D;B;A;C;D;B;C;C;C;C;A;A;D;B;B;A;C;B;B;A;D;C;C;C;C;C;A;A;C;B;A;D;B;A;D;D;B;A;C;D;C;D;B;C;B;C;C;C;B;A;B;B;B;C;B;A;D;D;C;D;C;C;B;C;C;B;C;C;D;D;C;C;A;A;B;A;C;C;D;D;C;A;C;D;D;2588320
35;D;D;C;B;A;A;C;A;A;B;B;D;A;D;B;A;B;D;C;C;B;C;C;B;A;A;D;D;C;C;A;A;B;B;C;D;A;C;C;D;B;A;D;C;D;A;D;B;A;C;D;B;A;C;D;D;D;B;C;B;A;C;C;C;A;D;B;C;D;B;D;D;A;C;C;C;B;B;A;D;A;C;B;D;D;D;C;D;C;B;A;B;B;D;B;C;B;D;B;D;2602550
36;C;A;C;B;D;A;C;C;A;B;B;C;A;D;C;B;B;A;A;C;B;D;C;A;C;C;D;C;B;C;A;C;B;B;D;D;D;D;C;C;B;A;D;C;C;B;D;B;A;D;B;B;A;C;D;A;D;B;D;B;A;C;A;C;A;D;B;C;B;C;A;B;A;C;A;C;D;C;D;A;B;D;D;B;D;B;C;D;C;B;A;C;B;D;D;D;C;C;A;D;2597440
39;D;A;C;C;B;C;A;D;A;D;B;B;A;D;A;A;B;A;C;D;B;C;C;A;A;B;D;A;D;A;A;A;B;B;A;D;A;C;C;C;B;D;D;C;B;A;D;B;A;C;D;D;A;C;D;A;D;D;C;A;B;C;C;A;B;D;B;D;C;D;A;B;A;B;A;B;D;A;D;A;B;D;A;A;B;C;C;D;A;B;A;B;B;D;B;D;B;D;C;B;2607380
42;B;A;C;C;D;A;C;D;A;A;B;D;A;D;B;A;B;A;C;C;B;C;C;A;C;C;D;D;C;D;A;C;B;B;C;A;A;C;C;C;B;A;D;C;B;A;D;B;B;A;B;D;A;C;D;A;D;B;C;B;A;C;C;A;A;D;B;D;C;C;C;D;B;C;C;C;C;B;D;A;C;D;B;D;C;B;C;D;C;D;C;B;B;A;D;C;D;C;C;B;2596890
44;D;D;C;B;D;A;D;B;A;B;B;C;A;D;A;D;B;A;C;C;B;C;C;C;D;A;C;D;B;A;A;C;B;B;D;D;D;B;C;B;C;A;D;C;B;A;D;B;B;C;D;B;C;A;A;A;D;B;C;A;D;C;C;A;A;B;D;D;C;B;A;B;D;C;C;C;D;B;D;B;B;D;B;D;C;C;C;D;A;B;A;B;D;B;C;C;B;C;B;D;2592040
45;A;D;C;B;B;A;A;A;C;D;B;C;A;C;A;D;B;A;C;C;D;D;C;B;C;A;D;A;C;C;A;C;B;B;A;D;D;D;C;C;B;A;D;C;B;A;B;A;A;B;A;B;A;C;D;C;D;B;C;B;B;C;A;A;A;C;B;C;C;B;A;D;A;C;D;C;C;C;A;C;D;D;B;B;D;B;C;D;C;D;A;B;B;D;A;C;C;A;B;C;2602070
47;D;D;C;C;A;A;B;C;C;A;B;C;A;D;C;D;B;A;C;C;B;C;C;B;D;C;D;D;B;A;A;C;B;B;D;A;D;C;C;C;C;A;D;B;C;A;B;B;A;C;B;B;A;B;D;D;D;B;C;B;B;C;C;A;D;B;B;B;C;B;A;D;D;C;D;C;D;A;C;C;A;D;B;D;C;C;C;A;C;B;A;D;B;D;B;A;B;D;C;D;2591880
51;D;A;C;C;B;A;A;A;A;A;B;D;A;C;D;A;B;A;C;B;B;C;A;B;A;C;D;D;C;C;B;A;B;A;D;D;A;D;A;B;B;A;D;A;B;A;B;D;B;C;A;B;A;D;D;A;D;D;C;A;A;C;D;C;A;D;D;B;B;D;C;D;D;C;B;A;D;A;D;A;B;A;B;D;D;C;A;A;A;B;A;C;C;D;B;D;A;D;B;A;2607780
55;A;A;C;C;A;A;D;D;A;A;B;D;A;D;C;B;B;A;D;C;B;C;C;A;A;C;C;C;C;D;A;C;B;B;D;D;D;B;C;D;B;B;D;C;C;A;D;D;B;C;B;B;A;C;D;A;D;B;C;B;A;C;C;B;A;D;B;D;C;A;D;D;C;C;C;C;B;B;C;A;C;C;B;D;B;B;C;B;C;D;B;C;C;D;A;A;A;A;C;D;2602500
57;D;D;C;B;B;A;D;D;A;A;B;D;A;D;C;B;B;C;C;A;B;C;C;C;B;C;D;D;C;C;A;B;B;A;B;B;D;C;C;C;C;A;D;D;D;A;D;B;B;C;B;B;A;C;A;B;D;A;C;B;A;C;B;C;A;D;D;C;C;B;A;D;A;C;D;C;D;A;A;C;A;C;D;C;D;D;C;D;C;D;A;C;C;D;B;C;B;A;A;D;2592790
59;A;D;C;B;D;A;C;B;A;D;B;C;A;D;A;D;B;A;C;C;B;B;C;A;D;A;C;D;A;B;A;C;B;B;A;D;D;C;C;D;B;A;A;C;C;C;C;B;A;C;A;A;A;D;D;D;A;B;C;B;B;C;C;A;A;D;B;D;C;D;A;D;D;C;C;C;C;D;C;A;C;D;B;C;B;D;C;B;C;A;A;C;B;B;B;A;B;D;B;B;2606940
60;A;D;C;B;B;A;C;B;A;B;B;D;C;D;C;A;B;C;C;A;B;C;C;B;A;C;D;A;C;B;A;B;B;B;A;D;D;C;C;A;B;B;D;B;C;A;B;B;D;D;A;B;A;B;C;C;D;D;C;B;A;C;C;A;B;D;B;C;C;B;D;B;D;C;A;C;D;C;C;A;B;A;B;C;C;C;C;D;C;A;A;B;B;D;D;D;B;C;C;D;2594210
62;A;D;C;C;C;A;C;D;A;A;B;D;A;D;C;D;B;A;A;D;B;C;C;A;A;A;D;D;B;C;A;B;B;B;B;C;D;C;C;C;C;A;D;C;C;A;D;B;A;C;B;B;A;C;D;A;A;B;C;B;B;C;C;C;A;D;B;C;C;A;A;D;D;C;C;C;A;D;A;A;C;C;B;D;B;D;C;A;A;D;A;B;C;C;D;A;B;D;C;D;2552280
66;A;A;C;B;B;A;C;B;C;A;B;D;A;D;B;D;B;A;C;A;B;C;C;C;A;C;C;D;C;D;A;B;B;B;A;D;D;D;C;D;B;C;A;C;B;B;D;B;A;D;B;B;A;D;D;B;D;B;A;B;B;C;C;A;A;D;B;C;D;C;A;D;B;D;C;C;C;C;C;D;C;C;B;C;C;B;C;D;C;D;A;C;C;A;B;D;B;D;D;D;2602020
68;A;A;C;B;B;A;B;D;A;A;B;D;A;D;C;D;B;A;C;A;B;C;C;C;A;C;D;C;D;A;A;B;B;B;C;D;A;C;C;C;C;A;D;C;B;A;D;B;A;C;A;B;A;C;D;C;A;B;C;B;A;C;C;B;B;D;B;C;D;C;C;D;B;C;C;C;B;B;D;A;C;D;C;D;D;B;C;D;C;D;A;C;B;D;B;A;C;D;C;D;2595230
72;C;A;C;C;D;C;C;B;A;A;B;D;A;D;C;A;B;A;C;C;B;C;B;A;D;C;D;D;D;B;A;C;B;B;A;D;B;D;C;C;B;A;D;C;C;A;D;B;A;C;B;B;A;C;D;A;A;D;C;B;A;C;C;B;B;D;B;B;C;B;A;D;D;C;B;A;C;A;C;A;C;D;C;A;B;D;C;D;C;D;A;C;B;D;D;A;C;D;C;D;2602690
75;B;D;C;B;D;A;C;D;A;A;B;D;A;D;B;B;B;A;D;A;B;C;C;B;A;C;D;A;A;C;A;C;B;B;C;B;A;D;C;C;B;A;D;D;D;A;D;B;A;C;B;B;A;C;D;A;D;B;C;B;A;C;C;C;A;D;B;C;C;B;C;D;A;C;A;C;A;A;D;A;C;D;B;C;B;C;C;D;C;D;A;B;B;D;D;A;A;D;C;D;2594450
81;D;A;C;D;B;D;B;A;A;A;B;D;A;D;D;A;B;A;C;D;B;B;C;B;C;A;B;D;C;A;A;C;A;D;A;D;D;D;C;D;B;C;D;C;B;A;B;B;D;A;D;B;A;D;D;A;D;B;C;B;B;C;C;A;B;D;B;D;C;B;C;B;D;C;C;C;D;B;D;A;B;D;A;D;B;C;D;D;B;C;A;B;C;A;D;A;C;C;A;D;2602470
85;D;A;C;B;D;A;C;B;A;A;B;D;A;D;C;A;B;A;C;C;B;C;C;A;A;C;D;D;D;D;A;C;B;B;C;D;D;C;C;C;C;D;C;C;D;B;D;B;A;C;B;B;A;C;D;A;D;B;C;B;A;C;C;B;A;B;B;D;D;B;D;D;C;C;B;C;D;C;D;A;C;C;B;C;B;B;C;D;C;B;A;C;B;D;D;A;A;C;D;B;2602330
86;D;A;C;C;D;A;A;B;A;A;B;C;A;D;A;B;B;A;C;A;B;C;C;B;C;C;C;A;C;D;A;B;B;D;B;D;D;C;C;C;B;A;D;B;C;A;B;B;A;C;B;B;A;C;A;D;D;B;C;B;B;C;C;A;A;D;B;C;D;B;A;B;C;D;A;C;A;B;C;A;C;C;B;C;C;B;C;D;C;D;A;D;B;D;B;C;A;D;B;D;2588510
89;B;A;C;C;B;A;B;D;A;B;B;B;A;D;C;D;B;C;C;C;B;C;C;A;C;C;D;D;C;C;A;B;B;B;A;D;D;C;C;B;C;A;D;C;C;A;D;B;A;D;B;A;C;A;D;A;D;B;C;B;A;C;C;C;B;D;B;B;C;B;A;D;D;C;A;C;D;A;A;A;A;D;C;C;C;C;C;D;C;D;A;C;C;D;B;C;C;C;C;D;2607770
90;A;B;C;A;D;A;C;D;A;A;B;D;A;D;C;B;B;A;C;A;B;C;C;A;A;C;D;D;C;C;A;C;B;B;C;D;A;C;C;C;B;A;D;C;B;A;D;B;A;C;B;B;C;C;D;A;D;B;C;B;A;C;C;B;D;D;B;D;D;C;A;D;D;C;C;C;B;C;C;A;C;C;C;D;B;B;A;D;C;D;C;B;B;D;D;A;A;D;C;B;2600250
91;A;D;C;A;B;A;D;B;A;A;B;C;A;C;A;D;B;A;B;A;B;B;C;B;C;A;D;A;C;C;A;A;B;B;C;D;A;D;C;D;C;D;D;C;C;A;D;B;A;C;D;B;C;D;D;A;B;B;C;B;B;C;C;A;A;D;B;C;C;A;A;D;D;C;C;C;B;A;D;C;D;D;C;A;B;C;C;D;C;D;A;C;B;D;D;C;A;D;C;D;2603000
93;A;A;C;B;D;A;B;D;A;A;B;D;A;D;B;B;B;A;C;D;B;C;C;B;A;C;D;D;C;D;A;B;B;B;B;A;D;C;C;C;C;A;D;C;B;A;D;B;A;D;D;B;A;C;D;A;D;B;C;B;A;C;C;B;A;D;B;C;D;B;A;B;D;C;A;C;B;A;C;A;C;D;B;C;B;B;C;B;C;D;A;B;B;D;B;D;A;C;C;B;2590470
96;D;A;C;B;B;A;C;D;A;B;B;D;A;D;C;B;B;A;C;C;B;C;C;B;A;C;D;D;C;C;A;B;B;B;A;D;D;D;C;C;B;C;A;C;D;A;D;B;A;C;B;B;A;C;D;A;A;B;C;B;A;C;C;A;A;D;B;C;D;B;C;B;D;C;C;C;D;B;C;C;B;D;B;D;B;C;C;D;C;D;A;C;B;C;B;A;A;D;C;D;2556430
99;B;A;C;B;B;A;D;D;A;A;B;D;A;D;A;D;B;A;C;B;B;A;C;A;C;A;D;D;C;C;A;B;B;B;C;B;A;C;C;C;B;A;C;C;B;A;D;B;A;C;B;B;A;C;D;A;D;B;C;B;A;C;C;A;A;D;B;D;C;A;A;D;D;C;C;C;B;A;A;A;B;D;A;B;C;B;C;D;B;D;A;D;B;A;D;C;A;D;C;D;2588000
107;A;B;C;B;D;A;D;B;A;B;B;B;A;D;B;D;B;A;D;A;B;C;D;A;C;B;D;D;D;C;A;C;B;B;A;D;D;B;C;A;B;A;D;C;C;A;B;B;A;C;B;D;A;C;D;A;A;B;B;B;A;C;D;C;A;D;C;D;C;B;C;D;D;C;C;A;D;B;D;A;B;D;C;C;C;C;C;D;A;A;A;B;B;D;D;C;A;C;C;D;2590510
112;D;A;C;B;A;C;B;A;A;A;B;A;A;D;C;D;B;A;C;A;B;B;A;C;C;A;D;D;C;B;A;C;B;B;A;D;A;C;A;D;C;A;D;C;D;A;D;B;D;D;B;D;A;B;D;A;D;D;C;B;A;C;A;B;A;D;B;D;C;B;A;A;D;C;D;C;D;B;A;C;C;D;C;A;D;C;C;D;A;B;A;B;C;D;B;A;B;D;C;A;2600360
117;D;D;C;B;B;A;A;D;A;A;B;D;A;A;B;D;B;A;C;B;B;C;D;A;D;C;D;C;A;D;A;B;B;B;D;B;C;C;C;C;B;A;D;C;D;A;D;B;A;C;B;B;A;C;D;D;A;B;C;B;A;C;C;A;A;C;B;D;D;B;D;B;D;C;C;C;D;A;D;C;B;D;B;C;B;B;C;D;C;A;A;B;B;C;D;C;A;D;C;B;2593300
122;D;A;C;C;B;A;B;B;A;A;B;D;A;D;A;B;B;A;A;C;B;D;D;A;A;C;D;D;C;C;A;C;B;B;A;D;D;C;C;C;D;A;D;B;C;A;D;B;A;C;B;B;A;C;D;A;D;B;C;B;B;C;C;A;A;D;B;D;C;A;A;D;A;C;C;C;B;B;D;A;C;C;D;D;B;B;C;D;A;D;A;C;C;D;D;A;A;D;C;D;2607300
124;D;D;C;B;D;D;C;B;A;A;B;C;A;D;C;B;B;A;C;A;B;C;C;A;A;C;B;D;A;C;A;A;B;B;A;B;D;B;C;A;B;A;D;C;B;A;D;B;A;A;B;D;A;C;D;A;A;B;C;A;A;C;C;A;A;B;B;B;C;C;C;B;D;C;C;C;D;A;A;A;C;C;B;C;B;D;C;D;C;B;A;C;B;D;D;C;A;C;C;B;2597190
130;A;A;C;A;B;A;C;D;A;D;B;D;A;D;B;B;B;A;C;C;D;C;A;B;C;C;B;D;D;C;A;B;B;B;A;D;D;A;C;C;C;A;D;C;C;A;D;B;A;B;B;B;C;B;D;A;D;D;C;B;B;C;C;A;B;D;B;B;D;B;D;D;D;B;C;B;D;D;A;D;B;D;B;D;B;B;A;D;C;B;A;B;B;D;D;D;B;C;C;D;2601710
134;D;D;C;D;A;A;B;D;A;A;B;D;A;D;C;C;B;A;C;C;B;C;C;A;C;A;D;C;C;D;A;A;B;B;B;D;A;C;C;C;D;A;D;C;C;A;D;B;B;C;B;B;B;D;D;C;A;B;C;B;B;C;C;B;B;D;B;B;C;C;D;B;D;D;D;C;C;A;D;A;B;C;B;C;A;B;C;D;C;D;A;D;B;A;D;C;C;C;C;D;2594140
140;B;D;C;B;D;A;D;D;A;A;B;C;A;D;C;D;B;A;C;A;B;C;C;A;A;C;C;C;B;D;A;A;B;B;A;D;D;B;C;C;B;A;D;C;C;A;B;B;A;C;B;B;A;C;D;C;D;B;C;A;A;C;C;C;A;D;B;B;C;B;D;A;D;C;C;B;C;C;D;A;A;D;B;A;C;B;D;D;A;B;A;D;B;C;D;D;D;C;C;D;2604370
157;D;D;C;B;C;A;C;B;A;A;B;D;C;D;C;D;B;A;C;A;B;C;D;B;A;C;D;D;A;B;B;C;B;B;D;D;D;A;C;B;B;A;D;C;C;A;D;B;A;C;D;B;A;D;D;A;D;B;C;B;A;C;D;C;A;D;B;B;C;B;B;D;D;C;C;C;B;B;A;A;C;D;C;C;D;C;C;B;C;D;A;C;C;D;B;C;A;D;C;D;2590190
163;B;A;C;C;A;A;C;B;A;D;B;D;A;D;C;A;B;A;C;C;B;C;D;B;A;A;C;D;C;C;A;C;B;B;C;D;A;D;C;B;C;A;D;B;C;A;D;B;A;C;B;B;A;D;D;C;D;B;C;B;A;C;B;B;A;B;B;B;C;A;A;D;B;C;A;C;D;B;D;C;C;A;C;D;B;B;C;D;B;D;C;C;B;D;D;C;A;C;C;D;2600510
165;B;A;C;C;B;A;C;B;A;A;B;D;A;D;A;D;B;A;C;A;B;C;C;B;C;C;C;D;C;C;A;C;B;B;A;B;A;B;C;B;D;A;D;D;B;A;B;B;B;C;B;D;A;B;D;A;D;D;C;B;D;C;C;A;D;D;B;C;D;B;A;D;D;D;C;C;B;B;A;C;A;C;B;A;D;C;C;D;A;D;A;B;B;D;D;A;A;A;C;B;2602870
167;A;D;C;C;B;A;D;D;A;A;B;D;A;D;A;D;B;A;C;C;B;B;C;A;C;C;C;D;A;D;A;B;B;B;A;D;D;D;C;D;C;A;D;C;B;A;C;B;B;C;B;B;A;D;D;A;D;B;C;B;A;C;C;A;B;D;B;B;D;B;A;B;D;B;C;D;C;B;D;A;B;D;C;D;D;C;C;D;A;C;A;B;C;B;B;C;D;C;B;D;2602950
171;C;D;C;B;B;A;D;D;A;A;B;D;A;D;A;D;B;A;C;D;A;C;C;A;A;D;D;C;D;C;A;D;B;D;B;D;A;C;C;D;B;A;D;D;B;A;D;B;C;C;D;A;A;B;A;C;D;B;C;B;D;C;C;A;D;D;B;D;C;B;C;B;D;C;B;C;D;B;D;C;C;C;B;D;D;B;C;C;B;B;C;C;B;D;D;C;B;A;D;D;2602230
176;A;A;C;D;D;A;A;A;A;A;B;D;A;D;A;B;B;C;B;A;B;C;D;A;D;C;B;D;C;C;A;A;B;B;D;D;A;C;C;C;B;A;C;C;C;A;D;B;B;A;B;B;C;D;D;A;A;B;C;A;A;B;C;A;B;D;B;B;B;C;A;D;C;B;D;C;D;B;A;A;B;D;B;C;D;B;C;D;C;D;A;B;B;D;B;C;C;C;C;B;2601900
178;A;A;C;B;D;A;B;B;A;A;B;D;A;D;D;B;B;A;B;A;B;C;D;C;C;D;B;C;B;C;A;C;B;B;D;A;D;C;C;C;B;A;D;A;B;A;D;B;D;D;B;B;B;D;B;A;A;B;C;B;B;C;D;C;D;D;B;D;C;A;C;B;B;C;C;C;D;B;D;A;D;D;B;D;D;D;C;D;A;B;A;B;C;D;A;C;B;D;C;B;2594060
182;B;A;C;C;D;A;C;B;A;A;B;A;A;D;A;A;B;A;C;B;B;C;C;C;D;C;D;C;D;D;D;C;B;B;A;D;B;B;C;D;C;A;D;C;B;A;D;B;B;C;B;D;A;C;D;A;D;B;C;B;A;C;C;A;A;D;B;D;C;C;A;D;D;C;C;C;C;D;C;A;D;D;B;A;C;C;C;D;C;B;C;C;B;D;C;C;A;D;C;D;2607290
186;A;D;C;B;B;B;D;B;A;A;B;C;A;D;D;D;B;C;B;B;B;D;C;A;A;A;C;D;A;D;A;A;B;A;B;D;D;C;C;C;B;A;D;C;B;A;B;B;D;C;B;A;A;D;A;A;D;D;C;B;B;C;C;A;A;B;B;C;C;C;A;C;A;C;D;B;A;B;C;D;A;C;A;B;D;C;A;A;A;B;A;C;B;A;D;B;B;C;C;A;2602740
188;D;D;C;C;A;A;C;D;A;A;B;D;A;D;C;D;B;A;C;D;B;C;C;A;C;A;B;D;D;C;A;B;B;B;B;A;D;D;C;C;B;A;D;C;B;A;D;B;B;C;B;B;B;B;D;A;D;B;C;B;B;C;D;A;A;D;B;C;D;B;A;D;A;C;C;C;D;B;C;C;D;D;B;D;D;B;C;D;B;D;A;B;B;B;A;A;B;D;C;D;2593810
193;B;C;C;C;B;A;A;B;A;A;B;D;A;D;C;D;B;A;C;C;B;C;D;C;D;D;D;D;C;C;A;B;A;B;A;D;D;C;C;C;B;C;D;C;A;A;D;D;A;C;B;D;B;B;B;D;A;B;C;B;B;C;B;A;B;D;B;D;C;A;A;D;A;D;D;C;A;B;C;D;A;A;B;D;D;D;D;B;C;D;A;B;B;D;D;C;B;D;C;C;2603090
195;A;A;C;B;B;A;C;B;A;A;B;C;A;D;C;D;B;C;C;A;B;C;C;A;A;A;C;D;C;D;A;B;B;B;D;D;A;D;C;C;C;A;D;C;B;A;D;B;B;D;A;B;D;C;D;A;D;B;C;B;B;C;C;C;A;D;B;C;C;C;D;D;C;C;C;D;A;B;D;D;B;D;A;A;B;B;D;D;A;B;A;B;B;B;D;C;A;A;D;B;2592170
197;A;A;C;B;D;A;C;D;A;A;B;D;A;D;C;C;B;D;C;C;B;C;D;A;A;C;D;D;D;B;A;B;B;D;D;A;B;C;C;C;C;A;D;C;C;A;D;D;A;C;B;D;A;C;D;A;D;B;C;B;B;C;C;A;A;D;B;D;C;C;C;D;C;C;A;C;B;B;D;A;C;D;B;C;B;D;C;D;C;D;A;B;B;D;B;C;A;D;C;D;2602090
198;D;D;C;C;A;B;B;B;C;A;B;B;A;A;C;A;B;C;C;C;B;C;C;B;D;C;D;D;B;A;A;A;B;B;C;D;D;C;C;D;A;A;D;D;D;A;D;A;B;C;B;B;A;C;D;D;D;B;A;B;A;C;D;A;B;D;B;D;D;A;B;B;D;C;C;C;D;D;C;C;A;D;D;A;D;D;C;D;B;C;D;D;B;A;B;C;A;A;B;C;2594370
200;B;A;C;D;C;B;C;A;A;A;B;C;A;D;C;A;B;C;C;A;B;C;D;A;D;A;B;A;D;B;A;B;B;B;C;A;A;B;C;B;C;A;D;C;D;A;D;B;A;D;B;A;D;B;D;D;B;D;C;B;D;C;C;C;A;D;B;C;D;B;D;B;D;C;C;C;D;A;D;A;B;C;C;A;B;B;C;D;A;C;A;C;B;B;C;A;D;D;C;D;2597340
202;A;D;C;B;D;A;C;B;A;A;B;D;A;D;A;A;B;A;C;C;B;C;C;C;C;C;D;D;D;A;A;B;B;B;A;A;D;C;C;C;B;A;D;C;B;A;D;B;A;C;B;B;A;C;D;A;D;B;C;B;A;D;A;A;B;D;B;D;D;B;C;D;D;C;C;C;C;B;D;A;B;D;B;C;B;D;C;B;C;D;A;C;B;D;B;A;C;D;C;B;2595590
204;B;D;C;B;B;A;A;B;C;A;B;C;A;D;C;D;B;A;C;C;B;C;C;A;A;D;C;D;D;C;A;C;B;B;C;D;D;D;C;A;B;A;D;C;D;A;D;B;A;D;B;B;A;C;D;A;D;B;C;B;B;C;C;B;D;D;B;D;D;C;A;D;D;D;C;C;C;A;D;C;D;D;B;C;B;B;C;D;D;D;A;B;C;D;B;A;A;C;C;D;2601730
208;A;B;C;B;A;A;B;A;A;A;B;D;A;D;C;A;B;A;C;C;B;C;C;A;A;A;D;D;D;D;A;C;B;B;C;C;A;C;C;C;B;A;D;C;D;A;D;B;B;C;B;B;A;C;B;D;D;B;C;B;B;C;C;A;A;C;C;D;D;B;C;D;D;C;C;C;B;B;D;A;C;D;B;D;D;D;B;D;C;D;D;C;B;D;D;D;A;D;C;D;2591060
213;C;C;C;B;D;A;B;B;A;A;B;D;D;D;D;B;B;A;B;C;A;B;A;B;A;C;B;D;D;A;A;C;B;B;C;A;D;C;C;C;C;A;C;C;C;A;B;B;A;C;B;B;A;B;D;D;D;B;C;B;A;C;C;D;A;D;B;D;D;B;A;D;B;C;A;C;B;B;C;A;C;C;B;D;D;D;A;D;A;D;D;B;B;D;D;C;D;C;B;D;2596430
220;A;A;C;C;C;A;A;D;A;D;B;D;A;D;C;C;B;C;C;C;B;C;D;A;A;C;B;D;A;D;A;A;B;B;C;B;D;C;C;C;B;A;D;C;B;A;D;B;B;A;B;B;A;C;D;A;A;B;C;B;A;C;C;A;A;D;B;C;C;C;A;B;D;C;C;C;D;B;C;D;D;C;B;B;D;C;C;D;C;A;A;B;C;D;B;C;A;C;C;C;2595920
221;A;D;C;B;A;A;B;B;A;A;B;D;A;D;C;C;B;A;B;C;B;C;A;A;D;C;C;D;D;D;A;B;B;B;C;A;D;C;C;C;B;A;D;C;B;A;D;B;A;C;B;B;A;C;D;C;D;B;C;B;A;C;C;B;A;D;B;D;D;D;A;D;D;C;C;C;D;B;D;A;C;C;B;D;B;B;C;C;B;A;D;B;B;D;B;C;A;C;B;D;2598090
222;A;A;C;B;B;A;B;D;A;A;B;D;A;D;A;C;B;D;C;B;B;C;D;A;C;C;D;D;B;C;A;B;B;B;D;D;D;C;C;D;C;A;D;C;B;A;D;B;A;C;B;D;B;B;D;A;D;D;C;B;A;C;D;C;A;D;B;B;C;B;A;D;D;C;C;C;C;B;A;C;A;D;B;D;B;B;C;D;B;B;C;B;B;B;A;D;B;D;C;D;2596990
223;A;A;C;B;D;A;B;D;A;A;B;D;A;D;B;C;B;C;C;A;B;C;C;A;A;C;D;D;C;D;A;C;B;B;C;D;D;C;C;C;B;A;D;C;C;A;D;B;A;C;B;A;A;C;D;D;D;B;C;B;A;C;C;A;A;D;B;D;C;D;C;D;A;C;A;C;D;B;C;A;C;D;C;D;B;D;C;B;C;D;D;C;B;A;D;A;B;D;C;D;2591100
224;A;B;C;B;B;A;A;C;A;A;B;D;A;D;C;A;B;C;C;C;B;C;C;B;A;A;D;D;C;B;A;B;B;B;C;B;D;C;C;C;B;A;D;C;A;A;D;B;B;D;A;B;C;C;D;D;D;B;C;A;A;C;C;A;A;D;B;D;C;C;C;D;D;C;C;C;B;C;C;A;C;C;B;D;C;D;C;D;D;B;A;A;B;B;D;C;B;D;C;D;2588330
226;C;A;C;B;D;A;A;D;A;A;B;B;A;D;C;B;B;C;A;C;B;C;C;A;A;C;D;D;C;A;B;C;B;B;A;D;B;C;C;B;B;A;D;C;C;A;D;B;A;C;B;B;C;C;D;A;D;B;C;B;A;C;C;A;A;D;B;D;D;D;A;D;D;C;A;C;B;B;C;C;D;D;B;D;C;D;C;D;C;C;A;D;B;D;B;D;B;C;C;D;2586450
229;A;A;D;C;B;A;B;D;A;A;B;D;A;D;C;B;B;A;C;C;B;C;C;A;C;C;C;D;A;D;A;B;B;B;A;D;A;C;C;C;B;A;D;C;B;A;D;B;B;C;B;D;A;B;D;A;D;B;C;B;A;C;C;B;D;D;B;D;C;C;A;D;A;D;C;C;D;B;A;A;B;C;B;A;B;D;C;D;C;D;A;B;C;D;B;A;A;C;C;B;2594500
233;D;D;C;B;D;A;B;D;A;B;B;A;C;D;A;B;B;A;C;C;B;B;C;A;C;A;C;D;C;D;A;C;B;B;C;D;A;D;C;C;C;A;D;D;B;A;D;B;D;C;B;B;A;C;D;A;D;B;C;B;B;C;C;C;D;D;B;D;C;B;C;D;D;C;C;B;C;D;D;A;A;D;A;A;B;B;C;D;C;D;A;C;C;C;B;D;A;C;D;B;2565280
234;A;A;C;C;D;A;C;D;A;A;B;D;A;D;B;D;B;A;A;C;B;B;C;A;A;A;D;C;C;D;A;B;B;A;C;D;A;C;C;C;B;A;D;C;B;A;D;D;B;C;B;B;A;C;D;A;D;B;C;A;A;C;C;A;A;D;B;D;C;B;C;D;A;C;A;A;D;B;C;A;C;D;B;D;B;D;C;B;C;D;A;D;B;B;D;D;A;D;C;D;2588710
237;A;A;C;B;D;A;C;D;A;A;B;D;A;A;C;B;B;A;C;A;B;C;C;A;A;C;D;C;C;C;A;A;B;B;C;D;D;C;C;C;B;A;D;C;B;A;D;B;A;C;B;A;C;C;D;A;D;B;C;B;A;C;C;B;A;D;B;D;D;A;A;D;D;C;C;C;D;A;C;B;C;D;B;C;B;D;C;D;C;D;A;C;B;D;B;A;A;C;C;D;2578740
239;D;D;C;B;B;A;D;A;A;A;B;D;A;D;B;B;B;A;C;C;D;C;C;A;C;C;D;A;C;A;A;B;B;B;D;D;D;D;C;C;D;A;D;C;D;A;D;B;B;C;D;D;A;C;D;A;D;B;C;B;A;C;C;C;A;D;B;C;D;D;C;D;A;C;C;C;B;B;C;A;C;A;B;D;B;B;C;B;C;B;A;X;B;D;B;D;A;D;B;D;2589450
241;A;D;C;C;B;A;B;B;A;A;B;D;A;D;B;B;B;A;C;C;B;C;C;A;C;C;D;D;C;D;A;B;B;B;B;B;A;C;C;C;B;A;D;C;B;A;D;B;A;D;A;B;A;C;D;A;D;B;C;A;B;C;C;A;B;D;B;D;D;C;D;D;D;C;C;C;B;C;C;A;B;C;D;A;B;C;C;D;C;D;C;D;B;D;D;C;A;D;C;D;2595950
246;B;D;C;B;D;A;C;D;A;A;B;D;A;D;B;D;B;A;C;D;B;B;C;A;A;C;D;C;A;C;A;B;B;B;C;B;D;B;C;B;B;A;D;C;C;A;D;B;A;D;B;B;A;C;D;A;D;B;C;B;B;C;C;A;D;D;B;D;D;B;A;D;A;C;A;C;D;B;D;A;A;C;C;D;B;B;C;D;C;D;B;C;B;D;D;A;A;D;C;D;2597260
248;D;A;D;B;D;A;C;B;A;A;B;C;D;A;C;D;B;A;D;C;B;C;C;A;D;A;D;D;C;C;A;C;B;D;C;B;A;C;C;C;B;A;B;D;A;B;D;B;A;C;B;D;A;A;D;A;D;B;C;B;A;C;B;C;B;D;B;C;D;B;C;B;D;C;C;C;B;B;A;A;C;D;A;D;C;B;C;D;A;B;A;B;B;B;B;C;D;D;C;B;2590890
250;B;C;C;B;C;A;D;D;A;A;B;D;A;D;C;B;B;A;A;A;B;C;C;A;A;C;D;D;D;A;A;B;B;B;C;D;A;C;C;C;B;A;D;C;B;A;B;B;B;A;B;B;A;C;D;B;D;B;C;B;A;C;C;A;D;D;B;D;D;A;C;D;D;C;C;C;A;A;D;A;C;C;B;C;B;B;C;A;C;D;B;C;B;C;A;A;A;C;C;B;2589150
251;D;A;C;C;B;B;C;A;A;A;B;C;C;C;D;B;B;A;C;C;B;C;D;B;D;C;D;D;A;D;A;C;B;B;D;D;D;C;C;B;B;A;D;B;C;D;C;B;B;D;D;B;A;C;D;B;D;D;D;B;B;C;C;A;B;D;B;C;D;C;D;D;D;C;C;C;D;C;C;A;B;D;C;C;D;B;C;D;A;C;A;D;C;D;C;D;A;D;C;D;2607140
255;D;D;C;B;B;A;A;B;A;A;B;C;A;D;B;D;B;A;C;A;B;C;C;B;C;C;D;D;D;C;A;B;B;B;A;D;D;C;C;C;B;C;D;D;C;A;B;B;A;C;B;B;B;C;D;C;A;B;C;A;A;D;C;C;B;D;B;D;C;C;D;D;A;C;C;C;A;D;A;A;B;C;A;A;B;D;C;D;B;B;D;B;B;D;D;A;B;C;B;D;2601870
259;B;D;C;B;B;A;B;B;A;A;B;D;A;A;C;D;B;A;C;C;B;C;C;B;C;A;D;D;C;C;A;B;B;B;C;B;A;C;C;A;C;A;D;C;B;A;D;B;A;C;B;B;A;C;D;A;D;B;C;B;A;C;D;A;A;B;B;B;C;B;C;A;D;C;C;C;D;B;D;A;B;D;C;C;D;C;C;D;A;B;A;B;B;D;B;D;C;D;D;B;2601550
260;D;A;C;D;B;A;C;D;A;A;B;D;A;D;C;A;B;A;C;C;B;B;C;A;A;A;D;D;C;C;A;A;B;B;A;A;D;C;C;C;B;A;D;C;B;A;D;B;A;C;B;B;A;D;D;A;D;B;C;A;B;C;C;B;A;D;B;D;C;A;D;D;B;C;C;C;C;C;C;A;B;D;B;C;C;B;C;D;C;D;A;B;B;A;B;C;A;D;C;D;2594460
263;A;D;C;B;A;A;D;A;A;B;B;D;A;A;D;B;B;A;D;A;B;C;C;C;A;C;D;D;D;A;A;C;B;B;A;A;D;B;C;C;B;A;D;C;C;A;D;B;C;C;B;B;A;B;D;A;D;B;C;A;B;C;C;C;A;D;B;D;C;B;A;D;D;C;A;C;D;A;D;D;A;D;B;B;D;C;C;D;A;D;A;B;B;D;A;C;B;C;D;D;2598550
270;D;A;C;B;C;A;C;D;A;A;B;A;C;D;C;B;B;D;C;C;B;D;C;A;A;A;B;A;D;C;A;B;B;D;A;B;D;C;A;C;B;A;D;C;C;B;D;B;A;A;B;D;A;C;D;A;D;B;C;B;A;C;C;C;A;D;B;C;D;C;A;B;D;C;C;B;B;B;D;D;A;C;A;B;B;C;A;D;B;B;A;C;B;A;B;C;C;C;C;C;2602080
273;A;A;C;B;D;A;A;D;A;A;B;D;A;D;B;D;B;A;C;C;B;C;C;B;A;A;B;D;C;C;A;B;B;B;A;D;A;C;C;C;C;C;D;C;C;A;D;B;A;C;B;C;B;C;D;A;D;D;C;B;A;C;C;A;D;D;B;D;B;B;D;B;D;C;A;C;B;A;D;C;B;D;C;A;C;B;C;D;B;D;A;D;B;D;D;A;D;C;C;D;2601090
277;D;A;C;B;B;A;D;D;A;A;B;B;C;D;B;D;B;B;C;A;B;C;C;C;A;C;D;C;A;C;A;B;B;B;D;B;A;C;C;C;D;A;D;D;C;A;D;B;A;C;B;B;B;C;D;A;A;B;C;B;A;C;C;A;B;D;D;D;D;D;C;B;D;C;C;C;B;C;C;A;C;C;D;C;D;D;C;D;A;B;D;C;B;B;A;C;C;A;C;C;2586880
281;C;A;C;B;B;A;B;A;A;B;B;C;C;D;C;A;B;A;C;C;B;C;C;A;A;C;C;D;D;D;A;B;B;B;C;B;A;C;A;D;B;A;D;C;B;A;B;B;A;A;A;A;A;D;D;A;B;B;B;B;A;D;C;A;B;D;B;D;C;B;B;D;B;B;C;C;D;B;D;A;C;D;C;B;D;B;C;D;C;B;A;C;B;D;D;B;A;C;A;B;2585060
285;B;D;C;B;B;A;B;D;A;A;B;D;A;D;C;B;B;C;C;A;B;C;C;A;A;C;C;C;C;D;A;C;B;B;C;A;D;C;C;C;C;A;D;C;B;A;D;D;B;C;A;B;A;C;D;A;A;B;C;B;A;C;C;A;A;D;B;B;D;C;C;B;A;C;C;A;B;B;C;A;B;D;A;D;B;B;C;D;C;B;A;D;B;D;A;C;D;A;C;D;2597110
286;D;A;C;B;D;A;C;B;A;A;B;C;A;D;D;C;B;A;C;C;B;C;C;A;D;C;C;D;D;A;A;B;B;B;A;D;D;C;C;A;C;A;D;B;C;A;D;B;B;C;B;B;C;D;D;A;D;B;C;B;A;B;C;B;A;D;B;B;C;B;C;B;D;C;C;C;D;B;D;A;D;D;D;C;B;D;C;D;D;D;A;C;C;B;D;C;A;D;C;B;2602840
289;B;D;C;B;B;A;B;D;A;A;B;D;A;D;B;C;B;C;C;C;B;C;C;A;C;C;D;C;B;D;D;B;B;B;C;D;D;D;C;D;B;A;D;C;B;A;A;B;A;C;B;A;A;B;D;A;A;B;C;B;D;C;C;A;A;D;B;D;C;B;C;B;D;C;C;C;D;B;D;A;D;D;A;A;B;D;C;D;A;D;A;B;B;D;B;C;D;C;C;D;2598090
291;D;A;C;B;B;A;A;C;A;B;B;B;A;D;C;D;B;A;A;A;B;C;C;A;A;C;C;D;C;C;A;D;B;B;A;D;A;C;C;C;C;A;D;C;B;A;D;B;A;C;B;A;D;C;D;A;A;D;C;B;A;C;C;A;B;D;B;C;C;A;A;D;D;B;A;C;C;B;D;A;A;C;B;B;A;D;C;D;C;D;C;D;B;B;D;C;A;D;C;D;2601760
294;D;A;C;B;B;A;D;D;A;A;A;C;C;D;C;D;B;C;C;C;D;B;C;C;D;A;D;A;D;C;A;A;B;B;A;A;D;B;C;C;C;A;D;C;C;A;D;B;A;C;B;B;B;C;D;A;D;B;C;B;B;C;D;A;B;D;B;D;D;C;A;D;C;D;D;C;D;B;C;D;D;D;A;D;B;D;A;D;C;D;A;C;C;D;B;D;A;D;C;D;2601660
300;D;C;C;C;A;C;B;D;A;A;B;D;A;D;C;C;B;A;B;A;B;B;C;B;A;C;C;D;C;C;A;B;A;D;D;D;D;C;C;C;C;A;D;C;C;A;B;B;B;D;A;D;A;C;D;A;A;B;C;B;B;C;C;A;D;D;B;D;D;B;C;D;D;C;C;C;B;B;C;B;C;D;C;C;C;D;D;B;C;D;B;C;B;D;B;C;C;A;B;D;2601520
301;D;D;C;C;B;A;C;D;A;B;B;D;A;D;A;B;B;A;C;C;B;C;C;A;A;A;C;D;D;C;A;B;B;B;A;D;B;C;C;C;B;A;D;C;B;A;D;B;A;C;B;A;B;C;D;A;A;B;C;B;A;C;B;A;B;D;B;B;D;B;A;D;D;C;C;C;C;B;D;D;B;D;C;A;B;D;C;D;B;D;A;B;C;A;B;C;C;C;C;D;2593220
305;D;C;C;A;C;A;B;A;A;A;B;D;A;D;C;D;B;C;C;A;D;B;C;A;A;C;D;C;D;D;A;B;B;B;C;D;A;C;C;D;D;A;D;C;C;A;C;B;A;C;B;D;C;C;D;D;A;B;C;B;A;C;C;A;A;D;A;C;C;C;B;D;D;D;C;C;C;B;C;D;B;D;B;C;C;B;C;C;B;B;A;B;C;D;D;C;C;D;A;B;2602630
308;A;A;C;B;D;A;A;A;A;A;A;C;D;D;C;A;B;B;B;C;B;D;D;B;C;C;B;C;C;A;A;C;B;B;B;D;A;C;C;C;B;A;D;C;B;D;B;B;A;C;B;B;C;C;D;C;D;B;C;B;A;C;D;B;B;D;B;D;D;D;D;B;D;B;C;C;B;B;D;A;C;D;B;D;D;B;A;C;C;D;A;B;B;B;B;A;B;C;B;D;2589860
309;D;B;C;C;D;A;C;D;A;B;B;D;A;D;B;D;B;A;C;C;B;C;C;B;A;C;D;C;C;C;A;C;B;B;B;D;D;C;C;A;B;A;D;C;C;A;D;B;B;D;B;B;B;C;D;A;D;B;C;B;A;C;C;A;A;D;B;D;C;C;C;B;D;C;A;C;C;B;A;A;C;C;C;D;C;D;C;D;C;D;D;D;B;D;D;C;B;C;C;D;2586820
313;A;C;C;C;B;A;C;B;A;A;B;D;A;A;C;B;B;C;B;A;B;C;C;A;A;C;D;D;D;D;A;B;B;B;C;D;A;C;C;B;B;B;D;C;B;A;D;B;A;C;A;A;A;B;D;A;D;B;C;B;A;C;D;C;A;D;B;D;B;D;A;A;D;C;C;C;B;B;C;A;C;C;B;C;B;D;C;D;B;D;A;B;C;D;D;C;B;C;B;D;2594090
317;D;C;C;C;D;A;C;D;A;B;A;D;A;D;A;D;B;A;C;A;B;C;C;C;A;C;D;D;C;C;A;C;B;B;B;A;D;C;C;C;C;A;D;C;C;A;D;B;B;C;B;B;A;C;D;A;D;B;C;B;B;C;C;C;B;D;C;D;C;B;C;B;D;C;B;B;B;B;D;A;C;D;B;D;D;D;C;C;C;D;B;C;C;D;B;C;C;C;C;D;2551930
319;B;A;C;C;B;A;C;D;A;A;B;D;A;D;C;B;B;A;C;C;B;C;C;A;A;C;C;D;A;C;A;C;B;B;B;A;D;C;C;D;B;A;D;C;C;A;D;B;A;D;D;D;A;B;D;B;A;B;C;A;A;D;C;C;A;D;B;A;C;B;D;B;D;C;C;C;B;D;C;D;A;D;A;C;B;B;C;D;C;D;A;C;B;D;B;D;A;D;C;D;2582840
322;A;A;C;B;D;A;D;D;A;A;B;D;A;D;B;B;B;C;C;A;B;C;C;B;A;C;C;D;C;D;A;C;B;B;C;D;D;C;C;C;B;A;D;C;B;A;D;B;A;C;B;D;A;B;D;A;D;B;C;B;A;C;C;A;A;D;B;D;D;D;A;D;D;C;C;C;D;B;A;A;C;C;B;A;B;B;C;D;C;D;B;C;B;D;C;D;C;D;C;D;2602920
325;D;A;C;B;D;A;C;B;A;B;B;D;A;C;A;D;B;A;C;C;B;C;C;A;A;A;C;C;C;D;A;B;B;B;A;D;A;C;C;C;B;A;D;B;B;A;D;B;A;C;B;B;B;C;D;A;D;B;D;B;B;C;C;A;B;B;B;D;C;B;C;D;D;C;C;B;C;B;C;A;B;D;B;B;B;C;A;D;A;D;A;B;B;D;B;C;A;D;B;B;2590590
327;D;A;C;B;B;A;B;B;A;A;B;D;A;D;C;D;B;A;C;A;B;D;C;A;A;C;D;D;C;A;A;B;B;B;C;A;D;C;C;C;B;A;D;C;C;A;D;B;A;C;B;B;A;A;D;A;A;B;C;B;A;C;D;A;A;B;B;D;C;B;A;A;D;C;C;C;B;B;C;D;B;D;C;C;D;B;C;D;C;B;A;B;B;B;B;C;A;D;D;D;2597800
331;D;D;C;B;B;A;C;B;A;B;B;D;A;D;C;D;B;A;C;C;B;C;C;A;A;C;D;D;C;D;A;B;B;D;B;D;D;D;C;C;B;A;D;C;B;A;D;B;B;D;D;A;B;B;D;A;B;D;C;B;A;C;D;C;D;D;B;C;C;B;C;B;C;C;A;C;C;B;C;C;A;C;A;C;B;B;C;D;C;C;A;C;A;C;D;C;C;C;A;B;2597960
332;D;A;C;C;B;A;C;D;A;B;B;D;A;D;C;D;B;A;A;C;B;C;B;A;A;A;D;C;C;C;A;B;B;B;A;D;D;D;C;C;B;A;D;C;C;A;D;B;B;C;B;D;B;B;D;D;A;B;C;B;B;C;C;D;A;D;B;D;D;B;D;D;B;C;C;C;D;D;C;D;D;D;B;C;D;B;C;D;B;B;A;C;B;B;C;D;C;D;A;B;2607740
336;A;D;C;B;A;B;B;D;A;A;B;D;A;D;C;D;B;A;C;A;B;C;C;A;C;C;D;D;C;B;A;C;B;B;C;A;D;C;C;C;B;A;D;C;B;A;B;B;A;D;D;B;A;A;D;A;D;B;C;B;B;C;C;A;B;D;B;D;D;B;A;D;D;C;C;C;D;B;D;A;A;D;B;C;C;B;C;D;A;D;A;B;B;D;B;A;C;C;C;D;2582840
337;D;B;C;D;B;A;C;A;A;A;B;D;C;A;C;D;B;B;C;C;B;B;B;B;C;B;D;D;D;B;A;A;C;D;A;C;A;D;C;D;C;A;D;B;C;C;D;D;A;C;D;A;C;D;D;D;A;D;C;A;A;C;B;A;B;D;B;C;C;C;C;D;D;D;C;B;D;D;C;D;B;D;A;C;A;B;D;B;A;B;C;B;B;D;B;B;D;C;C;D;2602800
340;A;A;C;A;A;A;C;C;A;D;A;C;A;D;B;C;B;C;C;C;D;C;C;B;D;A;D;C;A;B;A;B;B;B;C;D;B;D;C;C;B;A;D;D;D;A;D;B;A;A;B;A;A;A;D;A;A;B;C;B;B;C;D;A;A;D;B;C;C;B;D;D;A;B;C;C;B;A;C;C;A;C;B;D;C;D;C;D;A;B;A;C;B;B;B;C;A;D;D;C;2602930
341;A;D;C;B;C;A;A;A;C;A;B;C;A;D;B;D;B;A;C;C;B;C;B;C;D;C;C;D;A;D;A;A;B;B;B;D;A;A;C;C;B;A;C;B;D;A;D;B;A;D;B;D;A;C;D;A;A;B;C;A;A;C;D;C;B;D;B;B;C;B;D;B;D;C;C;C;B;B;D;C;A;D;C;D;D;D;C;C;C;C;A;C;A;B;D;D;A;B;A;B;2602930
343;D;D;C;C;B;A;A;B;C;A;B;D;A;D;D;D;B;A;C;C;B;C;C;C;D;A;D;D;A;C;A;C;A;B;D;D;A;C;C;C;C;A;D;C;B;A;D;B;A;D;B;B;B;C;D;A;A;D;C;A;A;D;C;B;A;D;B;B;D;B;D;B;B;C;B;A;D;A;D;A;A;A;B;C;A;B;C;D;D;B;A;D;B;C;D;C;D;D;D;C;2597630
346;D;A;C;C;D;B;B;A;A;A;B;B;D;D;C;D;B;A;C;C;B;B;D;A;C;A;D;D;C;C;A;C;B;D;D;D;D;D;C;C;B;A;D;C;B;A;A;B;A;C;B;D;A;C;D;C;A;B;C;A;A;D;C;C;B;D;B;B;C;D;D;B;A;B;C;C;D;D;C;A;D;D;B;C;D;D;D;D;A;C;C;B;B;C;D;C;D;C;C;B;2602850
348;B;A;C;B;A;A;D;B;A;C;B;C;D;A;B;D;B;A;C;D;D;C;C;C;C;C;D;A;A;D;A;B;B;B;D;B;A;D;C;D;C;A;D;D;C;A;D;D;A;C;B;B;B;A;D;A;B;A;D;B;A;A;D;A;B;D;B;D;D;C;C;D;A;C;C;A;D;B;C;A;B;D;D;B;B;B;C;B;A;D;C;B;C;D;D;C;C;D;C;C;2588510
359;A;A;C;B;B;A;C;A;A;A;B;D;A;D;C;B;B;A;C;C;B;C;C;C;C;C;B;C;D;D;A;C;B;B;C;D;A;D;C;D;B;D;D;C;C;A;D;B;A;C;B;D;A;B;D;C;B;B;C;B;B;C;C;C;A;D;B;C;C;B;D;D;C;D;C;C;B;B;D;A;A;D;D;D;D;C;C;D;C;A;A;B;B;D;D;C;B;D;C;D;2602600
364;C;A;C;B;B;A;C;D;A;A;B;D;A;D;C;B;B;A;C;D;B;C;C;C;D;A;C;C;C;B;A;C;B;B;C;A;B;C;C;D;B;A;D;C;D;A;D;B;A;C;B;B;A;D;D;C;D;B;C;B;B;D;C;C;B;D;B;C;C;D;C;D;B;C;A;C;D;B;B;C;B;C;B;D;D;C;C;A;B;B;A;C;B;B;A;C;A;D;C;B;2602920
368;A;D;C;A;C;A;C;B;A;A;B;D;A;D;A;C;B;A;C;C;D;B;D;A;A;C;D;A;D;B;A;A;A;B;C;D;A;C;C;A;B;A;D;C;C;A;D;B;A;C;B;C;A;C;D;A;D;B;C;B;A;C;C;A;A;B;B;D;D;D;A;D;A;B;C;C;D;D;D;A;B;D;C;A;D;D;C;D;A;B;A;B;B;D;A;C;C;D;C;D;2596670
372;A;A;C;B;A;A;D;A;A;A;B;D;A;D;C;D;B;A;C;C;B;B;C;A;A;C;D;D;A;D;A;A;B;B;D;D;D;C;C;C;B;A;D;C;B;A;D;B;B;C;B;B;A;B;D;D;A;B;A;B;A;C;C;A;B;B;B;D;D;C;A;B;B;C;C;C;B;B;B;C;D;D;B;C;B;D;C;D;A;B;A;B;C;D;A;D;A;D;C;B;2600490
373;B;D;C;B;C;B;B;B;B;B;B;C;A;D;C;D;C;D;C;B;B;D;D;A;C;C;B;C;A;C;B;B;B;B;C;A;B;C;C;A;C;A;D;B;A;D;D;B;A;C;B;B;A;C;D;A;D;B;C;B;B;A;C;D;D;D;B;C;D;C;A;D;A;B;C;C;D;A;D;D;B;D;C;D;D;A;A;D;A;C;A;A;C;B;D;D;B;C;B;D;2607730
376;A;D;C;A;B;A;C;D;A;A;B;D;A;D;C;C;B;C;C;A;B;C;C;B;A;A;D;C;A;C;A;C;B;B;D;A;A;C;C;C;B;A;D;C;B;A;D;B;B;D;A;B;A;C;D;A;D;B;C;B;B;C;D;C;A;D;B;D;D;C;C;D;D;C;C;C;D;B;D;D;A;A;B;C;D;D;C;D;C;A;A;C;B;C;B;C;B;C;A;D;2597970
377;D;A;C;C;D;A;B;A;A;A;B;D;A;D;C;D;B;A;C;C;B;C;C;A;C;C;D;C;D;A;A;B;B;B;D;A;D;C;C;C;C;A;D;D;C;B;D;B;A;C;B;B;A;C;A;A;D;B;C;B;C;B;B;A;A;D;B;C;D;B;D;B;A;C;C;C;C;A;D;C;B;D;A;D;B;B;C;A;A;B;A;C;B;B;D;C;A;D;C;D;2596820
380;D;D;C;B;D;A;C;B;A;A;A;D;D;A;C;D;B;A;C;A;B;D;C;C;D;C;B;A;A;B;A;A;B;B;A;D;A;D;C;C;D;A;D;C;B;A;D;B;A;C;B;B;A;C;D;A;A;B;C;A;A;C;C;C;A;D;B;C;C;C;A;D;A;C;C;A;A;A;C;C;B;D;B;B;D;C;B;D;A;C;A;B;B;B;B;A;A;D;C;C;2593770
384;A;A;C;C;D;A;D;D;A;A;B;D;A;D;B;D;B;A;A;C;B;C;C;A;C;C;D;D;D;A;A;A;B;B;D;B;D;D;C;C;B;A;D;C;C;A;D;B;A;D;B;B;A;C;D;A;A;B;C;B;A;C;C;B;A;D;B;C;D;A;A;D;D;B;A;C;D;B;C;A;B;C;D;D;B;B;C;D;A;D;A;B;C;C;B;C;B;C;C;B;2594100
386;D;D;C;B;B;A;D;B;A;A;B;D;A;D;B;D;B;A;C;D;B;C;C;A;D;C;C;D;D;C;B;C;C;B;B;X;D;C;C;B;C;A;D;C;C;A;D;B;C;A;B;A;C;C;D;A;D;B;B;B;D;C;C;A;A;D;B;D;D;A;D;B;D;C;C;A;D;A;C;C;C;A;D;C;C;B;C;D;A;B;A;C;B;B;D;B;C;D;B;D;2607810
389;B;A;C;B;B;A;D;B;A;A;B;D;D;A;B;D;B;C;B;B;B;C;C;B;C;A;D;C;C;D;B;C;B;A;A;D;A;B;C;C;C;A;D;C;B;A;D;D;A;C;B;B;B;D;D;A;D;B;C;B;B;C;C;A;D;B;B;C;C;C;D;D;D;B;D;C;D;B;A;D;B;D;B;C;C;B;C;D;A;C;A;B;B;B;A;C;D;D;C;C;2602070
390;D;A;C;C;A;A;B;D;A;A;B;C;A;D;D;D;B;C;A;C;B;C;C;A;D;C;D;D;D;D;A;A;B;B;C;D;D;B;C;C;B;A;D;C;C;A;D;B;A;C;B;B;C;C;D;D;D;B;C;B;A;C;C;A;D;D;B;C;C;B;D;D;D;C;B;C;D;B;A;C;D;D;D;C;B;C;C;D;A;D;A;B;B;C;D;C;D;D;A;D;2601850
391;A;A;C;B;C;A;A;B;A;A;B;D;A;D;B;D;B;A;B;D;B;D;D;C;D;C;C;D;C;C;A;C;B;B;D;D;D;C;C;C;B;A;D;C;B;A;D;B;A;C;B;D;A;D;D;A;D;B;C;B;A;C;C;C;A;D;B;B;C;D;A;B;D;C;C;C;B;B;D;D;A;C;C;D;D;C;C;A;A;B;C;B;B;D;D;C;D;D;C;D;2594710
392;D;B;C;B;A;A;C;B;A;A;B;D;A;D;A;D;C;A;C;B;B;A;C;C;D;A;D;C;D;B;A;A;B;B;A;B;D;D;C;C;C;A;D;C;D;A;B;B;A;C;D;B;A;A;D;A;D;B;C;B;B;C;C;C;D;D;B;B;C;C;C;D;D;B;A;C;C;C;D;C;B;D;B;D;D;C;B;D;A;B;B;D;C;D;B;D;A;A;A;B;2602570
393;D;A;C;B;D;A;D;C;A;B;B;D;D;D;C;D;B;A;C;C;B;C;D;C;A;A;D;C;C;A;A;B;A;B;C;D;B;A;A;B;B;A;D;C;B;A;D;B;A;C;C;A;C;B;D;A;A;B;C;B;B;C;C;A;A;D;B;B;C;D;A;D;D;C;A;C;C;B;D;A;C;D;B;C;B;B;A;D;A;D;C;C;B;D;A;C;A;D;D;D;2598450
396;B;A;C;B;A;A;D;C;A;A;B;D;A;D;C;B;B;A;C;A;B;C;C;A;A;C;D;D;B;C;A;B;B;A;A;D;D;C;C;D;B;A;D;C;B;A;D;B;A;C;B;B;A;C;D;A;D;B;C;B;B;C;C;A;A;D;B;D;D;B;C;D;D;C;A;C;D;D;C;A;C;D;C;D;B;B;C;D;C;D;A;C;B;D;D;A;A;C;D;D;2596730
398;D;A;C;C;D;A;D;B;A;A;B;D;A;D;C;D;B;A;D;C;B;C;C;A;A;C;D;A;C;A;D;C;B;B;B;D;D;C;C;C;B;A;D;C;D;A;D;D;A;C;B;B;A;D;D;A;D;B;C;B;A;C;C;B;A;D;B;C;D;B;C;B;D;C;C;C;B;D;D;A;C;D;D;C;C;C;C;D;B;D;A;C;C;B;A;C;B;D;C;B;2594430
399;C;A;C;C;B;A;A;A;A;A;B;D;C;D;B;A;B;A;C;C;B;C;C;B;C;C;C;D;A;D;A;C;B;D;B;D;B;C;A;C;B;A;B;D;C;B;D;B;A;C;D;B;A;B;D;A;C;B;C;A;A;C;C;A;A;B;B;B;D;B;A;C;D;B;A;D;A;B;D;A;A;A;C;D;B;C;C;D;B;B;A;C;C;B;B;C;A;C;C;B;2607540
401;A;A;C;B;B;A;D;D;A;A;B;D;A;A;B;C;B;C;C;C;B;C;C;B;C;C;D;C;C;D;A;B;B;B;D;D;D;C;C;C;B;A;D;C;B;A;B;B;A;C;B;B;C;C;D;A;D;B;C;B;A;C;C;D;A;D;B;B;C;C;A;B;D;C;A;B;D;B;D;A;B;C;B;A;B;B;C;D;C;D;A;C;B;D;C;C;A;D;C;B;2605500
402;B;A;C;B;B;A;C;D;A;A;B;D;A;D;C;B;B;A;A;A;B;D;C;A;C;C;D;C;C;A;A;D;B;B;B;D;A;C;C;C;B;A;D;C;B;A;D;B;A;C;B;B;A;C;D;A;D;B;C;B;A;C;C;A;A;B;B;D;C;C;A;B;B;C;C;C;C;B;C;A;C;C;D;D;B;B;C;D;C;D;A;B;B;D;D;C;A;A;C;D;2585910
406;A;A;C;B;C;A;B;D;A;A;B;D;D;D;B;B;B;A;C;C;B;C;C;A;A;C;D;D;C;C;A;B;B;B;C;D;D;D;C;C;B;A;D;C;C;A;D;B;A;C;B;B;C;C;D;D;D;B;C;B;A;C;C;A;B;D;A;B;C;A;A;A;D;C;C;C;B;C;C;A;C;D;B;D;B;C;C;D;C;B;A;C;B;D;D;A;A;D;C;D;2594980
407;C;C;C;C;C;A;C;B;A;A;B;D;A;D;C;D;B;D;C;C;B;C;C;A;C;A;D;A;C;C;A;B;B;D;C;C;C;C;C;C;D;A;D;C;B;A;D;B;A;C;B;D;A;D;D;C;D;B;C;B;A;C;C;C;A;C;B;D;D;D;C;D;C;C;C;C;C;B;D;D;B;D;B;C;B;B;C;D;B;D;A;B;B;B;D;C;A;C;C;B;2592290
408;D;D;C;B;D;A;C;B;B;B;B;B;A;A;C;A;B;A;C;A;B;C;C;A;A;A;D;D;D;D;A;B;B;B;C;D;D;D;C;C;B;A;D;C;B;A;D;B;A;C;B;B;D;C;D;A;D;B;C;B;A;C;C;B;B;D;B;C;C;C;C;B;D;C;C;C;C;A;C;A;A;D;B;A;B;B;C;D;C;D;A;C;B;D;D;C;A;D;C;D;2585120
409;D;A;C;C;B;A;B;A;A;B;B;D;A;C;C;D;B;A;C;A;B;B;C;B;C;C;C;D;C;A;A;A;B;B;D;A;D;D;C;A;B;D;D;C;C;A;D;B;A;D;B;B;A;B;D;D;A;B;C;B;B;C;C;B;B;D;B;C;D;B;A;B;D;C;A;C;D;C;A;A;C;C;B;C;D;A;C;D;C;D;A;B;C;A;D;C;D;C;A;A;2593270
410;B;A;C;B;A;A;D;D;A;A;B;D;A;A;C;D;B;A;D;C;B;C;C;A;A;C;D;D;C;A;A;A;B;A;A;D;A;D;C;A;B;A;D;C;C;A;C;B;A;D;B;B;A;C;D;C;D;B;C;B;A;C;C;C;B;B;B;C;C;C;A;B;D;C;C;C;D;B;D;A;A;D;B;A;B;B;C;D;C;B;C;C;B;C;D;D;B;D;B;D;2602970
414;A;D;C;C;D;A;A;D;A;B;B;D;A;D;C;D;B;A;C;C;B;C;C;B;A;C;C;D;A;C;A;B;B;B;C;A;D;C;C;C;C;A;D;C;B;A;D;B;A;C;B;B;A;C;D;D;D;B;C;B;A;C;C;B;A;D;B;D;D;A;C;D;D;C;A;C;D;C;C;A;C;A;B;C;B;B;C;D;C;B;B;B;B;D;B;D;A;D;D;D;2601150
417;D;B;C;B;D;A;C;A;A;A;B;C;A;D;D;C;B;D;C;C;D;C;C;A;C;C;D;D;A;A;A;B;B;D;A;D;D;A;C;C;C;A;D;C;D;A;B;B;A;B;B;B;B;B;D;A;C;B;C;B;B;C;D;A;B;B;B;D;C;B;A;B;D;C;A;C;D;B;A;C;B;A;C;C;C;D;C;A;B;D;A;C;C;D;B;B;A;D;C;A;2592070
418;D;C;C;B;D;A;C;D;A;A;B;D;A;D;C;A;B;C;C;C;B;C;C;A;A;C;D;D;C;D;A;B;B;B;C;D;D;C;C;C;B;A;D;C;B;A;D;B;A;D;B;B;A;C;D;A;D;B;C;B;A;B;C;A;A;D;B;C;D;C;A;B;D;C;C;C;D;C;A;A;C;B;C;C;B;D;C;D;C;D;C;B;B;A;B;A;B;A;C;D;2580920
424;A;D;C;B;A;A;C;D;A;B;B;D;A;C;C;D;B;C;C;A;D;C;C;A;A;C;D;C;C;A;A;B;B;B;B;D;D;C;C;C;C;A;D;C;B;A;B;B;A;C;B;B;A;D;D;A;D;D;C;B;A;D;C;B;A;D;B;B;C;B;C;B;A;C;C;C;D;B;C;A;B;D;B;A;C;B;C;D;B;B;A;B;B;D;D;A;A;D;C;B;2602690
427;D;A;C;A;D;C;D;A;A;A;B;D;A;D;C;C;B;B;A;C;B;C;C;A;C;C;D;D;C;D;A;B;B;B;B;A;A;C;C;C;B;A;D;C;B;A;D;B;A;C;B;B;A;C;D;A;D;B;C;B;A;C;C;A;D;D;B;C;D;A;C;D;D;C;C;C;C;A;A;A;A;C;A;A;B;B;C;D;C;C;A;C;C;A;D;D;A;D;A;D;2589990
433;B;A;C;B;D;A;D;D;A;A;B;D;A;D;B;B;B;A;C;A;B;C;C;A;A;C;B;D;C;D;A;B;B;B;D;D;D;C;C;C;B;A;D;C;C;A;D;B;A;C;B;B;B;C;D;D;D;B;C;B;A;C;C;D;A;D;B;D;C;B;C;B;D;C;C;C;A;B;C;C;C;C;A;C;B;B;C;D;C;D;A;C;B;A;D;C;D;D;C;B;2602140
434;D;A;C;B;D;A;C;B;A;A;B;A;A;D;B;B;B;D;C;D;D;C;C;A;C;C;B;D;D;B;A;A;B;B;C;D;D;C;C;C;B;A;D;C;B;A;D;B;B;C;B;B;A;B;D;A;D;B;B;A;A;C;C;A;A;D;B;C;D;C;D;B;D;C;C;C;B;A;A;A;C;D;B;D;D;B;A;D;B;D;A;C;B;D;B;D;A;C;C;D;2600710
438;D;A;C;C;D;A;D;C;A;A;B;D;A;D;B;D;B;A;C;C;B;C;C;C;D;A;B;D;A;D;A;C;D;B;C;D;B;C;C;C;B;A;A;C;C;A;D;B;A;C;B;B;A;A;D;A;D;B;B;B;A;C;C;A;D;D;B;C;D;B;C;B;D;C;C;C;D;A;C;A;C;C;A;C;B;B;C;D;A;D;C;C;B;B;D;D;B;D;D;C;2594740
446;A;A;C;B;A;A;C;D;A;A;B;D;A;D;D;A;B;A;C;A;B;C;C;A;A;C;D;D;C;D;A;B;B;B;A;D;D;B;C;C;B;A;D;C;C;A;D;B;A;C;B;B;A;A;D;D;D;B;C;B;A;C;C;A;A;D;B;D;C;A;A;D;A;C;C;C;D;D;C;C;A;D;B;C;D;A;C;D;A;D;A;C;C;B;D;D;C;D;B;D;2593970
447;D;D;C;B;B;A;A;D;A;A;B;D;A;D;B;A;B;A;B;A;B;C;C;A;A;C;D;A;A;D;A;A;B;B;B;D;A;D;C;A;B;A;D;D;B;A;D;B;A;D;D;B;A;D;D;A;A;B;C;B;A;C;C;C;D;D;B;C;D;D;A;D;A;C;C;C;B;B;B;A;C;C;C;B;B;D;C;D;C;D;B;C;B;D;C;C;D;C;B;D;2588800
457;D;D;C;B;D;C;C;B;A;D;B;D;A;D;B;D;B;A;C;A;D;C;D;A;D;C;D;D;C;C;A;B;B;B;D;D;D;C;C;B;B;A;D;D;B;A;D;B;A;D;B;B;A;C;D;A;C;B;C;B;A;C;C;C;A;D;B;D;D;C;C;B;D;C;C;C;D;D;C;A;A;D;C;A;D;B;A;B;D;D;C;D;B;D;B;C;B;C;C;B;2587030
458;B;D;C;B;D;B;C;A;A;A;B;C;A;D;D;C;B;A;C;C;B;C;C;B;D;C;D;A;C;C;A;A;B;B;C;B;B;D;C;C;B;A;D;A;B;A;D;B;A;D;B;D;A;D;A;D;D;B;D;A;B;C;C;A;A;D;B;C;C;B;A;D;D;C;A;C;D;A;C;A;D;D;B;A;D;C;C;D;A;D;A;B;B;A;B;D;B;C;C;D;2605090
460;B;D;C;A;A;A;C;B;A;D;B;D;A;D;C;B;B;A;C;A;B;B;A;B;C;A;C;D;C;C;A;C;D;B;C;D;A;B;C;C;B;A;D;D;B;A;D;D;A;A;D;B;D;C;D;A;A;B;C;D;A;C;C;B;A;B;B;C;C;A;C;B;A;C;C;A;D;D;B;A;D;A;B;C;B;C;C;D;A;C;A;C;B;D;D;C;A;D;C;C;2579780
464;D;D;C;C;D;A;C;D;A;A;B;B;C;D;A;A;D;A;C;C;B;C;C;A;A;C;D;A;C;D;A;B;B;B;C;D;D;C;C;C;B;A;D;C;B;A;D;B;A;C;B;B;C;C;D;A;D;B;C;A;A;C;C;A;B;D;B;B;C;B;A;D;D;C;C;C;D;B;D;A;A;D;C;A;B;D;A;D;A;A;A;C;B;B;D;B;A;D;C;D;2598060
469;A;A;C;B;A;A;D;D;A;A;A;D;A;D;C;D;B;A;C;C;D;D;C;A;D;C;C;D;D;D;A;B;B;B;D;A;D;C;C;C;B;A;D;C;B;A;C;B;B;C;B;B;C;C;D;A;D;B;C;A;A;C;C;A;A;D;B;D;D;C;C;B;D;C;D;C;D;B;A;A;A;C;B;A;D;B;C;A;C;D;D;D;C;D;B;C;D;D;A;D;2594840
470;A;C;C;A;D;A;C;D;A;A;B;D;A;D;C;A;B;D;C;B;B;C;B;C;A;A;D;D;A;C;A;B;B;B;C;A;D;B;C;C;C;C;D;C;B;A;D;B;B;C;B;B;A;B;D;A;A;B;C;B;A;C;C;B;A;B;A;B;D;D;A;D;D;C;A;C;B;B;D;C;B;D;B;A;B;B;C;D;A;D;A;D;C;D;D;C;A;A;C;D;2602130
471;A;B;C;D;B;A;C;D;A;A;A;D;A;D;C;D;B;A;C;C;B;C;C;A;D;C;D;C;B;C;A;B;B;B;C;D;A;D;C;C;B;A;D;C;D;A;D;B;A;D;B;B;A;C;D;A;D;B;C;A;A;C;C;B;A;D;B;D;D;B;A;D;D;C;C;C;B;B;C;C;C;C;A;C;B;D;C;D;C;D;A;D;B;C;D;C;B;D;C;D;2587850
473;D;A;C;D;B;B;C;C;A;A;B;A;A;D;C;D;B;D;C;A;B;B;C;B;D;A;D;B;B;B;A;A;B;D;D;A;A;C;C;C;C;A;D;C;D;A;B;B;B;A;A;B;A;D;D;A;D;B;C;B;D;C;C;A;A;D;B;D;C;D;D;B;D;B;A;C;C;A;A;D;B;D;D;C;C;D;C;D;A;B;B;C;B;D;B;D;B;C;A;A;2600040
478;A;A;C;B;B;A;C;D;A;A;B;D;A;D;D;C;B;A;C;C;B;C;C;B;C;A;D;D;C;A;A;C;B;B;C;D;D;C;C;C;B;A;D;C;D;A;D;B;B;C;D;B;A;D;D;A;D;B;C;B;A;C;C;A;D;D;B;C;C;C;A;D;A;C;A;B;A;B;A;A;B;D;C;A;B;B;D;D;C;D;A;C;C;D;B;C;C;D;C;D;2587260
480;A;B;C;C;B;A;A;D;A;A;B;D;A;D;C;A;B;D;C;B;D;C;C;A;A;C;D;D;C;D;A;B;B;B;D;A;D;C;C;D;B;A;D;C;C;A;D;B;A;C;B;D;C;C;D;D;A;B;C;B;A;C;C;B;D;D;B;C;D;A;A;B;D;C;C;C;D;D;C;A;B;D;C;C;B;D;C;B;C;D;A;B;C;D;D;C;B;B;D;C;2590570
483;D;D;C;B;A;B;D;D;A;D;B;D;A;D;C;D;B;C;C;B;B;C;C;B;C;C;D;D;D;C;A;B;B;A;B;D;D;C;C;C;D;A;D;C;B;A;D;B;A;D;B;B;D;A;D;A;D;B;C;C;B;C;C;C;B;A;B;C;D;A;C;B;A;C;C;C;D;A;B;A;A;C;C;C;C;A;B;A;A;D;A;B;B;B;D;C;A;D;B;B;2594910
485;C;A;C;B;A;A;B;C;A;A;B;D;A;D;C;B;B;A;B;C;B;C;C;B;C;C;D;C;D;D;A;A;B;A;C;D;D;C;C;C;B;A;D;C;D;A;D;B;B;D;D;B;A;C;D;D;D;B;C;B;A;C;C;B;A;D;B;D;C;A;A;D;D;C;C;C;B;B;C;D;C;C;C;C;B;D;C;B;C;D;A;C;B;C;D;C;A;C;C;D;2594330
486;B;A;C;C;A;A;B;B;A;A;B;D;A;D;B;D;B;C;C;C;B;C;C;A;C;C;D;A;C;D;A;B;B;B;D;D;A;C;C;C;D;A;D;C;C;B;D;B;C;C;B;B;A;A;D;D;A;B;C;B;A;D;C;A;A;D;B;D;C;D;A;D;D;C;C;C;B;B;D;A;A;D;D;D;B;B;C;D;A;D;A;D;B;C;B;A;D;D;C;B;2602530
487;A;C;C;B;B;A;C;D;A;B;B;D;A;D;B;C;C;C;C;C;B;C;C;A;C;A;D;D;D;C;A;B;B;B;C;C;D;C;C;D;D;A;D;D;B;A;D;B;A;C;A;B;A;D;D;D;D;B;C;B;A;C;C;A;A;D;B;D;D;A;A;D;A;C;A;C;B;B;D;A;C;D;B;C;C;C;C;D;A;A;A;B;B;D;B;C;C;C;D;B;2571020
491;D;D;C;C;B;A;D;B;A;A;B;D;A;D;C;B;B;A;C;A;B;C;C;B;A;C;D;A;C;C;A;B;B;B;C;D;A;D;C;B;B;A;D;D;B;A;D;B;A;D;X;A;A;C;D;A;D;B;C;A;B;C;A;B;A;D;B;B;C;C;D;B;A;C;A;C;D;A;A;A;B;C;A;C;D;C;C;B;C;B;C;C;C;A;D;D;B;C;C;D;2551290
493;D;D;C;B;A;A;B;D;A;B;B;D;A;D;C;D;B;A;C;A;B;C;D;C;A;C;D;A;A;B;A;C;B;B;B;A;D;B;C;C;B;A;D;C;C;A;A;B;B;C;B;A;A;C;D;A;D;B;C;B;B;C;C;C;B;B;B;C;C;B;C;D;D;C;C;A;C;B;D;A;C;D;B;D;D;C;C;A;C;D;A;B;C;C;C;A;A;D;C;D;2592010
497;A;A;C;C;B;A;B;B;A;A;B;D;A;D;C;D;B;A;C;B;B;C;C;B;C;A;B;D;A;C;A;A;B;D;A;D;B;B;C;C;B;A;D;C;C;A;D;B;A;C;B;D;A;B;D;A;B;B;C;B;B;C;D;C;A;D;B;C;C;A;C;B;D;C;C;C;D;B;B;C;B;C;C;A;C;B;C;D;A;D;A;B;B;A;A;C;D;D;D;D;2602880
502;A;D;C;C;B;C;D;D;A;A;B;B;A;D;B;B;B;A;A;A;D;C;C;B;D;C;C;C;D;B;A;A;B;B;A;B;D;C;C;C;B;D;D;C;B;A;D;B;A;C;B;D;A;C;D;A;D;B;C;B;A;B;D;A;A;D;B;D;C;B;A;D;D;C;C;C;C;B;A;A;B;D;B;A;C;D;C;B;A;B;A;B;B;B;D;B;D;B;D;B;2607410
504;B;A;C;C;D;A;C;B;A;D;B;D;A;D;A;B;B;A;C;C;B;D;C;A;C;C;D;D;B;D;A;C;B;B;D;A;A;A;A;B;C;A;D;C;B;A;B;B;B;C;B;D;A;C;D;A;D;B;C;B;A;C;C;A;A;D;B;B;D;D;C;A;D;C;C;C;D;B;C;C;A;D;A;D;D;B;C;D;B;B;A;B;B;A;D;A;A;D;C;D;2587610
506;D;A;C;C;B;C;B;A;A;A;B;B;A;D;C;D;B;A;C;D;B;C;C;C;A;A;C;D;A;D;A;A;B;B;C;A;A;C;C;A;C;A;D;C;D;B;D;B;A;C;B;B;B;C;B;A;B;B;C;A;A;C;D;C;A;D;B;C;C;B;D;D;D;C;C;C;D;D;C;A;B;D;B;D;C;B;C;D;D;B;A;D;C;A;C;D;D;D;C;B;2552850
511;C;A;C;A;B;A;A;B;A;D;B;C;A;D;C;D;B;A;B;A;B;C;A;B;D;C;D;D;B;X;A;C;B;D;A;D;D;D;C;B;C;C;D;B;B;A;D;B;A;C;D;D;A;B;B;C;A;B;C;A;A;C;C;B;A;D;B;D;C;B;C;C;C;C;A;C;B;A;A;C;C;D;B;C;C;B;D;D;C;B;A;B;B;C;D;C;A;A;D;B;2601990
517;A;A;C;B;A;A;A;D;A;A;B;D;A;D;B;B;B;A;C;B;B;A;C;A;A;C;D;D;A;A;A;B;B;B;D;D;A;C;C;C;B;A;D;C;C;A;D;B;A;C;B;B;B;D;D;B;D;B;C;B;A;C;D;C;A;D;B;D;C;C;A;B;D;C;A;C;B;A;A;D;C;C;B;C;D;C;C;A;C;D;C;C;B;C;B;D;B;D;C;D;2602770
518;B;A;C;B;B;A;B;D;A;A;B;D;A;D;A;A;B;A;C;A;D;D;C;B;A;C;D;D;C;B;A;A;B;B;B;B;D;D;C;C;C;A;D;C;B;A;D;B;D;C;B;B;A;C;D;A;D;D;C;B;A;C;C;A;B;D;B;B;C;C;A;B;D;C;C;C;B;B;A;C;C;D;D;D;D;B;C;D;C;B;A;C;B;D;B;C;A;C;C;D;2602510
523;D;A;C;B;B;A;D;B;A;A;B;C;D;D;B;A;B;A;C;C;D;C;C;B;D;C;D;C;B;A;A;C;B;B;C;B;D;C;C;C;C;A;D;B;B;B;D;B;A;C;D;B;A;C;C;A;A;B;C;B;B;C;C;A;B;D;A;C;C;A;D;C;D;C;C;C;B;B;D;C;A;D;B;C;C;C;C;A;A;B;A;B;B;D;C;A;B;D;D;D;2579240
524;A;A;C;B;D;A;A;B;A;A;B;D;A;D;C;B;B;A;C;D;B;C;C;A;C;C;D;D;C;C;A;C;B;B;C;B;D;C;C;B;B;A;D;C;A;A;D;B;B;C;B;B;A;C;D;A;D;B;C;B;A;C;C;D;A;D;B;D;C;A;C;D;D;C;A;C;B;B;C;A;C;D;B;D;B;D;C;D;A;D;B;C;C;D;B;C;D;D;C;D;2579120
525;D;B;C;C;D;A;D;B;A;B;B;D;A;D;C;A;B;A;A;A;D;C;C;C;C;A;C;A;D;D;A;A;D;B;D;D;A;C;C;D;C;C;D;C;D;A;D;B;B;C;B;D;A;C;D;A;D;B;C;B;A;C;C;A;A;D;B;D;C;C;A;D;D;C;A;C;B;B;D;C;A;D;B;A;D;C;C;D;A;B;A;C;C;D;C;D;A;D;C;B;2589310
528;D;A;C;C;B;A;C;B;A;A;B;D;A;D;C;B;B;C;D;C;B;A;C;A;A;A;C;C;D;C;A;C;B;B;C;B;A;C;C;B;C;A;D;A;B;B;D;B;B;C;B;B;A;C;D;D;A;B;C;A;B;C;C;A;A;D;B;C;D;A;A;D;D;C;A;C;B;B;C;C;C;D;B;C;B;D;C;D;A;B;C;D;B;D;B;C;A;B;C;D;2601960
533;D;C;C;D;A;A;B;B;C;A;B;C;A;D;B;D;D;A;C;B;B;D;C;A;D;C;B;D;A;D;A;A;B;D;B;D;D;A;A;B;C;B;D;B;C;A;B;B;D;C;A;C;A;D;D;C;D;D;A;B;B;C;A;C;B;A;B;B;C;A;C;D;D;B;C;C;D;A;A;A;B;D;A;C;B;B;C;B;A;B;C;A;C;D;B;C;D;D;D;A;2601850
534;A;A;C;B;D;A;A;B;A;A;B;B;A;A;A;A;B;C;C;A;B;C;C;B;A;C;D;C;C;D;A;A;B;B;A;D;A;C;C;C;B;C;D;D;B;A;D;B;B;D;B;B;B;C;D;A;D;B;C;B;A;C;C;D;A;D;C;D;D;B;A;B;D;C;C;C;C;B;C;A;C;D;A;C;D;C;C;B;C;C;D;C;B;A;D;A;D;D;C;D;2598030
536;A;D;C;B;A;A;C;D;A;B;D;B;A;X;C;A;B;A;C;B;B;C;C;C;C;D;C;D;D;C;A;B;B;B;C;D;D;D;C;C;B;C;D;D;D;A;D;B;A;C;B;A;C;D;D;A;A;B;B;B;C;C;A;C;D;B;B;B;A;B;C;D;D;C;A;C;D;B;D;C;B;D;A;C;D;B;A;D;C;B;A;C;B;A;D;D;A;C;B;C;2603030
540;A;D;C;B;B;A;C;B;A;A;B;D;A;D;B;B;B;A;A;D;B;C;C;A;C;C;D;D;C;A;A;C;B;D;C;D;D;C;C;C;C;A;D;C;B;A;D;B;A;C;B;B;B;C;D;A;A;B;C;B;A;C;C;C;A;D;D;D;D;A;A;D;D;C;C;C;D;C;C;A;A;D;A;A;B;C;C;D;B;B;A;B;B;D;B;C;A;D;C;D;2597520
542;D;B;C;B;A;B;A;D;A;A;B;D;A;D;B;A;B;A;B;B;B;C;D;A;A;C;D;C;C;D;A;C;B;A;C;A;D;B;C;D;C;A;D;C;A;A;D;B;A;C;B;B;A;C;D;A;A;B;C;B;A;C;C;A;A;D;B;D;C;D;A;B;D;C;A;C;B;C;A;C;D;C;B;C;C;D;C;D;C;B;A;D;B;B;C;A;B;C;C;D;2607200
544;C;D;C;B;D;A;C;C;A;A;B;D;A;D;C;C;B;A;C;B;B;A;C;A;D;C;D;D;C;D;A;B;B;B;A;B;D;C;C;C;B;A;D;C;C;A;D;B;B;C;A;B;B;C;D;A;A;B;C;B;A;C;C;B;A;D;B;D;D;B;A;D;B;C;C;C;D;B;A;D;C;C;B;A;B;B;C;D;D;D;A;B;B;D;D;C;D;D;B;B;2602580
550;D;D;C;B;A;A;A;D;A;A;B;D;A;D;C;D;B;A;C;B;B;C;D;C;C;C;D;A;D;B;A;C;B;B;D;D;D;B;C;D;C;C;D;C;C;A;B;B;B;D;D;B;B;C;D;B;D;B;C;B;A;C;C;C;B;B;B;D;C;A;D;D;B;C;C;C;C;B;C;A;B;D;A;D;B;C;C;D;A;B;A;D;C;D;B;B;C;C;C;B;2588830
551;D;A;C;B;A;B;C;A;C;A;B;D;A;D;B;B;B;A;C;A;D;D;C;B;D;A;D;D;C;A;A;C;B;B;A;D;D;D;C;B;D;A;D;B;C;A;D;B;A;C;A;B;C;D;D;C;A;B;C;B;A;C;C;A;D;D;B;D;C;C;A;B;D;C;A;C;D;A;D;C;A;D;B;A;C;D;C;D;A;B;C;B;B;B;A;D;A;C;B;D;2605410
553;A;B;C;B;D;A;C;D;A;A;B;D;A;D;C;B;B;A;A;C;B;B;C;A;A;A;D;D;D;B;A;B;B;B;C;D;D;C;C;C;B;A;D;C;C;A;D;B;A;C;B;B;A;C;D;A;B;B;C;B;A;C;C;A;A;D;B;D;D;D;C;D;B;C;C;C;B;B;D;A;A;D;B;A;B;B;C;D;C;D;A;B;B;B;D;C;D;D;C;D;2601880
555;D;C;C;B;A;A;C;B;A;A;B;C;A;D;A;D;B;C;C;C;B;C;C;B;A;B;C;D;C;D;A;C;B;B;C;D;D;B;D;C;B;A;D;C;C;A;D;B;B;C;B;B;C;C;C;A;D;B;C;B;A;D;C;C;A;B;B;B;C;D;A;B;D;B;C;C;B;B;A;A;B;D;A;D;B;B;C;D;C;B;A;A;B;D;A;D;A;D;C;B;2602680
564;A;D;C;B;B;A;D;D;A;A;B;B;A;D;C;D;B;A;C;A;B;C;C;A;A;A;D;C;C;A;A;B;B;B;B;D;D;C;C;C;B;A;D;C;B;A;D;B;A;C;B;B;A;D;D;A;D;B;C;B;A;C;C;C;A;D;B;D;D;C;A;D;D;C;C;C;B;B;D;D;C;C;B;C;B;B;B;D;C;D;A;C;B;C;D;A;A;C;A;D;2602530
565;A;A;C;C;D;A;A;D;A;A;B;C;A;D;C;A;B;A;C;C;B;C;C;C;A;C;D;D;A;C;A;C;B;B;D;C;A;C;C;D;B;A;D;C;C;B;D;B;B;D;B;B;A;C;D;A;D;B;C;B;A;D;C;A;B;D;B;C;D;A;A;D;D;C;A;C;B;C;C;A;C;C;B;C;B;B;C;D;C;D;A;C;B;C;D;A;A;D;C;D;2602630
569;D;C;B;A;A;B;B;A;A;A;B;D;C;C;B;D;B;A;C;C;B;B;C;A;C;C;D;D;C;A;A;A;B;B;A;B;D;C;C;D;B;A;D;C;C;A;D;B;A;C;B;B;A;D;D;A;D;B;C;B;A;C;C;A;A;D;B;D;C;B;D;B;D;C;C;C;A;B;C;C;C;D;C;D;B;C;A;D;B;B;D;D;B;D;B;D;D;C;C;D;2602380
571;C;A;C;C;B;C;C;B;A;A;B;C;A;D;C;A;A;A;C;C;A;C;D;A;A;C;C;D;C;A;A;C;B;B;C;A;D;D;C;A;B;A;D;A;D;A;B;B;A;A;D;D;D;B;D;A;A;B;C;A;A;A;C;A;D;B;B;C;D;B;D;B;A;D;C;C;C;B;D;C;A;D;B;D;D;C;C;D;C;C;A;B;B;B;B;A;A;C;C;C;2602070
578;A;A;C;B;D;A;A;B;A;A;B;C;A;D;B;C;B;A;C;C;B;C;C;A;D;C;D;D;C;D;A;C;B;B;A;B;D;C;C;C;C;A;D;A;C;A;D;B;A;C;D;B;A;C;D;A;A;B;C;B;B;C;C;A;A;D;B;C;D;B;A;D;D;C;C;C;D;B;A;A;B;D;A;D;B;D;A;D;B;B;A;B;B;D;B;D;B;D;D;D;2589580
588;D;D;C;D;B;A;B;A;A;A;B;D;C;D;C;D;B;A;C;D;B;C;C;B;A;A;D;D;C;C;A;C;A;D;D;C;D;A;C;C;B;A;D;C;B;A;D;A;A;B;B;D;A;C;D;A;D;D;C;A;A;C;C;A;D;D;B;C;D;C;A;B;A;C;C;C;D;B;D;A;C;C;A;A;B;D;C;D;C;D;D;D;C;B;B;C;B;D;C;D;2601560
590;D;A;C;B;B;A;B;D;A;A;B;B;A;A;B;B;B;A;C;C;B;C;C;A;C;A;D;D;C;C;A;C;B;B;A;B;D;C;C;C;C;A;D;C;D;A;B;B;B;C;D;B;A;C;D;A;D;B;C;B;A;C;C;C;A;D;B;C;D;D;C;D;D;C;A;C;D;B;D;A;C;D;B;A;D;C;C;D;C;D;A;C;B;D;B;C;A;C;C;C;2587990
591;A;A;C;B;A;A;C;D;A;B;B;D;A;D;B;B;B;A;C;C;B;C;C;A;A;C;D;A;A;C;A;B;B;D;D;A;D;C;C;C;C;A;D;C;B;A;D;B;A;C;B;B;A;C;D;D;D;B;C;B;A;C;C;B;A;D;B;C;C;B;A;B;A;C;C;C;D;C;A;A;B;C;B;C;B;B;C;D;C;D;A;D;B;A;B;A;A;D;C;D;2602680
594;D;A;C;D;B;A;C;B;A;A;B;D;C;D;C;A;B;C;C;C;B;C;C;B;C;A;C;A;D;A;A;B;B;D;A;D;D;D;C;B;C;C;D;C;D;A;D;B;A;C;B;B;B;C;D;A;A;B;C;C;B;C;C;A;D;D;B;C;D;D;A;D;D;D;C;C;D;B;D;A;D;D;B;D;C;B;C;D;B;B;A;B;B;C;D;C;B;C;C;A;2598380
597;A;D;C;B;A;A;C;B;A;A;B;D;A;D;C;D;B;A;C;D;B;C;C;A;A;C;B;D;A;C;A;B;A;B;A;B;D;C;C;C;B;A;D;D;C;A;B;B;A;A;B;B;A;C;D;A;D;B;C;B;A;C;C;B;A;D;B;D;C;A;A;D;A;C;A;C;A;C;C;D;C;D;C;C;C;D;C;D;A;D;A;C;B;D;A;C;B;B;B;B;2593290
600;D;A;C;B;D;A;B;A;C;A;B;C;D;D;D;C;B;D;C;C;B;B;D;A;B;A;B;C;C;A;A;C;D;B;C;D;D;C;C;D;C;A;D;C;C;B;D;B;B;C;B;D;A;C;D;C;D;B;C;A;A;C;B;B;A;C;B;B;C;A;D;D;A;B;C;C;C;B;D;A;A;D;C;A;D;B;C;D;A;C;A;B;B;B;D;C;B;D;B;D;2586020
607;D;D;C;B;A;A;C;D;A;A;B;D;A;D;B;B;B;A;C;C;B;C;C;A;A;C;D;C;A;C;A;B;B;B;C;D;A;B;C;C;B;A;D;C;B;A;D;B;A;D;B;B;C;C;D;A;D;B;C;B;A;C;C;B;A;D;B;D;C;C;A;D;D;C;A;C;C;A;C;A;C;D;B;C;B;B;C;D;B;D;A;C;C;D;B;D;D;D;C;D;2603050
608;B;A;C;B;D;A;D;D;A;A;B;D;A;D;B;D;B;A;C;A;A;C;B;A;A;C;D;D;D;D;A;D;B;B;B;A;D;C;C;C;B;A;D;C;B;A;D;B;A;C;B;B;A;B;D;A;D;B;C;B;A;D;C;A;A;B;B;D;D;C;A;D;A;C;C;C;B;A;C;D;A;D;C;A;B;B;A;D;A;D;A;C;B;B;D;D;A;C;C;D;2596050
609;A;A;C;D;A;A;C;D;A;A;B;D;A;D;A;D;B;A;C;A;D;C;C;A;C;C;D;C;C;C;A;B;B;B;C;D;D;C;C;C;C;A;D;C;C;A;D;B;A;D;B;B;C;C;A;A;D;B;C;B;A;C;C;A;A;D;B;B;D;A;A;D;B;D;C;C;C;B;C;A;C;C;C;C;B;B;C;D;C;D;A;D;C;D;B;A;A;D;D;C;2602990
611;A;D;C;B;B;A;D;C;A;A;B;C;A;C;C;C;B;A;A;D;A;C;C;A;C;C;C;C;A;C;A;B;B;B;C;D;D;C;C;B;B;A;D;C;C;A;D;B;B;C;B;B;A;C;C;B;A;B;C;B;A;C;C;D;A;D;B;D;B;A;A;B;C;C;A;C;D;B;C;A;B;D;B;C;C;B;C;D;A;B;A;D;B;D;B;C;B;D;C;D;2593360
612;A;A;C;B;D;B;D;B;A;B;A;D;A;D;C;C;B;A;A;A;B;C;C;B;D;C;D;C;C;A;A;C;B;B;B;A;D;C;C;C;B;A;D;C;C;D;D;B;B;C;D;B;A;B;D;A;D;B;C;A;B;C;C;A;A;D;C;D;D;C;A;D;D;C;A;C;C;B;C;A;A;D;C;D;D;C;C;D;C;D;A;B;B;C;D;D;A;D;B;D;2602700
614;D;A;C;B;D;A;C;A;A;A;B;D;A;D;D;B;B;A;B;B;B;C;C;B;A;C;D;D;C;C;A;B;B;A;B;A;D;C;C;C;C;A;D;D;C;A;A;B;A;C;D;B;A;C;D;D;A;B;C;B;B;C;D;A;A;D;B;D;D;B;C;B;A;C;C;B;D;A;B;C;C;D;D;C;B;B;A;D;A;D;A;C;B;A;D;C;B;C;C;A;2586710
622;B;D;C;A;A;A;C;D;A;A;B;D;A;D;D;D;A;C;D;D;A;B;B;B;C;C;D;A;A;C;A;C;B;D;A;D;D;D;C;C;C;D;D;C;B;A;D;B;B;D;D;B;A;C;D;D;D;B;C;A;A;C;D;A;D;D;B;B;D;D;A;C;D;C;C;A;A;B;C;C;A;D;C;B;D;C;C;D;C;D;A;C;B;D;B;D;D;D;C;C;2607620
627;B;D;C;B;B;B;A;D;A;B;B;D;D;D;C;D;B;A;C;A;D;C;C;C;A;C;C;D;A;C;A;B;B;B;C;D;D;D;C;C;B;A;D;C;B;A;B;B;A;C;B;A;A;D;D;A;D;B;C;A;B;C;C;A;A;B;B;D;D;C;C;D;D;C;A;C;D;B;A;C;C;C;B;C;D;D;C;D;C;D;A;C;B;A;D;D;A;C;B;C;2586850
629;A;B;C;B;C;A;C;B;A;B;B;D;A;D;C;D;B;A;C;A;B;C;C;A;A;C;B;C;D;D;A;D;B;B;C;D;D;C;C;C;B;A;D;C;C;A;D;B;A;C;B;A;B;D;D;A;B;B;C;A;A;C;C;A;A;D;B;B;C;D;C;D;D;C;A;C;D;B;D;A;B;D;B;D;B;D;C;D;A;B;A;B;B;A;D;A;C;D;C;D;2597090
632;B;A;C;B;D;A;A;D;A;A;B;C;D;D;A;B;B;B;C;C;B;C;C;A;C;A;D;C;C;C;A;B;B;B;A;D;B;C;D;C;B;A;D;C;C;A;D;B;A;C;B;B;C;B;D;A;D;B;C;B;A;C;C;A;A;A;B;C;C;A;A;B;D;C;C;C;C;A;C;A;B;C;B;A;C;D;C;D;C;D;A;D;B;D;A;A;B;D;B;D;2597940
637;A;B;C;B;D;A;D;B;A;A;B;C;A;C;D;D;B;A;C;C;B;C;C;A;C;A;D;A;A;C;A;B;B;B;B;D;D;C;C;D;B;A;D;C;B;A;D;B;A;C;B;B;A;D;D;A;A;B;C;C;B;C;C;B;A;D;B;D;D;B;A;D;B;C;C;A;C;C;D;C;A;D;C;C;D;B;C;B;A;B;A;B;B;C;D;C;B;D;C;D;2591990
640;A;C;C;B;B;A;C;D;A;A;B;D;A;D;C;D;B;A;C;C;B;C;C;A;C;C;D;D;C;B;A;C;B;B;C;A;D;C;C;C;B;A;D;C;A;A;D;B;A;C;B;B;C;C;D;A;D;B;C;B;A;C;C;A;A;D;B;D;D;C;D;D;D;C;A;C;B;C;C;A;C;C;B;C;D;C;A;D;C;B;C;C;B;D;A;C;B;C;C;D;2596860
647;C;A;C;B;B;A;D;D;A;A;B;D;A;D;C;D;B;A;C;A;B;C;D;C;A;C;D;C;A;A;A;C;B;A;C;D;A;D;C;C;B;A;D;C;B;A;D;D;B;C;B;B;C;C;D;C;D;B;C;B;A;C;C;A;A;D;B;D;D;C;C;D;D;B;A;C;C;A;A;A;B;D;B;C;B;D;C;B;C;D;A;B;B;C;A;C;A;D;C;D;2584460
650;D;A;C;B;C;A;D;D;A;A;B;D;A;D;B;A;B;A;C;C;B;C;C;A;C;C;D;D;C;C;A;C;B;B;C;D;D;C;C;C;B;A;D;C;B;A;D;B;B;C;B;B;A;B;D;A;D;B;C;B;A;B;C;A;A;D;B;C;D;D;A;B;D;C;C;A;B;A;C;A;C;D;B;A;D;B;D;B;D;D;A;D;B;D;D;D;C;C;D;D;2596880
651;A;D;C;B;C;B;C;D;A;A;B;D;A;D;B;B;B;A;C;A;B;B;C;A;A;C;D;C;C;B;A;B;B;B;A;D;D;C;C;C;B;A;B;C;B;A;D;B;A;C;B;B;A;B;D;A;D;D;C;B;A;C;C;D;A;D;B;D;C;B;A;D;B;C;A;C;B;B;D;D;D;D;B;A;B;B;C;D;C;D;A;C;B;D;D;D;B;D;D;B;2583610
656;D;A;C;A;B;A;C;D;A;A;B;C;A;C;B;C;B;A;C;C;D;B;D;B;C;C;D;C;B;D;A;C;A;B;A;A;A;C;C;C;B;A;D;C;D;A;B;B;B;C;B;D;D;D;D;A;D;D;C;B;B;C;C;C;D;B;A;C;D;A;B;B;D;B;A;C;D;B;C;A;B;D;C;D;B;B;C;D;C;A;A;D;B;B;B;C;B;D;A;A;2602510
657;B;E;C;D;D;B;D;A;A;A;A;B;D;A;C;B;D;D;C;D;B;D;C;A;C;C;D;D;B;A;A;C;B;B;A;A;B;D;D;C;B;C;D;B;C;D;C;B;B;C;D;B;B;D;B;B;D;B;C;A;B;B;D;A;A;B;B;A;B;A;C;D;A;B;A;C;C;B;A;A;B;D;C;A;B;B;A;C;B;A;C;A;B;B;D;D;C;C;B;A;2601930
658;C;A;C;B;B;A;C;B;C;A;B;C;A;C;C;B;B;A;C;A;B;C;C;C;C;A;C;C;A;A;A;C;B;D;D;D;D;A;C;C;X;D;C;C;C;A;D;B;B;B;B;B;A;C;D;A;D;B;C;B;B;A;C;A;A;C;B;D;D;C;C;D;A;C;A;C;D;A;D;C;B;D;D;D;A;D;C;A;B;B;A;B;C;D;D;D;B;C;C;B;2601960
661;A;D;C;A;B;A;A;B;A;A;B;C;A;D;A;D;A;A;C;D;B;C;C;A;D;C;C;D;D;C;A;C;B;B;B;D;B;C;C;C;B;C;A;C;D;A;D;B;B;D;D;B;A;D;D;C;A;B;C;A;A;C;C;B;A;B;B;C;C;D;A;C;D;C;A;C;D;B;A;A;B;D;A;C;B;B;A;D;B;B;A;B;C;D;A;D;A;C;C;C;2595760
666;D;A;C;B;D;A;B;D;A;A;B;D;A;D;B;A;B;A;C;D;B;C;C;A;C;C;D;D;C;C;A;A;B;B;C;D;A;C;C;C;B;A;D;C;B;A;D;B;A;C;B;B;A;B;D;A;D;D;C;B;A;C;C;A;A;D;B;D;D;B;A;D;A;C;C;C;D;B;D;A;D;D;B;A;B;D;C;D;B;A;A;C;B;D;B;A;B;C;C;D;2572080
667;B;D;C;B;D;A;D;D;A;A;B;B;D;D;C;D;B;A;B;C;B;A;C;B;A;C;D;D;C;D;A;B;B;B;D;D;D;B;C;C;B;A;D;C;C;A;B;B;A;C;B;B;A;D;A;A;D;B;C;B;A;C;C;B;A;D;B;D;D;C;C;D;A;C;C;C;D;A;D;D;C;C;C;C;D;D;C;D;A;D;C;B;C;A;D;D;D;C;C;D;2587070
672;D;A;C;B;A;C;B;D;A;B;B;D;A;D;B;D;B;A;A;C;B;C;D;C;D;C;C;D;C;C;A;D;B;B;A;D;D;D;C;B;B;C;D;C;C;A;D;B;A;C;D;B;A;C;D;D;A;B;C;B;B;C;C;A;D;D;B;C;D;A;A;D;D;C;C;C;D;B;A;A;B;D;C;C;C;D;C;D;C;D;A;D;C;D;B;C;A;D;A;B;2603160
678;C;B;C;D;D;A;D;A;A;A;B;D;A;A;C;D;B;A;C;C;B;C;A;A;D;C;D;A;D;D;A;B;B;B;B;A;A;C;C;B;B;C;B;D;B;D;D;B;B;D;B;D;C;A;D;A;A;B;C;B;B;C;C;A;D;D;B;D;C;B;D;D;C;C;C;C;B;D;A;C;C;C;C;A;B;B;C;C;C;D;A;D;C;B;B;C;B;C;B;D;2602700
681;A;A;C;A;D;B;A;C;A;A;B;D;A;D;C;C;B;C;A;A;B;C;C;A;C;B;C;D;A;D;A;B;B;B;A;B;B;D;D;C;B;A;D;C;C;A;D;B;B;C;A;D;A;A;D;A;A;B;C;A;A;C;C;C;B;D;B;C;D;A;A;D;B;C;C;C;A;B;A;A;A;D;C;C;B;D;C;D;B;D;A;C;B;B;D;C;C;D;C;D;2602630
683;D;D;C;C;B;B;B;B;A;C;B;C;A;D;B;D;B;C;C;D;B;C;C;C;C;D;C;D;A;D;A;B;B;B;D;B;A;D;C;B;C;A;C;C;B;D;B;B;B;C;D;D;A;C;D;B;A;B;C;A;B;C;C;A;D;D;B;D;C;C;A;B;B;C;C;B;A;A;C;A;B;D;C;C;B;C;C;D;A;C;C;C;B;D;B;A;B;D;A;D;2603180
686;B;B;C;B;C;B;A;B;A;A;B;D;A;D;C;D;B;A;A;C;B;C;C;A;A;C;D;D;D;D;A;C;B;B;C;D;D;C;C;C;B;A;C;C;C;A;D;B;A;C;B;B;A;C;D;A;D;B;C;B;B;C;C;A;A;D;B;D;D;B;C;B;D;C;A;C;B;B;C;D;A;D;B;C;D;D;C;A;C;D;A;B;B;D;D;D;A;A;C;D;2583340
688;D;A;C;C;A;A;D;D;A;A;B;D;C;D;C;D;B;A;C;C;B;C;B;A;D;C;C;C;C;C;A;C;B;B;A;D;D;C;C;C;D;A;D;C;C;A;D;B;B;B;B;D;D;B;D;D;A;B;D;B;A;B;A;A;B;B;B;D;D;B;C;D;D;B;C;C;D;A;C;A;B;C;C;D;B;D;D;D;C;D;A;D;B;B;A;C;A;D;C;D;2607040
693;A;B;C;A;D;A;A;D;A;A;B;D;A;D;C;A;B;A;C;B;A;C;C;A;D;A;B;D;C;D;A;B;B;B;A;A;D;C;C;C;B;A;D;C;B;A;D;B;A;A;B;B;A;C;D;A;D;B;C;B;A;C;C;A;A;D;B;D;D;B;A;B;A;C;C;C;B;B;D;A;C;A;B;D;D;B;C;D;A;B;A;B;B;D;A;A;A;C;A;D;2590030
695;C;A;C;B;D;A;C;B;A;B;B;D;A;D;B;C;B;A;B;B;B;C;C;A;A;C;D;D;A;D;A;A;B;B;D;B;D;B;C;C;B;B;D;C;D;A;D;B;A;C;B;D;C;C;D;A;D;B;C;B;A;C;C;B;B;D;B;D;C;B;A;B;D;C;C;C;B;B;D;A;A;D;B;D;B;D;C;D;A;D;D;B;B;A;B;D;A;C;C;D;2592880
699;B;A;C;B;B;A;B;B;A;A;B;D;A;D;B;A;B;A;C;B;B;C;C;A;C;C;D;D;C;A;A;B;B;B;C;D;A;C;C;C;C;A;D;C;B;A;D;B;A;C;B;A;A;B;D;A;D;D;C;B;A;C;C;A;A;D;B;D;D;B;A;D;A;C;C;C;D;B;D;A;D;D;B;A;B;D;C;D;A;A;A;C;B;D;B;A;B;C;C;D;2602650
701;A;D;C;B;D;B;D;B;A;B;B;D;A;D;C;C;B;C;C;A;B;C;C;C;C;A;C;D;B;D;A;C;B;B;D;B;A;C;A;B;B;A;D;C;D;A;D;B;B;C;B;B;A;C;A;A;C;B;C;C;A;A;A;A;A;B;B;B;D;C;C;B;D;C;C;C;D;B;A;A;A;D;B;D;C;B;C;D;A;C;A;B;C;D;B;C;C;D;C;D;2589860
705;A;A;C;B;C;A;C;B;A;A;B;D;A;D;A;A;B;A;C;A;B;C;C;A;A;C;D;D;C;C;A;C;B;B;A;D;A;C;C;C;C;A;D;C;A;A;D;B;B;C;D;B;A;C;D;D;A;B;C;B;D;C;C;B;D;D;B;D;D;B;D;B;C;C;C;C;B;B;D;D;C;D;B;A;D;B;C;D;A;D;A;B;B;C;D;A;A;D;A;B;2602700
711;A;A;C;B;D;B;A;A;A;A;A;C;C;A;D;D;B;A;C;C;B;D;C;B;C;C;C;D;D;C;A;A;A;B;C;A;B;B;D;C;C;C;D;C;C;A;D;B;A;C;B;B;A;C;D;A;D;D;C;B;A;B;C;A;B;D;B;C;C;C;D;B;B;C;C;C;C;A;A;D;B;D;C;D;D;C;C;A;A;C;A;C;B;B;B;D;A;C;B;B;2598460
712;D;A;C;B;D;A;C;D;A;A;B;D;A;D;C;D;B;A;C;C;B;C;C;A;D;C;C;C;D;D;A;B;B;B;C;A;D;B;C;C;C;B;A;C;D;A;D;B;A;C;B;B;A;B;D;A;A;B;C;A;A;C;C;A;A;D;B;D;C;B;A;D;D;C;C;C;C;A;A;C;A;A;B;A;C;C;C;D;C;D;D;B;B;C;B;C;A;C;A;D;2601600
714;A;A;C;A;B;A;D;B;A;B;B;D;A;D;B;A;B;C;C;A;B;C;C;A;A;C;D;D;D;C;A;C;B;B;D;B;A;C;C;C;D;A;D;C;B;A;D;B;A;C;B;B;A;C;D;A;A;B;C;A;A;C;D;C;A;D;B;D;D;C;D;B;D;C;C;C;D;B;D;B;C;D;B;B;C;B;C;D;B;A;C;D;B;D;D;C;A;A;C;D;2603010
716;D;A;C;C;B;A;C;A;A;A;B;A;A;D;C;B;B;A;C;D;D;C;C;C;C;D;C;A;C;B;A;C;B;B;A;D;D;C;C;C;C;A;D;B;C;A;D;B;A;C;B;B;C;C;D;A;D;B;C;B;A;C;C;C;D;D;B;D;D;B;D;D;D;C;C;C;D;B;C;A;B;D;C;A;D;D;C;D;C;B;A;B;C;D;B;C;D;D;C;B;2593390
719;D;A;C;A;D;A;C;A;A;B;B;D;A;C;D;C;B;A;C;B;D;C;D;C;D;A;D;D;D;D;A;C;B;B;D;D;A;D;C;C;C;A;B;C;A;A;D;B;A;C;B;A;A;B;A;A;D;D;B;A;A;C;A;A;D;B;B;D;C;B;A;D;D;C;C;C;C;D;C;A;B;D;D;D;D;D;C;D;B;B;C;C;B;D;D;B;A;C;A;D;2601890
720;D;A;C;B;A;B;C;A;A;A;B;D;A;D;B;D;B;A;C;A;B;C;A;C;A;A;C;A;D;C;A;A;B;B;A;B;A;D;C;C;B;A;D;C;A;B;D;B;A;C;B;B;A;D;D;C;D;B;C;B;A;C;C;B;A;D;B;D;D;D;A;B;A;C;C;C;D;B;C;A;A;D;B;C;D;B;C;C;B;B;A;B;B;B;D;C;C;D;C;D;2607500
721;C;D;C;B;B;A;A;B;A;A;B;C;A;C;C;D;B;C;D;C;B;A;A;A;C;A;D;A;D;A;A;B;B;B;C;A;A;B;C;A;C;A;D;C;B;D;D;B;A;B;B;D;B;B;D;D;A;B;D;A;A;C;C;C;D;D;B;D;C;D;C;B;D;C;C;C;D;D;D;A;B;D;B;C;C;D;C;B;C;B;C;C;B;D;B;A;B;C;C;A;2607390
727;D;D;C;B;D;B;D;B;A;A;B;D;A;D;C;A;B;A;C;A;B;C;D;A;D;C;D;A;C;A;A;C;B;D;B;A;D;B;C;C;B;C;D;C;B;A;D;B;B;C;B;B;A;C;D;D;A;B;C;B;A;C;C;B;D;D;B;D;D;D;C;A;D;C;A;C;C;B;D;D;C;D;D;C;C;D;C;A;A;D;C;B;B;B;A;A;B;D;C;D;2594820
728;D;A;C;C;B;A;A;B;A;A;B;D;A;D;C;C;B;A;C;A;B;C;C;C;D;C;C;C;D;A;A;B;B;B;C;D;A;C;D;C;B;A;D;C;B;A;D;D;A;C;B;A;A;D;D;C;D;B;C;B;A;C;C;A;A;C;B;C;C;B;D;D;D;C;C;D;D;B;D;A;A;C;B;D;D;B;C;D;A;B;A;B;B;D;B;D;B;D;C;B;2602920
729;B;D;C;B;A;A;A;D;A;A;B;D;A;D;C;D;B;C;C;C;B;C;D;B;A;C;D;C;C;C;A;A;B;B;D;D;D;C;C;C;B;B;D;C;D;A;D;B;B;C;D;B;C;D;D;C;D;B;C;B;A;C;C;B;B;D;B;D;D;A;C;B;A;C;C;C;B;C;C;A;D;C;B;A;B;B;C;A;C;D;A;C;A;B;A;D;A;D;C;D;2593270
733;B;A;C;B;C;A;C;C;A;A;B;D;A;D;B;B;B;A;A;A;B;C;C;B;A;A;D;D;A;C;A;C;B;B;D;D;D;C;C;C;B;A;D;C;C;A;D;B;B;D;B;B;A;C;D;A;A;B;C;B;A;C;C;B;A;D;B;B;C;C;C;D;D;C;C;C;D;A;D;A;B;D;B;A;B;D;C;B;B;B;A;D;B;D;C;C;B;C;C;D;2595270
741;A;A;C;B;D;A;C;B;A;B;B;C;D;D;B;D;B;A;C;C;B;C;C;A;A;C;B;D;B;C;A;A;B;B;C;B;C;C;C;C;C;A;D;D;C;A;D;B;B;C;D;D;C;C;D;A;D;B;B;B;A;C;C;D;A;D;B;D;C;B;C;D;D;C;B;C;C;A;B;A;C;C;A;C;D;D;C;B;C;D;C;B;B;D;C;D;A;C;C;C;2592370
742;D;C;C;B;B;A;A;B;A;A;B;C;A;D;C;C;B;A;C;A;B;B;C;B;D;C;D;C;C;B;A;C;B;B;B;D;A;A;C;C;C;A;D;C;B;A;C;B;A;C;B;D;D;A;D;A;D;A;C;B;B;C;C;A;D;D;B;B;D;B;D;D;D;C;C;C;D;B;C;A;B;C;D;D;D;C;C;D;B;B;A;B;B;C;B;D;D;D;C;D;2601650
745;D;D;C;B;D;A;A;D;A;A;B;B;A;D;C;A;B;C;C;C;B;C;C;B;A;C;B;D;C;C;A;B;B;B;A;B;D;C;C;C;C;A;D;C;C;A;D;B;A;D;B;B;C;B;D;A;D;B;C;B;A;C;C;D;A;D;B;D;D;D;A;B;A;C;C;C;B;A;A;A;C;C;C;C;B;B;C;C;C;D;A;C;B;D;B;A;A;C;C;D;2557510
748;B;A;C;A;B;A;D;B;A;A;B;A;A;D;B;D;B;D;A;C;B;B;C;B;A;A;D;D;A;C;A;B;B;B;B;D;D;C;C;C;C;A;D;A;C;A;B;B;B;D;B;B;A;B;A;D;D;B;C;B;B;C;C;A;A;D;B;C;C;C;D;D;D;C;D;C;D;B;D;A;C;A;D;A;C;B;C;D;C;D;C;C;C;A;D;D;A;C;C;D;2597750
753;D;A;C;B;A;A;C;B;C;B;B;D;A;D;C;B;B;A;C;B;B;C;C;B;C;C;D;D;C;D;A;B;B;B;B;D;D;C;C;D;B;A;C;C;C;A;B;B;A;C;B;B;C;C;D;A;D;B;C;B;A;C;C;A;D;B;B;C;D;D;C;B;D;C;B;C;A;D;D;C;C;C;B;C;B;D;C;D;B;D;A;C;C;D;B;D;B;C;D;B;2602760
755;A;D;C;C;D;C;C;A;A;B;B;C;C;A;A;D;B;A;C;C;B;B;D;B;B;C;D;D;A;A;A;C;B;B;C;D;B;C;C;C;B;A;B;D;B;D;D;B;A;B;D;B;A;B;D;D;A;B;C;A;B;D;C;A;C;D;B;B;D;B;A;D;A;C;B;D;A;B;D;C;B;D;C;C;D;D;A;A;A;C;A;C;B;D;D;D;A;B;D;A;2602260
758;D;A;C;C;B;A;D;D;A;A;B;D;A;D;B;D;B;A;C;C;B;C;C;A;A;A;B;D;A;A;A;B;B;B;C;A;A;C;C;C;C;A;D;C;B;A;C;B;A;C;B;B;A;C;D;A;A;B;C;B;A;C;C;B;A;D;B;D;D;D;D;B;D;C;C;C;C;A;C;A;C;C;D;D;D;D;C;D;C;D;A;B;B;D;A;D;A;D;C;B;2602180
761;A;D;C;B;A;A;C;D;A;A;B;D;A;C;C;D;B;D;C;A;B;B;C;A;C;A;D;A;C;C;A;B;B;B;D;D;D;C;C;D;B;D;D;C;C;A;D;B;A;C;B;B;A;D;D;C;D;B;C;B;A;C;C;A;A;D;B;D;D;B;C;D;A;C;C;C;B;B;A;C;B;D;B;A;A;B;C;D;A;B;A;C;B;D;A;C;C;D;C;B;2607640
764;D;A;C;B;B;A;B;D;A;A;B;D;D;D;C;B;B;A;C;A;B;C;C;A;A;C;B;D;A;D;A;A;B;B;D;D;D;C;C;C;C;A;D;C;B;A;D;B;B;C;B;B;A;B;D;A;D;B;C;A;A;C;C;B;D;D;B;D;D;B;A;D;D;C;C;C;A;C;C;A;C;C;B;D;B;D;C;D;B;D;B;C;B;D;B;C;A;D;A;D;2595880
769;D;D;C;B;B;A;C;D;A;A;B;D;C;D;C;A;B;A;B;A;B;C;D;A;C;C;D;C;C;A;D;B;B;A;A;A;D;C;C;C;B;A;D;C;B;B;D;B;B;D;B;B;B;D;D;A;B;B;C;B;B;C;D;A;B;D;B;C;C;D;C;D;A;C;B;C;B;B;A;A;C;D;B;D;D;B;C;A;C;B;A;D;B;D;B;A;A;D;C;D;2600320
772;A;A;C;C;D;A;C;B;A;A;B;C;A;D;D;D;B;C;C;C;B;C;C;A;D;B;A;D;C;A;A;B;B;B;B;A;A;B;C;C;B;A;D;C;C;A;D;B;A;A;B;B;A;B;D;A;D;B;C;B;A;C;C;C;A;D;A;C;B;B;D;A;D;C;A;C;C;A;A;D;C;C;B;D;B;B;C;D;C;D;A;C;C;D;D;D;A;A;C;B;2594070
773;D;A;C;B;A;A;A;B;A;A;B;D;D;A;D;C;B;A;C;D;B;C;C;A;C;C;D;D;D;C;A;C;B;B;C;D;D;C;C;C;B;A;A;A;C;A;B;B;B;A;A;D;A;C;D;C;D;B;C;B;A;C;C;D;A;D;B;C;D;C;A;A;A;B;C;C;D;A;A;A;C;C;B;C;B;D;C;D;A;D;A;B;B;B;D;C;B;D;C;B;2598140
778;D;C;C;B;B;A;A;B;A;B;B;D;C;D;D;B;B;C;C;C;B;C;C;A;D;C;D;C;C;D;A;B;B;B;C;A;D;C;C;C;C;A;D;C;D;A;D;B;A;C;A;B;C;C;D;A;D;B;C;B;B;C;C;B;A;D;B;B;C;B;C;D;D;C;C;C;C;B;D;A;C;D;C;C;B;D;C;A;A;D;A;B;B;C;D;C;C;A;C;D;2597740
781;A;D;C;B;C;A;B;B;A;A;B;C;A;D;D;D;B;A;B;C;B;C;C;B;A;C;D;C;C;D;A;A;B;B;C;D;D;C;C;C;C;A;D;C;A;A;D;B;A;C;B;B;B;C;D;C;D;B;C;B;B;C;C;A;A;D;B;D;C;D;A;D;D;C;C;C;D;B;A;A;B;C;B;C;B;B;C;D;B;D;A;B;B;B;B;A;D;D;B;A;2591740
782;D;A;C;B;B;A;A;B;A;A;B;C;A;C;B;B;B;A;C;A;D;B;C;B;A;C;D;A;D;A;A;A;B;B;A;A;D;C;C;C;B;A;D;C;B;A;D;B;B;D;B;B;A;B;A;A;C;B;C;B;A;C;C;B;A;D;B;C;D;B;C;B;D;C;B;C;D;B;C;A;B;D;B;C;D;B;A;B;A;B;A;B;B;A;D;C;A;D;B;D;2596580
783;C;B;C;C;D;A;B;B;A;A;B;D;A;D;C;A;B;A;C;D;B;C;C;B;A;A;D;D;B;D;A;B;B;B;A;A;D;C;C;C;B;A;D;C;C;A;D;B;A;C;D;B;A;C;D;C;D;B;C;B;A;C;C;A;A;D;B;C;C;A;C;D;D;C;C;B;C;B;C;C;C;C;C;C;B;D;C;D;B;A;A;D;B;D;B;B;D;C;B;D;2589710
785;D;A;C;B;D;A;C;B;A;A;B;C;A;D;B;C;B;A;C;D;B;B;C;B;C;A;B;A;A;D;A;B;B;B;A;D;D;D;C;A;B;A;D;C;B;A;B;B;A;C;B;D;C;B;D;A;D;B;C;B;B;C;B;A;A;D;A;C;D;C;D;B;A;C;C;C;B;C;B;A;B;D;C;D;B;D;C;D;A;C;A;B;B;B;D;D;A;D;B;D;2601550
786;A;A;C;B;B;A;D;B;A;B;B;D;A;D;B;D;B;A;C;C;B;C;C;C;C;C;C;D;C;B;A;B;B;B;D;A;D;D;C;C;C;A;D;C;C;A;D;B;A;C;B;B;B;B;D;A;D;B;C;B;A;C;C;A;D;A;B;C;D;B;A;A;D;C;C;C;B;B;D;A;B;D;A;C;C;B;C;B;A;D;D;D;C;D;B;D;A;D;C;D;2588490
789;C;A;C;B;A;C;C;D;A;A;B;C;A;D;B;D;B;D;C;B;B;C;C;A;C;C;D;D;C;C;A;C;B;D;A;C;A;C;C;D;B;A;D;C;B;A;D;B;A;D;B;D;A;C;D;A;D;B;C;B;A;C;D;B;A;D;B;C;D;D;A;D;D;C;C;C;B;A;C;A;A;C;C;C;D;D;C;D;C;C;B;B;C;D;B;C;B;C;C;B;2597090
790;D;A;C;C;C;A;C;B;A;B;A;C;A;D;B;D;D;A;C;C;D;D;C;A;D;A;D;A;A;B;A;C;B;D;A;D;A;C;D;C;C;A;B;C;B;A;B;B;A;D;A;B;A;B;D;A;D;D;A;A;B;C;C;C;A;D;C;C;B;B;C;D;D;D;A;A;D;A;A;C;B;D;A;C;C;B;C;D;B;B;A;B;C;A;B;C;A;C;B;A;2597510
793;C;A;C;C;A;A;C;B;A;A;B;D;A;D;B;C;B;A;C;A;B;C;C;B;C;C;D;D;D;C;A;C;D;B;A;A;A;A;C;B;C;C;D;C;B;A;D;B;A;C;B;B;A;D;D;A;A;B;C;A;A;C;C;C;A;D;B;C;C;B;C;D;A;C;C;C;A;B;D;C;C;D;B;A;B;B;C;D;A;D;A;B;C;C;D;B;A;D;C;B;2591410
795;A;D;C;A;D;A;A;B;A;A;B;D;A;D;B;B;B;A;C;C;B;C;C;B;C;C;D;D;C;B;A;A;B;B;C;B;D;C;C;D;B;A;D;C;C;A;D;B;A;C;B;B;A;B;D;A;A;B;C;A;B;C;C;B;A;D;B;D;C;A;D;B;D;C;C;C;D;B;A;A;C;C;B;D;B;B;C;D;C;D;A;C;C;B;D;C;D;C;C;D;2607700
797;A;A;C;B;B;A;C;D;A;A;B;D;A;D;C;B;B;C;C;A;A;C;C;B;C;A;D;A;D;B;A;A;B;A;C;A;D;D;C;C;C;C;A;C;B;A;D;B;D;C;D;B;D;C;D;A;D;B;C;B;A;C;C;A;B;D;B;D;C;C;C;D;D;B;A;C;D;C;C;D;B;D;B;A;B;B;C;B;D;B;C;C;B;B;A;C;B;C;A;D;2602610
799;D;A;C;B;D;A;A;A;A;B;B;C;A;D;D;A;D;A;C;C;B;D;C;B;D;C;D;A;D;A;A;C;A;B;A;D;D;C;C;C;B;A;D;D;B;A;B;B;B;D;B;D;D;C;D;A;D;B;C;A;A;C;D;C;A;D;B;D;D;B;A;A;D;C;C;C;D;B;D;A;A;D;B;D;B;C;C;D;A;B;A;B;B;D;B;D;D;C;B;D;2602260
802;A;C;C;C;B;B;B;B;A;A;B;C;A;D;C;D;B;A;B;C;A;C;C;B;D;A;C;D;C;C;A;C;B;B;B;D;A;C;C;C;C;A;D;B;A;A;B;B;A;A;B;B;A;C;D;A;D;D;C;B;A;C;C;A;A;D;B;C;D;C;D;B;D;C;A;C;B;C;D;A;A;A;B;A;D;D;C;D;A;B;A;C;B;B;D;C;B;C;C;D;2601700
811;A;D;C;B;D;C;C;B;C;A;B;D;A;D;B;C;C;D;C;C;B;C;C;A;D;C;B;C;A;D;A;C;B;B;D;D;C;B;C;C;B;A;B;B;B;A;D;B;A;A;B;B;A;B;D;A;D;B;C;B;A;A;C;A;A;D;B;B;C;B;D;C;D;C;C;C;D;D;D;A;D;D;B;A;B;D;C;D;D;B;A;D;B;B;C;A;A;C;C;D;2594210
815;D;A;C;D;D;A;C;B;A;D;B;D;A;D;C;A;B;A;C;C;B;C;C;B;D;C;D;A;A;B;A;B;B;B;B;D;A;D;C;A;B;A;D;D;C;A;D;B;B;C;D;D;A;D;D;C;A;B;C;D;A;D;C;A;D;D;B;C;C;B;C;B;D;B;B;B;B;D;A;A;B;D;B;C;C;B;C;D;B;C;A;C;B;A;B;D;C;D;C;D;2602760
819;D;A;C;C;D;A;C;A;A;D;B;D;C;D;C;B;D;A;B;C;B;C;A;A;A;C;D;D;C;D;A;C;B;B;A;D;A;D;C;C;B;A;D;C;D;A;D;B;B;C;B;B;A;B;D;A;A;B;C;B;A;C;C;A;A;D;B;D;C;C;A;D;D;C;A;C;D;B;C;C;C;C;B;A;D;B;A;D;C;D;A;C;B;D;D;C;A;D;A;D;2597080
822;A;A;C;D;B;B;D;A;A;A;B;D;A;C;D;D;B;A;B;C;B;C;D;B;D;A;C;D;D;D;A;A;B;B;C;D;D;C;C;B;D;A;D;C;C;A;D;B;A;D;B;B;A;C;D;C;D;B;C;B;B;C;C;A;D;D;B;C;D;B;D;B;D;C;A;C;B;B;D;D;A;D;C;D;B;D;C;A;A;B;A;B;B;D;D;B;A;D;C;B;2592360
823;C;D;C;C;B;A;C;B;A;A;B;D;A;D;A;D;B;A;C;C;B;C;C;B;C;C;C;C;B;D;A;C;B;B;B;C;A;C;C;C;B;A;A;C;B;A;B;B;A;C;B;B;A;D;D;A;A;B;C;D;B;C;C;A;A;D;B;D;D;C;C;D;D;C;A;B;D;B;C;A;B;D;C;B;D;D;C;D;C;B;A;C;B;D;B;D;A;D;C;C;2589590
824;B;A;C;B;A;A;A;B;A;B;B;D;A;D;D;A;B;A;C;C;B;B;B;C;D;C;D;C;C;C;A;A;B;B;C;A;A;A;C;D;B;A;D;C;B;A;D;B;A;C;D;B;A;D;D;A;D;B;C;B;A;C;C;A;A;D;B;D;C;C;D;D;C;C;A;D;B;B;A;A;C;D;B;B;D;C;D;D;A;D;A;C;B;D;B;B;B;D;C;C;2602260
827;B;C;C;B;D;A;D;D;A;A;B;D;A;D;A;C;B;A;C;C;B;B;C;B;A;C;C;D;C;D;A;A;A;D;C;D;A;B;C;C;D;A;D;C;C;A;D;D;A;C;B;C;A;C;D;A;D;D;C;A;B;C;C;B;A;D;B;D;C;A;C;D;A;C;D;C;B;B;D;A;B;C;C;A;B;B;C;D;C;B;A;C;B;B;D;A;B;D;C;D;2603030
832;D;A;C;C;B;A;C;B;A;A;B;D;A;D;C;C;B;A;C;B;B;C;D;A;D;C;D;C;A;D;A;B;B;B;A;A;A;D;A;C;B;A;D;C;D;A;D;B;A;C;B;B;A;B;D;A;A;B;C;B;A;C;A;C;A;D;B;B;D;B;C;D;D;C;A;C;B;B;A;D;B;A;B;D;D;D;C;D;A;D;A;C;B;A;D;D;A;C;C;D;2600480
842;A;A;C;D;B;A;C;D;C;D;B;C;C;D;C;C;A;A;C;B;B;B;D;C;C;D;A;A;D;C;A;A;A;B;A;D;C;D;D;B;B;A;D;C;D;A;D;B;A;C;D;A;A;A;D;C;A;B;C;A;D;D;C;A;A;D;A;B;C;C;B;D;D;D;D;C;D;C;C;A;A;C;B;C;D;A;C;C;A;B;C;B;B;B;A;D;C;C;D;C;2605310
845;A;A;C;B;B;A;B;A;A;A;B;D;A;D;C;D;B;A;C;C;B;B;C;B;D;D;D;A;C;A;A;A;B;B;A;A;A;D;C;C;B;A;D;C;C;A;D;D;A;D;B;B;A;D;D;D;D;D;C;C;A;C;C;A;A;D;B;C;C;D;A;B;A;C;C;B;D;D;D;A;A;D;D;D;D;B;C;D;A;C;A;B;B;D;B;C;C;D;C;D;2601890
847;A;A;C;B;B;A;C;D;A;A;B;D;A;D;C;C;B;A;C;C;B;C;C;C;A;A;D;C;C;A;A;C;A;A;C;C;D;C;C;C;C;D;D;C;C;A;D;B;A;C;B;B;C;D;D;A;D;D;C;B;A;C;C;A;A;D;B;D;C;D;A;D;D;C;C;C;B;B;D;A;B;D;B;C;B;B;A;D;C;B;A;C;B;A;D;C;A;D;C;D;2602940
848;D;D;C;A;D;B;B;B;A;A;B;D;C;D;D;D;B;C;C;C;B;D;C;D;A;D;C;D;B;C;A;C;D;B;C;A;A;C;C;A;B;A;D;C;B;A;A;B;A;C;D;D;C;A;D;A;D;D;C;B;B;B;C;A;A;D;B;C;C;B;A;D;B;C;C;C;C;B;D;A;A;D;C;A;D;B;C;D;A;C;A;B;B;B;D;C;B;C;D;C;2601760
851;D;A;C;B;D;A;A;D;A;A;B;D;A;C;D;D;B;C;C;C;B;C;C;A;A;C;D;C;C;D;A;C;B;B;C;D;D;C;C;B;B;A;D;C;B;A;D;B;A;C;A;B;A;D;D;A;D;B;C;B;A;C;C;A;A;D;B;B;D;D;A;D;D;C;D;C;C;B;D;A;A;D;B;D;D;D;D;D;B;B;C;C;B;D;D;D;C;D;C;D;2596670
852;B;B;C;B;B;A;C;D;A;A;B;D;A;D;A;D;B;A;C;A;B;C;C;A;D;C;C;D;A;C;A;B;B;B;D;B;D;D;D;C;C;A;B;C;C;A;D;B;A;C;B;B;B;B;D;C;D;B;C;B;B;C;C;A;B;B;B;D;C;B;A;A;C;C;C;C;D;B;C;A;B;D;C;D;C;B;D;D;A;B;A;B;B;B;C;B;D;C;C;D;2602590
854;D;A;C;B;D;A;C;B;C;B;B;D;C;A;D;C;B;A;C;C;B;C;C;A;D;A;C;A;C;A;A;C;B;B;D;C;A;C;C;B;C;A;B;C;A;B;D;B;A;D;D;D;C;B;D;A;D;D;C;B;B;D;B;B;B;B;B;B;C;C;D;B;A;B;D;C;B;C;C;C;A;D;A;D;C;B;C;D;A;B;B;D;B;D;D;D;A;C;C;D;2607710
861;D;D;C;B;C;A;C;D;A;A;B;B;D;D;B;D;B;A;C;C;B;C;C;A;A;C;D;C;A;A;A;A;B;D;B;D;A;C;C;C;B;A;D;C;B;A;D;B;B;C;B;B;A;B;D;A;D;B;C;B;A;C;C;A;B;D;B;D;C;B;A;D;D;B;C;C;D;B;D;D;A;A;B;C;B;B;C;D;A;B;A;B;B;D;D;C;B;D;C;D;2602990
862;B;D;C;B;D;A;B;D;A;A;B;C;A;D;B;D;B;A;C;C;B;C;C;A;A;C;D;C;D;D;A;B;B;B;D;D;A;C;C;C;C;A;D;C;B;A;D;B;A;C;B;B;B;B;D;A;B;B;C;B;A;D;C;A;A;D;B;C;B;C;A;D;A;C;C;C;B;B;D;A;D;D;B;A;C;D;C;D;C;B;A;B;B;D;D;D;A;D;A;D;2600750
867;A;D;C;B;D;A;B;D;A;B;B;D;A;D;C;D;B;C;A;A;B;C;C;B;A;C;D;D;D;D;A;C;B;B;C;D;D;C;C;C;B;A;A;D;C;A;D;D;A;C;B;B;A;D;D;D;B;B;C;B;A;C;C;A;B;D;B;C;D;B;A;B;D;C;A;C;C;B;C;A;B;C;C;A;D;C;C;A;C;B;A;C;C;C;D;C;A;D;C;D;2606530
872;C;C;C;B;D;B;D;B;A;A;B;D;A;D;A;C;B;A;C;D;B;D;D;A;C;C;C;C;D;A;A;B;B;B;A;A;B;B;C;D;C;A;D;C;C;A;D;B;A;C;B;B;A;C;D;A;D;B;C;B;B;C;C;A;A;D;B;D;D;A;D;A;D;C;C;C;A;B;C;B;D;D;C;A;D;C;C;D;B;B;A;B;B;D;B;B;A;B;C;B;2593910
880;D;D;C;B;C;D;C;D;A;A;B;D;A;D;C;D;B;A;C;A;D;C;C;B;C;C;B;D;A;A;A;B;B;B;C;B;A;D;C;C;C;A;D;D;B;A;B;D;D;C;B;B;A;D;D;A;A;D;C;A;B;C;C;A;C;D;B;C;D;B;A;D;D;C;C;C;A;B;C;A;D;D;D;C;D;D;C;D;A;D;A;B;B;D;B;D;A;C;A;D;2607760
881;D;D;C;A;B;A;C;B;A;A;B;D;D;C;C;C;B;C;C;A;B;C;C;A;D;A;D;A;A;C;A;B;B;B;C;D;D;C;C;C;C;A;D;C;B;A;D;B;B;D;D;B;A;B;C;A;D;B;C;B;B;C;C;A;A;C;B;D;C;B;A;C;A;C;C;C;D;A;D;A;C;D;A;D;C;B;C;D;C;B;A;D;B;C;B;B;A;D;C;C;2600900
884;A;C;C;A;D;A;D;A;A;A;B;D;A;D;C;A;B;A;C;D;B;C;B;A;D;C;B;D;A;C;A;B;B;B;A;D;D;C;C;C;B;A;D;C;B;A;D;B;A;D;A;A;C;C;D;A;D;B;C;B;A;C;C;A;B;D;B;D;D;A;A;D;D;C;C;C;D;C;D;A;D;D;B;B;D;B;C;D;A;B;A;B;C;A;B;D;C;D;C;B;2592200
891;D;A;C;B;B;A;D;D;A;A;B;D;A;D;C;C;B;A;C;C;D;C;C;B;A;A;D;D;C;D;A;C;B;B;D;D;D;D;C;C;B;A;D;C;C;A;D;D;D;C;B;B;B;C;D;A;D;B;C;B;A;C;C;A;A;D;B;D;C;C;A;D;A;C;C;C;D;B;D;A;C;C;B;C;B;B;A;D;C;D;C;C;B;C;B;D;D;C;A;D;2601790
892;A;A;C;B;D;A;D;D;A;A;B;D;A;D;B;B;B;A;C;C;B;C;C;C;C;C;D;D;D;D;A;B;B;B;C;B;A;C;C;A;C;A;D;C;C;A;D;B;B;C;B;B;A;C;D;A;A;B;A;B;A;C;C;B;A;D;B;D;C;D;D;A;A;C;C;B;C;A;C;A;D;C;C;C;B;B;C;B;C;D;A;B;B;D;B;C;D;C;C;C;2592020
893;B;A;C;C;B;A;D;D;A;A;B;D;A;D;B;B;B;C;C;A;D;C;C;A;A;C;C;C;C;C;A;B;B;B;A;B;D;C;C;C;B;A;D;C;B;A;D;B;A;C;B;B;C;B;D;A;A;B;C;B;A;C;C;C;A;D;B;C;C;A;A;D;D;C;C;C;D;B;D;A;B;A;B;D;B;B;C;D;C;B;A;B;B;B;D;C;B;C;C;C;2591940
896;A;A;C;B;C;B;D;D;A;A;B;D;C;D;B;D;B;C;C;C;B;C;D;B;A;C;D;D;C;C;A;A;B;B;D;B;D;D;C;C;B;C;D;C;B;A;D;B;B;C;B;B;A;C;D;A;D;B;C;B;A;C;C;A;A;D;B;D;D;B;C;D;A;C;C;C;D;A;D;C;C;D;B;A;B;B;C;D;A;D;A;C;B;B;D;A;B;D;A;D;2596790
897;D;D;C;B;B;B;D;C;A;A;B;C;D;D;B;D;B;A;C;C;B;B;D;A;C;A;D;C;A;A;A;A;B;B;A;D;D;C;C;A;B;A;D;C;B;A;D;B;A;B;D;D;A;D;D;A;D;D;C;B;A;C;C;D;A;D;B;D;C;B;A;D;D;D;C;C;D;B;C;D;B;D;B;C;B;B;C;D;A;D;D;B;B;B;D;B;A;D;C;B;2602010
899;A;A;C;C;B;A;C;B;A;A;B;A;B;D;C;D;B;C;C;C;B;C;D;B;C;C;D;D;D;A;A;C;A;B;A;D;B;C;C;C;B;A;B;C;C;A;B;B;D;A;B;B;B;B;D;A;A;B;C;B;B;C;C;A;D;D;B;D;C;C;A;B;D;C;C;C;D;C;D;D;D;D;C;D;D;D;C;D;A;B;A;C;B;B;D;A;B;C;B;B;2601480
902;A;A;C;C;A;A;B;D;A;A;B;D;A;D;A;A;B;A;D;C;B;C;C;B;A;C;C;D;C;C;A;B;B;B;D;B;A;C;C;C;C;A;D;C;B;A;D;B;A;C;B;B;C;C;A;A;C;B;C;B;A;C;C;A;A;D;B;D;D;A;B;D;A;C;C;B;D;B;A;A;B;D;B;D;B;D;C;B;C;D;D;C;B;D;D;D;A;D;C;D;2591720
904;A;A;C;C;D;A;C;B;A;B;B;D;C;D;A;A;B;A;C;A;B;C;C;B;A;C;B;C;B;D;A;B;B;B;A;A;B;D;C;B;B;A;D;D;C;B;D;B;D;D;D;B;D;C;D;A;D;B;C;A;A;C;C;B;D;D;B;C;C;B;D;B;D;B;D;C;D;B;C;A;C;D;A;A;D;D;C;C;A;B;A;B;B;C;B;D;B;D;C;D;2603130
905;A;A;C;B;B;A;D;A;A;D;B;D;A;D;B;D;B;B;C;C;B;C;C;B;A;A;D;D;C;C;A;B;B;B;C;A;D;C;C;C;B;A;D;C;C;A;D;B;A;D;B;B;A;C;D;A;D;B;C;B;B;C;C;B;A;D;B;D;D;B;C;B;D;C;C;C;D;B;D;A;A;D;B;D;B;B;C;D;C;D;A;B;B;A;B;C;C;D;D;D;2580880
917;D;A;C;B;B;B;B;D;A;A;B;D;A;D;B;D;B;A;C;A;B;C;D;C;C;D;D;C;A;C;A;B;B;B;B;A;A;C;C;C;A;C;D;C;B;A;D;B;A;C;B;A;C;C;D;A;D;B;C;B;B;C;C;D;D;D;B;B;C;B;D;A;D;C;C;C;C;B;C;A;A;D;C;C;B;D;C;D;C;D;A;B;B;D;A;D;B;C;C;D;2601690
919;A;C;C;B;D;A;C;D;A;A;B;D;A;D;C;D;B;A;C;B;B;C;C;B;A;C;D;D;C;D;A;A;B;B;B;B;D;C;C;C;A;A;D;C;B;A;D;B;D;C;B;B;A;C;D;C;D;B;C;B;A;C;C;A;A;D;B;D;C;C;A;A;A;C;C;C;C;D;A;C;A;D;B;D;D;D;C;D;C;D;A;C;B;C;C;A;B;D;A;B;2589230
921;A;A;C;D;B;A;B;D;A;A;B;C;A;D;C;D;B;A;B;C;B;C;C;A;C;C;D;D;C;D;A;C;B;B;D;A;D;C;C;C;D;A;D;C;B;A;D;B;A;C;B;B;A;C;D;A;D;B;C;B;B;C;C;A;A;D;B;D;D;C;A;D;D;C;A;C;B;B;D;A;C;C;D;C;B;D;C;D;C;D;C;C;B;D;B;D;D;D;C;D;2607450
922;D;A;C;C;B;C;A;B;A;A;B;C;C;A;B;D;B;A;C;A;B;C;C;B;A;C;D;A;A;B;A;C;B;B;C;D;D;A;C;C;B;A;D;C;B;A;B;B;A;C;D;B;C;B;D;C;A;B;C;A;B;C;C;A;A;D;B;D;C;C;A;B;D;C;C;C;D;A;D;C;A;D;B;A;D;B;C;D;A;B;A;B;B;B;A;D;B;D;C;B;2591630
924;B;A;C;B;C;A;C;C;A;A;B;D;A;C;B;B;B;A;C;B;B;B;C;A;A;C;D;C;B;D;A;A;B;B;A;D;D;C;A;D;B;A;D;C;C;A;D;B;A;D;B;B;A;D;D;A;D;B;C;B;B;C;C;B;A;D;B;D;C;C;D;D;D;C;C;C;C;A;C;C;A;D;D;D;C;B;C;A;C;D;A;C;B;D;D;A;D;D;C;D;2597190
927;D;A;A;B;D;A;C;D;A;D;B;D;A;D;A;B;B;A;C;C;B;C;B;A;D;A;D;C;C;D;A;B;B;B;A;D;D;C;C;D;B;A;D;C;D;A;D;B;A;C;B;B;B;D;A;A;C;B;C;B;B;C;C;B;B;D;B;D;C;D;C;B;D;C;A;C;D;C;D;C;B;D;A;C;D;B;C;A;A;B;A;B;B;B;D;A;A;C;B;B;2602950
929;D;A;C;C;D;B;C;B;A;A;B;D;A;D;B;A;B;A;C;C;B;A;C;A;A;A;D;D;A;D;A;C;B;B;C;B;A;C;C;B;C;A;D;C;B;A;D;B;A;C;B;D;A;B;D;A;B;D;C;B;A;C;B;A;B;D;B;C;D;C;B;D;A;A;C;A;D;B;C;A;B;D;B;A;B;C;C;D;A;B;A;C;B;A;D;C;A;C;A;B;2604510
934;B;A;C;C;D;C;B;B;A;A;B;D;A;D;C;A;B;A;C;A;B;D;C;B;C;C;D;X;D;D;A;C;B;B;B;D;D;C;C;C;B;A;D;C;B;A;D;B;A;D;A;D;A;C;D;A;D;B;C;B;A;C;B;B;A;D;B;B;C;B;C;D;D;C;C;C;B;A;D;C;C;D;B;D;A;D;C;D;C;D;A;C;B;B;B;D;D;D;C;D;2602810
935;B;B;C;B;B;A;A;D;A;D;B;D;A;D;D;D;B;A;B;C;B;C;A;C;D;C;D;C;C;A;A;C;B;B;D;A;D;C;C;C;C;B;D;D;B;A;D;B;B;C;B;B;D;C;D;D;A;B;C;B;B;C;C;A;D;D;B;D;C;A;A;D;D;C;C;C;C;A;C;A;B;D;B;D;D;B;C;D;B;D;C;B;B;D;B;C;B;D;C;D;2597960
938;B;D;C;D;A;A;D;B;A;A;B;C;A;D;B;D;B;A;C;D;B;C;C;A;B;A;B;D;B;C;A;A;D;B;C;B;D;C;C;C;D;A;D;C;B;A;D;B;A;B;B;D;A;C;D;A;D;B;C;B;B;C;C;B;A;D;B;B;D;B;C;B;D;C;A;C;C;B;D;C;B;D;C;B;A;C;C;D;C;B;C;B;B;D;B;A;A;D;C;B;2586430
939;D;D;C;B;B;A;C;B;A;A;B;C;A;D;C;C;B;A;C;C;B;C;D;B;A;C;D;D;B;A;A;A;B;B;C;D;D;D;C;D;B;A;D;C;A;A;B;B;B;C;B;B;A;D;C;C;D;B;C;B;A;C;C;A;A;D;B;B;C;D;C;D;D;C;C;B;D;B;C;D;B;D;D;D;B;D;A;D;A;A;A;B;B;A;C;B;C;C;C;D;2602820
944;A;B;C;C;B;B;C;B;A;D;B;B;A;D;B;C;B;A;C;C;B;A;D;A;A;A;D;A;C;D;B;C;B;B;D;D;D;C;C;D;B;A;D;C;A;A;D;B;B;C;B;B;B;D;D;D;B;B;C;B;A;C;C;B;D;B;B;D;D;A;A;D;B;C;C;C;D;B;C;A;B;D;B;C;D;B;C;D;A;B;A;B;B;C;D;C;B;D;C;D;2602510
947;C;A;C;C;B;C;B;B;A;A;B;D;A;B;C;D;B;A;C;B;B;C;B;A;A;D;C;A;D;D;A;C;A;D;C;A;A;A;C;C;C;A;C;C;B;A;D;B;A;C;B;D;A;C;D;C;D;B;A;B;A;C;C;A;A;D;B;D;D;B;A;B;D;C;C;C;B;A;D;C;C;C;B;D;B;B;C;D;A;D;A;D;C;D;D;A;D;D;C;D;2602640
950;A;A;C;B;D;A;C;D;A;A;B;D;A;D;C;D;B;A;C;C;B;C;C;A;C;A;C;D;A;D;A;C;B;B;A;D;D;D;C;C;B;A;D;C;B;A;D;B;A;C;B;B;A;B;D;A;A;B;C;A;B;C;C;A;A;D;B;D;D;B;A;A;D;C;C;C;B;B;D;A;C;D;B;C;D;C;C;B;A;D;C;C;B;C;C;C;D;C;C;D;2602900
953;D;A;C;C;C;A;C;C;A;B;B;C;A;D;B;D;B;A;B;D;B;C;C;C;A;A;C;C;A;C;A;B;B;B;D;D;A;D;C;C;C;C;D;C;C;A;B;B;B;C;B;B;A;D;D;D;A;D;C;B;B;C;C;A;A;D;A;D;C;B;D;B;D;C;C;A;C;B;D;A;A;C;B;C;D;D;C;D;C;B;A;C;B;D;D;D;C;D;C;D;2602000
955;A;A;C;B;A;A;C;B;A;A;B;D;A;D;B;D;B;A;C;A;B;C;C;A;C;A;B;D;C;C;A;A;B;B;C;D;D;C;C;C;B;C;D;C;B;A;D;B;D;C;B;A;A;C;D;A;D;B;C;B;A;C;C;A;A;D;B;D;D;B;A;D;D;C;A;C;B;B;D;C;A;D;B;D;B;B;C;D;A;B;A;B;C;A;D;D;D;D;C;D;2594700
956;A;D;C;A;D;A;D;D;A;A;B;D;A;C;C;B;B;A;C;C;B;B;C;B;C;A;C;C;C;C;A;A;B;B;A;A;D;C;C;C;B;C;D;C;D;A;D;B;B;C;B;B;B;B;D;A;D;B;C;B;B;C;C;A;D;D;B;D;D;B;A;B;C;C;B;C;C;B;A;A;A;D;B;D;D;D;C;A;B;B;A;B;B;D;D;C;C;C;C;B;2607660
957;C;A;C;D;A;A;C;D;A;A;B;D;A;D;C;C;B;A;C;A;B;C;D;B;A;C;C;D;B;A;A;A;B;B;C;D;A;C;C;A;C;A;D;A;D;A;D;B;A;C;B;D;A;C;D;D;D;B;C;B;B;C;C;A;D;D;B;B;D;B;C;D;D;C;A;C;D;B;D;D;A;C;B;C;B;A;C;D;B;D;D;C;B;D;B;A;A;C;B;D;2602920
958;C;A;C;B;D;A;A;B;A;B;B;C;A;D;A;A;B;C;B;A;B;C;C;C;C;C;D;C;D;D;A;B;B;B;A;D;D;C;C;C;B;A;D;B;C;A;D;B;B;C;B;B;B;A;D;B;B;B;C;B;B;C;C;A;D;D;B;C;D;B;C;B;D;C;C;C;D;B;C;A;C;D;C;D;D;B;C;D;C;A;A;C;B;D;D;C;B;C;D;B;2597510
959;A;D;C;C;B;A;C;A;A;A;B;D;A;A;C;D;B;A;C;B;D;A;C;C;A;C;D;D;D;C;A;B;B;B;A;B;A;A;C;B;B;D;D;C;C;B;D;B;A;C;B;B;A;D;D;A;D;D;C;B;A;C;C;C;B;B;B;D;C;D;A;D;D;B;C;C;B;A;A;C;A;D;B;A;B;C;C;D;A;B;A;C;B;D;B;D;B;D;C;D;2586520
963;C;B;C;B;B;C;C;A;C;D;B;D;D;D;C;D;B;D;B;C;B;C;C;A;C;B;C;D;D;B;A;C;A;D;C;B;D;C;C;A;C;A;D;D;C;A;B;B;A;D;B;B;C;D;D;A;D;D;C;B;A;C;D;D;A;D;B;C;C;A;C;D;D;C;A;C;A;B;C;A;B;C;A;A;C;D;A;B;A;B;C;B;B;B;A;C;C;C;C;D;2602780
964;C;D;C;B;B;B;C;D;A;B;B;C;A;D;C;D;B;A;C;C;A;C;C;C;C;C;D;D;B;D;A;B;B;B;D;D;D;B;C;D;B;A;D;C;D;A;B;B;B;D;D;B;D;D;D;A;C;B;C;D;A;C;C;B;B;D;B;B;C;B;D;B;D;C;C;C;D;D;D;A;A;D;B;A;D;C;C;D;B;B;D;D;C;B;C;D;D;C;A;D;2602750
971;D;A;C;B;C;A;A;B;A;A;B;B;A;D;B;B;B;B;C;C;B;B;D;B;D;C;D;B;B;A;A;C;A;D;A;A;D;C;C;C;C;A;D;C;B;A;D;B;A;C;D;B;B;B;D;C;D;B;C;C;A;C;D;A;D;D;B;C;C;D;D;B;D;C;C;C;B;B;D;C;A;D;B;A;D;C;C;D;D;C;A;B;B;D;D;D;A;C;B;D;2589940
973;D;A;C;A;B;C;D;A;C;B;B;D;D;D;A;B;B;C;C;A;B;C;C;B;A;C;D;D;D;C;A;A;B;B;B;D;A;D;C;C;B;A;D;C;C;A;D;B;D;D;B;B;D;B;A;C;A;B;C;B;A;C;C;B;B;D;B;D;C;C;D;B;D;C;C;B;C;A;A;C;C;D;C;A;D;C;A;D;C;A;A;C;B;A;D;D;A;D;C;A;2607790
975;B;B;C;B;D;A;B;B;A;A;B;D;A;D;C;C;B;A;C;D;D;C;C;A;C;C;D;D;C;C;A;D;B;B;B;D;D;C;C;B;B;A;D;C;B;A;D;B;B;C;B;B;A;C;D;C;B;B;C;A;A;C;C;B;A;D;B;D;C;D;A;B;D;C;C;C;B;B;A;A;D;C;C;A;B;B;C;A;C;D;A;C;B;D;D;C;C;A;D;D;2596900
978;A;D;C;B;A;A;B;B;A;A;B;D;A;D;B;D;B;A;C;C;B;C;C;A;A;C;B;D;D;C;A;B;B;A;B;D;A;C;C;C;B;A;D;C;B;A;B;B;A;D;B;B;A;C;D;D;D;B;C;B;B;C;C;A;A;D;B;C;C;B;A;D;D;C;A;C;C;B;D;A;A;C;A;C;C;C;C;D;A;B;A;A;B;D;B;C;A;D;C;D;2596800
980;D;A;C;D;A;A;C;D;A;A;B;C;A;C;D;B;B;A;C;C;B;C;C;A;A;C;C;D;C;B;D;A;B;B;C;A;D;C;C;A;B;A;D;C;C;A;D;B;A;C;B;B;A;D;D;A;A;B;C;B;A;C;C;A;A;D;B;D;D;C;C;D;D;C;C;C;D;B;C;A;C;D;D;D;B;C;C;D;A;D;A;B;B;C;D;D;B;A;C;D;2599960
981;D;D;C;B;C;A;B;C;A;A;B;C;A;C;B;C;B;A;C;C;B;C;C;B;D;B;D;D;A;D;A;B;B;B;B;A;B;C;C;B;C;A;D;C;B;C;D;B;A;C;D;B;A;C;D;C;A;B;C;B;B;C;C;B;A;B;B;C;C;C;D;D;D;B;B;C;A;D;A;A;A;D;A;C;D;D;C;A;A;D;A;D;C;D;B;C;A;D;C;B;2593950
987;D;A;C;D;D;A;B;A;A;A;B;C;A;D;B;D;C;A;C;C;B;D;C;C;D;C;D;D;D;A;A;C;B;B;D;B;A;C;D;C;C;A;D;C;C;A;B;D;A;B;B;A;C;B;D;D;D;B;A;A;A;C;C;B;D;D;B;C;C;A;A;D;A;D;A;C;D;B;D;A;B;D;B;D;B;C;C;D;C;B;A;B;B;A;D;D;A;D;C;D;2600890
989;B;A;C;B;A;A;A;B;A;A;B;A;A;D;C;C;B;B;B;A;B;C;C;B;C;A;B;A;C;D;A;B;B;B;D;D;C;C;C;C;C;A;D;C;B;A;D;B;A;C;A;D;D;C;D;D;D;B;C;B;B;C;C;A;B;D;B;C;C;D;A;B;D;C;C;C;D;B;C;C;A;D;A;D;B;B;C;D;A;D;C;C;B;C;B;C;A;D;C;D;2589020
991;D;B;C;C;B;A;D;B;A;A;B;C;D;C;C;C;B;A;C;C;B;C;C;C;C;A;C;D;D;A;A;A;B;B;A;A;A;C;C;C;C;A;D;C;C;A;D;B;D;A;B;B;A;C;D;A;D;B;C;A;A;C;C;A;A;D;A;B;C;B;A;B;D;C;C;C;D;B;A;A;A;D;A;D;D;B;D;D;B;C;A;C;B;A;B;D;D;C;C;C;2607720
992;D;D;C;C;A;A;D;A;A;B;B;D;A;D;C;B;B;A;C;A;B;C;C;A;A;C;D;C;A;D;A;B;B;B;C;D;D;D;C;C;B;A;D;C;B;A;D;B;A;C;B;B;A;C;D;D;A;B;C;B;A;C;C;B;B;D;B;C;D;A;D;D;D;C;C;C;D;C;C;A;C;C;C;D;C;B;C;A;B;B;B;D;B;D;D;C;A;D;C;B;2594790
995;B;D;C;B;D;A;A;C;A;A;B;D;C;D;A;A;B;A;C;A;B;C;C;A;A;C;C;A;D;C;A;C;B;B;D;D;D;C;C;C;B;A;D;C;C;A;D;B;B;D;B;D;A;C;D;A;B;B;C;B;B;C;C;C;A;D;B;D;C;B;C;B;A;C;C;C;B;D;D;A;B;D;C;D;D;C;C;D;A;D;A;C;B;D;B;D;D;D;C;C;2597660
996;A;C;C;B;D;A;B;C;A;D;B;D;A;D;C;C;B;A;C;A;B;C;C;A;A;C;C;C;C;D;A;B;B;D;D;D;A;C;C;C;D;A;D;C;B;A;D;B;B;C;B;B;C;C;D;A;D;B;C;B;A;D;C;A;A;D;B;D;C;D;A;D;A;C;B;C;B;D;C;A;C;D;B;C;C;B;C;D;A;D;A;A;B;C;B;D;A;C;C;D;2594510
997;A;A;C;B;D;A;B;B;B;A;B;B;A;D;D;B;B;C;C;A;B;B;C;A;C;C;D;D;D;C;A;B;B;B;C;D;D;C;C;C;B;A;D;C;C;A;D;B;A;C;B;B;A;C;D;A;D;B;C;B;A;C;C;A;A;D;B;C;D;B;A;D;D;B;C;C;D;B;D;A;A;D;D;C;C;B;C;D;A;C;A;D;B;B;A;C;B;D;D;D;2592930
998;B;D;C;D;C;A;D;B;A;B;B;C;A;C;C;A;B;D;C;C;B;C;C;A;D;A;C;C;C;C;A;C;B;B;A;D;A;C;C;C;B;C;D;C;B;A;B;B;A;C;D;B;B;C;D;A;D;B;C;B;A;D;D;B;D;D;B;D;C;B;A;D;D;B;B;C;D;B;D;A;B;D;B;B;D;C;C;D;B;B;A;B;B;B;B;C;A;D;C;B;2582600
1003;A;A;C;D;C;A;C;A;A;A;B;C;C;D;B;B;B;A;C;A;B;C;C;A;C;C;D;D;C;D;A;B;B;B;D;D;A;B;C;A;B;A;D;C;D;A;D;B;A;C;B;B;C;B;D;A;D;B;C;B;A;C;C;C;A;D;B;C;D;B;C;B;D;D;C;C;C;B;A;C;C;D;C;C;B;B;C;B;C;A;A;B;D;B;A;A;A;D;B;D;2590460
1007;A;A;C;B;D;A;B;D;A;A;B;B;A;D;C;D;B;C;C;C;B;C;C;B;D;C;D;D;B;A;A;C;B;B;A;B;D;C;C;C;B;A;D;C;C;A;A;B;B;C;D;B;A;C;D;C;A;B;B;C;A;C;B;B;D;D;B;B;C;C;A;D;D;B;C;C;B;B;A;A;B;D;B;B;B;D;C;D;B;B;A;C;C;A;B;D;B;D;A;C;2595960
1017;A;A;C;C;D;A;D;D;A;A;B;D;A;D;B;A;B;A;B;A;B;C;D;A;A;C;B;D;C;C;A;B;B;B;A;D;D;B;C;C;B;A;D;C;B;A;D;B;C;A;B;A;A;C;D;A;D;B;C;B;A;C;C;A;A;D;B;D;C;B;C;D;D;D;C;C;A;C;A;C;C;C;C;D;B;D;C;D;C;A;D;C;B;C;D;A;C;D;D;B;2587220
1018;C;A;C;B;D;A;C;D;A;B;B;D;D;D;A;B;B;A;C;C;B;C;C;B;D;C;D;C;C;C;A;A;B;B;C;D;D;C;C;C;B;A;A;C;C;A;B;B;A;C;B;B;B;C;D;A;D;B;C;B;A;C;C;A;B;D;B;D;C;C;B;D;A;C;C;C;B;B;A;A;C;C;B;C;D;B;A;B;C;D;C;D;C;D;B;A;A;D;D;D;2602030
1020;C;A;C;B;A;B;C;D;A;A;A;D;A;D;B;B;B;A;C;B;B;C;C;B;A;A;D;D;C;A;A;B;B;B;A;A;D;A;C;C;B;A;D;C;B;A;B;D;B;B;B;D;A;B;D;C;D;B;C;B;A;C;C;B;A;D;B;D;D;D;A;D;D;C;B;C;B;D;C;D;C;A;A;D;D;D;C;D;C;D;C;B;B;D;D;D;A;A;C;B;2606920
1022;D;A;C;A;D;A;C;B;A;A;B;C;A;D;B;D;B;A;C;B;B;B;C;A;D;A;C;D;C;A;A;A;B;D;B;B;D;D;C;C;C;A;D;C;D;A;D;B;A;D;A;D;D;B;A;A;D;B;C;B;B;C;C;C;B;B;B;A;C;B;A;D;D;C;C;C;D;B;D;D;C;C;B;A;B;D;A;C;A;C;A;B;B;D;B;D;A;C;C;B;2585110
1025;A;A;C;D;A;A;B;B;A;A;B;D;A;D;C;C;B;A;C;A;B;C;D;A;A;C;D;C;D;C;A;B;B;B;D;A;D;C;C;C;B;C;D;D;C;A;D;B;A;C;B;B;A;C;A;D;D;B;C;B;A;C;C;C;A;D;B;C;C;B;C;D;D;C;A;C;D;B;A;A;B;C;D;D;D;D;C;D;C;D;A;C;D;D;A;C;A;D;C;D;2584740
1026;D;D;C;C;D;B;D;B;A;B;B;C;A;D;C;D;B;D;C;C;B;C;C;B;D;C;D;B;A;D;A;B;B;B;C;D;D;D;C;C;B;A;D;D;D;B;B;B;A;D;B;B;A;C;D;A;D;B;C;D;A;C;C;A;D;D;B;C;D;B;D;D;A;C;C;A;D;A;D;C;B;D;D;A;C;B;C;D;B;B;A;C;C;D;B;D;A;C;D;B;2596510
1027;D;A;C;B;D;A;B;B;A;B;B;C;A;D;B;D;B;A;C;D;B;C;C;A;C;C;D;A;C;D;A;B;B;B;A;D;A;C;C;C;B;A;D;B;C;B;B;B;A;C;B;A;A;B;D;A;A;B;D;B;B;D;C;A;D;D;B;B;C;C;C;D;C;B;C;C;D;D;B;A;A;D;C;D;B;B;A;D;A;C;A;B;B;D;D;C;B;C;A;C;2602690
1030;C;A;C;B;B;B;B;A;A;A;B;D;C;D;A;A;B;A;C;A;B;C;C;A;A;A;D;D;C;A;A;C;B;B;B;D;D;C;C;C;C;A;D;D;B;A;D;B;A;C;B;B;A;D;D;A;D;B;C;B;A;D;B;A;D;D;B;C;C;A;A;B;B;C;C;C;D;A;D;A;C;D;A;C;C;A;C;D;C;B;B;A;B;D;D;D;D;C;C;B;2590710
1033;A;C;C;D;A;A;D;B;A;D;B;D;A;B;B;C;B;A;A;A;B;C;C;B;D;C;B;D;C;B;A;C;B;B;D;D;A;C;C;C;B;A;B;D;B;A;B;B;A;D;D;B;C;D;D;C;D;B;A;A;B;C;C;C;A;D;B;C;D;A;A;D;A;D;C;C;C;B;D;C;B;A;B;A;C;B;C;A;C;A;X;B;X;D;X;X;B;C;C;C;2589290
1039;D;A;C;C;D;A;B;D;A;A;B;D;A;D;C;B;B;A;A;C;B;C;C;B;A;A;D;C;C;D;A;C;B;B;A;D;D;D;C;C;B;A;D;A;C;A;D;B;B;C;B;B;C;C;D;A;D;B;C;B;A;C;C;B;D;D;A;D;D;C;A;A;A;C;C;C;B;B;C;D;C;D;B;D;B;C;C;D;A;D;A;B;B;D;D;C;A;D;C;D;2594820
1041;D;D;C;B;A;A;A;D;A;B;B;C;D;D;A;C;B;C;B;D;B;C;C;B;D;D;C;A;B;D;A;B;B;B;C;C;D;C;C;C;B;A;D;C;D;A;D;B;A;C;D;B;A;D;D;C;D;B;C;B;B;C;C;A;B;D;B;D;C;C;D;B;D;C;C;C;C;B;A;A;C;A;A;A;A;B;C;C;A;B;A;B;C;D;B;C;B;D;C;A;2591290
1042;C;D;C;A;D;A;C;B;A;D;B;D;A;D;C;C;B;A;B;A;B;C;C;B;C;A;C;D;A;B;A;B;B;B;C;D;D;C;C;D;C;A;B;C;D;A;D;B;B;C;A;B;B;C;D;C;D;B;C;B;B;C;C;B;A;D;B;C;D;A;A;C;D;C;C;C;D;B;A;A;B;D;C;A;D;C;C;D;A;D;A;B;B;D;B;A;A;D;C;C;2602880
1044;B;A;C;A;C;A;A;B;A;A;B;D;D;D;A;A;B;A;C;D;B;C;C;A;A;A;D;A;C;D;A;D;B;B;C;C;D;C;C;B;D;C;D;C;B;A;D;B;A;C;B;B;A;B;D;A;A;B;C;A;A;B;C;C;D;D;B;D;D;A;A;B;D;C;C;C;D;B;D;A;B;C;B;C;D;B;C;D;A;B;A;B;B;D;B;C;B;D;C;D;2602840
1048;C;A;C;C;D;A;B;D;A;B;B;C;A;D;A;A;B;A;C;C;D;C;C;C;C;C;D;D;D;D;A;C;B;B;D;D;D;C;C;D;C;B;D;C;B;A;D;B;B;C;B;B;A;D;D;A;D;B;C;B;A;C;D;D;A;D;B;D;D;D;C;A;D;C;C;C;C;C;C;A;C;C;B;C;B;B;C;D;C;D;A;B;B;D;C;C;A;D;C;C;2605550
1049;C;D;C;D;A;B;C;B;A;B;B;C;C;D;C;D;B;C;C;A;B;C;D;B;D;A;D;A;A;B;A;A;A;B;D;D;C;C;C;B;C;A;D;C;B;A;D;D;A;C;B;B;A;C;D;C;A;B;C;B;A;C;C;A;A;D;B;A;C;C;D;D;C;C;A;C;D;B;C;A;B;D;A;C;D;C;C;B;C;B;A;C;B;D;C;D;B;C;B;C;2606820
1053;A;D;C;B;D;A;C;B;A;A;B;B;A;A;B;B;B;A;C;A;B;C;C;C;A;C;D;D;C;A;A;C;B;A;D;A;D;D;C;C;C;A;C;C;D;A;D;B;B;D;B;B;A;C;D;C;A;B;C;B;A;C;C;A;A;D;B;D;C;B;A;D;D;C;C;C;B;B;C;C;C;D;B;C;B;B;C;D;A;D;A;B;B;B;D;C;C;A;B;D;2601690
1057;A;A;C;B;B;A;A;B;A;D;A;B;A;D;C;C;B;A;C;C;B;C;C;A;C;C;C;D;C;D;A;A;B;B;B;B;A;C;C;C;B;A;C;C;C;A;D;B;A;A;B;A;A;C;D;D;D;B;C;B;B;C;C;B;A;D;B;B;C;B;C;B;D;D;C;C;C;B;A;A;B;D;A;A;D;C;A;A;B;B;A;C;B;B;B;D;B;D;C;C;2607740
1060;B;B;C;A;C;A;C;B;A;A;B;D;A;D;C;C;B;A;C;A;B;C;C;C;C;C;D;C;A;A;A;C;B;B;C;B;D;C;C;C;B;A;D;C;C;A;D;B;B;C;B;B;A;C;A;A;D;B;C;B;B;C;C;C;A;D;B;B;D;A;A;D;D;C;C;C;D;B;A;C;A;D;D;D;B;C;C;D;C;D;C;C;B;D;A;C;A;D;A;D;2583340
1061;A;A;C;B;B;B;C;B;A;A;B;C;C;D;C;A;B;A;C;A;B;C;C;B;D;C;B;C;D;C;A;C;A;B;D;B;A;C;C;C;C;A;D;C;A;A;B;B;B;D;B;B;A;A;D;A;D;B;C;B;B;B;C;A;A;D;B;B;B;C;B;C;A;C;A;A;D;B;C;A;A;D;B;D;D;B;C;B;C;B;A;B;B;D;B;A;B;C;D;D;2594710
1065;D;A;C;B;A;A;C;D;A;B;B;C;A;C;D;D;C;A;C;D;B;B;C;B;D;C;D;D;D;A;A;A;B;B;D;B;D;C;C;C;B;A;D;C;C;A;D;B;A;D;B;B;A;C;D;C;A;D;C;B;B;C;D;A;B;D;B;C;C;B;A;B;D;C;C;C;D;B;D;C;B;D;C;D;B;B;C;D;B;A;C;B;B;A;C;D;B;D;C;D;2595000
1066;B;A;C;C;B;A;A;B;A;D;B;D;D;D;C;D;B;A;C;C;B;C;C;A;D;A;B;D;C;A;A;A;B;B;C;A;D;C;C;C;D;A;D;C;B;A;D;B;A;A;B;B;A;C;D;D;D;B;C;B;A;C;C;A;A;D;B;C;D;C;A;D;A;C;C;D;C;B;A;C;B;D;B;D;B;B;C;D;B;C;A;C;B;B;A;B;B;C;C;D;2600960
1067;B;D;C;B;B;A;B;D;A;A;B;C;A;D;A;A;B;A;D;C;B;C;C;A;C;A;D;D;C;B;A;C;B;D;C;D;D;C;D;A;B;B;D;C;D;A;D;B;A;A;B;B;D;C;D;C;D;B;C;B;B;C;C;A;A;D;B;C;D;B;C;D;D;C;C;B;B;B;A;A;B;D;B;A;B;B;C;D;A;D;A;C;C;C;A;D;B;C;C;D;2595370
1068;D;A;C;B;D;A;C;B;A;A;B;D;A;D;B;D;B;A;C;C;B;D;B;A;C;A;D;D;D;D;A;A;B;B;C;B;D;C;C;B;C;A;D;C;D;A;D;B;A;D;B;D;A;C;D;C;D;D;C;B;B;C;C;B;A;D;B;B;D;B;A;D;A;C;A;C;D;B;D;A;D;C;B;C;D;B;C;D;C;D;A;B;C;B;C;A;B;C;A;B;2597640
1073;A;D;C;C;A;A;D;A;A;A;B;D;C;A;C;C;B;C;A;C;B;C;C;B;C;C;C;A;D;B;A;A;B;B;A;D;B;C;C;C;B;A;D;C;B;A;D;B;A;A;B;D;A;C;D;A;A;B;C;B;A;C;C;A;B;D;B;D;C;C;C;B;A;C;C;C;D;A;A;A;B;A;B;D;D;B;C;D;C;B;A;C;B;D;B;C;C;D;C;D;2603200
1075;B;D;C;B;A;A;A;B;A;A;B;C;A;D;C;C;B;A;C;C;B;D;C;B;C;A;D;D;D;B;A;A;B;B;D;D;D;B;D;A;B;A;D;B;C;A;D;B;B;A;B;C;B;C;D;A;A;B;B;B;B;C;C;A;B;D;B;B;C;B;C;D;C;D;A;C;B;A;C;A;B;D;D;C;B;C;C;D;A;B;A;C;B;B;B;D;C;D;A;D;2580760
1079;C;D;C;B;D;A;B;D;A;B;B;C;A;A;C;C;B;B;C;D;B;C;D;C;A;A;D;A;C;D;A;A;B;B;C;B;A;D;C;C;D;A;D;C;C;A;D;B;A;C;B;A;B;C;D;A;A;B;C;A;B;C;D;A;D;D;B;C;C;B;D;D;B;C;C;A;D;A;A;C;B;D;B;A;D;C;C;D;A;B;A;B;C;A;B;D;D;D;C;B;2566650
1080;A;A;C;B;B;A;A;B;A;D;B;C;A;D;B;D;D;A;C;C;B;C;C;B;D;A;C;A;B;A;A;B;A;B;B;A;A;B;C;D;B;B;D;B;B;A;B;B;A;A;D;B;B;D;D;C;D;B;C;C;A;C;A;B;B;D;B;D;D;C;A;D;D;B;C;A;B;B;A;C;A;D;B;C;D;C;C;C;B;B;A;B;B;A;A;D;D;C;C;B;2602650
1083;A;D;C;B;D;A;D;B;A;A;B;D;D;D;A;B;B;C;C;A;B;C;D;A;A;C;D;C;D;D;A;C;B;B;B;D;D;C;C;C;A;A;D;D;C;A;D;B;B;C;B;B;A;B;D;D;A;B;C;B;A;C;C;A;A;D;B;D;D;B;C;B;D;C;C;C;B;B;D;A;B;D;C;C;D;D;C;D;B;B;A;B;B;D;D;C;B;D;D;D;2597280
1084;A;A;C;C;D;A;D;A;A;D;B;D;A;D;A;C;B;A;C;A;D;C;C;B;A;C;D;C;A;C;A;B;B;B;C;B;D;A;C;C;B;A;D;C;C;B;D;B;A;C;D;B;A;C;A;A;D;B;C;B;A;C;D;A;A;D;B;D;C;B;A;D;D;C;A;C;B;B;C;A;B;D;C;A;B;D;C;D;C;B;A;D;B;B;B;D;A;C;C;A;2598520
1088;D;D;C;B;B;A;C;B;A;A;B;D;A;D;C;D;B;A;C;C;B;C;D;C;A;C;C;A;A;C;A;C;B;B;C;D;D;C;C;C;C;A;D;D;B;A;D;B;B;C;B;B;A;C;D;B;D;X;C;A;A;C;C;D;A;B;B;D;C;C;A;B;A;C;A;C;D;B;C;A;A;C;B;A;C;B;C;D;C;B;A;C;B;B;D;C;B;D;A;D;2600350
1090;C;D;C;B;D;B;B;D;A;D;B;C;A;D;C;C;B;A;C;C;B;B;A;C;D;A;C;D;B;C;A;C;B;D;B;D;D;C;C;B;C;B;D;C;C;A;A;B;B;C;B;B;C;B;A;C;A;B;C;C;B;C;D;C;D;D;B;D;C;A;C;D;D;C;A;C;D;B;D;C;C;C;B;D;B;D;C;D;D;D;A;B;B;D;B;C;B;C;C;D;2597770
1094;D;B;C;B;B;A;B;D;A;A;B;D;A;D;C;A;B;A;D;A;B;C;C;A;D;C;D;C;C;C;A;B;B;B;A;D;D;C;C;A;C;A;D;C;C;A;D;B;A;C;B;B;A;B;D;A;B;B;C;B;A;C;C;C;A;D;B;B;D;D;A;B;D;C;C;C;D;A;C;A;C;C;B;A;D;B;C;D;A;D;A;C;B;C;C;C;A;C;C;D;2551330
1096;D;A;C;B;B;A;C;D;A;A;B;D;A;D;C;A;B;A;C;D;D;C;C;A;C;C;B;C;D;C;A;C;B;B;A;D;A;C;C;C;B;A;D;C;C;A;C;B;A;C;B;D;A;C;D;A;D;B;C;B;A;C;C;C;B;D;B;D;C;B;A;B;D;C;C;C;B;B;D;A;B;D;B;D;C;B;C;D;C;B;A;D;B;B;C;C;B;A;D;D;2591540
1097;D;A;C;B;B;A;D;B;A;B;B;D;A;C;C;D;B;C;C;C;B;B;C;B;C;A;D;D;D;D;A;B;B;B;A;D;A;C;C;A;C;A;D;D;B;A;C;B;B;D;A;B;A;B;D;A;D;B;C;B;A;C;C;A;B;D;B;C;D;B;B;D;D;C;C;C;B;D;C;A;C;D;C;C;C;D;C;D;B;B;D;D;B;B;D;D;A;C;B;D;2607390
1100;A;D;C;B;C;A;A;D;A;B;B;D;A;D;C;B;B;A;C;A;B;C;C;A;C;C;D;C;C;B;A;A;B;B;C;A;D;C;C;C;B;A;D;B;B;A;D;B;A;D;B;C;B;C;D;A;D;B;C;B;A;C;C;A;D;D;B;D;C;B;C;D;A;C;C;C;B;C;C;A;C;C;B;D;B;D;C;B;C;B;A;C;B;D;C;C;A;X;X;D;2607580
1104;C;A;C;C;D;B;B;D;A;D;B;D;A;D;D;D;B;A;C;C;B;C;D;C;D;C;C;D;C;D;A;B;B;B;A;B;B;C;C;A;B;A;D;C;C;A;D;C;A;C;B;D;A;C;D;A;D;B;C;B;B;C;A;B;A;D;D;B;C;D;A;B;D;C;A;C;B;B;A;A;C;D;A;C;D;C;C;D;B;C;A;C;B;A;D;C;A;D;C;B;2602420
1107;D;A;C;D;B;A;C;C;A;A;B;D;D;D;D;B;D;A;B;C;B;B;C;B;C;A;B;A;C;D;A;A;B;B;B;A;A;C;C;C;B;A;D;C;C;A;A;D;B;D;B;B;A;C;D;A;D;B;C;B;A;C;D;A;A;D;B;D;D;B;C;B;C;B;B;A;D;B;C;A;C;D;B;A;C;B;C;D;C;B;A;D;B;B;D;C;A;A;C;B;2607760
1112;A;A;C;B;D;A;C;B;A;A;B;D;A;D;C;C;B;A;A;C;B;D;C;A;C;A;D;D;D;D;A;B;B;B;A;D;A;C;C;B;B;A;D;C;B;A;D;B;B;C;A;B;C;C;D;A;D;B;C;B;A;C;C;A;A;D;B;B;C;C;A;D;D;C;C;C;D;D;C;A;A;A;B;C;B;C;C;D;A;D;A;D;B;C;D;A;A;C;C;D;2603580
1114;A;C;C;B;A;A;B;D;A;A;B;D;D;D;C;D;B;A;C;A;B;C;C;A;D;A;D;D;C;C;A;C;B;B;C;B;D;D;C;C;D;A;D;C;B;A;D;B;A;C;B;B;C;D;D;A;A;B;C;B;B;C;C;A;A;D;B;D;C;B;D;D;D;C;B;C;B;C;C;C;C;D;B;C;B;C;C;D;B;D;A;C;B;D;B;C;A;D;A;B;2553110
1121;D;C;C;C;B;A;D;B;A;B;B;C;A;D;C;A;B;C;C;C;B;C;D;B;C;C;D;D;C;A;A;B;B;B;D;A;A;C;C;A;C;A;D;C;A;A;D;B;A;C;A;A;A;C;D;A;D;B;C;B;A;C;C;B;A;D;B;D;D;B;A;D;A;C;D;C;D;B;D;A;A;D;B;A;B;A;A;D;B;D;A;A;B;D;D;D;A;D;C;A;2602920
1128;A;A;C;B;B;A;B;D;A;A;B;D;A;D;C;D;B;A;C;C;D;B;D;C;A;C;D;D;C;D;A;B;B;B;C;A;D;C;C;C;B;A;D;C;C;A;D;B;A;D;B;B;A;C;D;D;D;B;C;B;A;C;C;B;A;D;B;D;D;D;A;D;D;C;C;C;C;B;D;A;A;D;B;A;D;B;C;D;C;D;A;D;B;D;B;C;C;D;C;D;2583760
1129;A;C;B;B;B;A;C;A;A;D;B;C;D;D;B;D;B;A;B;C;B;C;A;B;A;A;B;A;B;A;A;B;B;B;A;A;B;C;C;C;D;A;D;D;D;B;D;B;A;A;C;C;A;A;D;D;A;A;A;A;C;C;C;C;B;B;B;C;C;B;C;A;A;D;A;C;D;C;D;A;B;D;A;D;B;B;D;B;C;B;A;B;C;D;B;A;B;C;B;C;2602520
1132;D;A;C;B;A;A;B;A;A;A;B;C;A;C;A;C;B;A;C;B;B;B;D;A;D;C;A;D;C;C;A;B;A;D;A;D;D;C;D;C;B;A;D;C;B;A;D;B;A;C;B;D;A;C;D;A;D;B;B;A;B;C;D;A;A;D;B;D;D;C;C;B;D;C;A;C;C;B;A;A;B;D;A;D;B;D;C;D;C;B;A;B;B;D;B;C;A;D;C;B;2587720
1133;B;A;C;C;C;A;D;B;A;B;B;D;A;D;C;D;B;A;B;C;B;C;C;C;A;C;C;A;D;C;A;B;B;B;C;B;A;C;C;D;C;A;D;B;B;A;D;B;A;C;B;B;A;C;D;A;D;B;C;D;A;C;C;A;B;D;B;D;D;D;D;D;A;C;C;C;B;B;D;C;B;D;D;A;B;D;C;D;A;B;A;D;B;D;C;A;A;D;A;A;2601960
1137;A;D;C;C;B;A;A;B;A;A;B;D;A;D;C;B;B;C;C;B;B;C;C;A;C;A;D;C;C;D;A;C;B;B;C;D;D;C;C;C;B;D;D;C;C;A;D;B;A;C;B;B;B;C;D;C;D;B;C;B;A;C;D;C;B;D;B;D;C;B;D;D;D;D;C;C;B;D;D;D;C;D;C;C;C;A;C;D;C;D;A;D;B;D;D;A;A;D;C;D;2572980
1139;A;D;C;B;C;A;C;D;A;B;B;D;A;C;C;D;B;C;C;C;B;A;C;A;A;C;C;D;A;C;A;B;B;B;D;D;D;D;C;A;B;A;D;C;C;B;B;B;B;D;B;B;A;C;D;A;D;B;C;B;B;C;C;A;D;D;D;C;C;B;A;D;D;C;C;C;B;B;C;C;B;D;C;A;D;B;C;D;A;B;C;C;B;D;B;D;A;C;C;B;2591780
1140;A;D;C;C;D;C;B;D;A;A;B;D;A;C;D;D;B;A;C;B;B;C;C;C;C;C;D;D;D;A;A;C;B;B;C;D;A;C;C;C;B;A;D;C;B;A;D;B;A;C;B;B;A;C;D;D;D;B;C;B;A;C;A;A;D;D;B;D;D;C;C;B;D;C;C;C;D;B;C;A;A;C;C;C;D;D;C;D;C;B;A;B;B;B;A;D;D;D;C;D;2607370
1141;B;D;C;D;A;B;A;C;A;B;A;C;A;D;D;C;B;A;C;A;D;C;C;A;C;A;C;A;A;D;A;C;B;B;C;D;D;D;C;C;C;A;D;B;D;A;D;B;A;C;B;C;A;D;D;C;D;B;A;B;A;C;C;B;A;D;D;A;B;B;C;C;A;D;D;C;D;D;C;C;B;B;B;A;D;D;C;D;A;A;A;D;B;B;B;D;A;A;C;C;2607790
1143;B;D;C;B;B;A;C;B;A;A;B;C;D;D;A;B;B;A;C;C;B;B;C;A;D;C;D;D;D;D;B;C;B;B;D;D;A;B;C;B;B;A;D;C;D;A;D;B;A;D;D;D;A;C;D;A;D;B;C;B;A;C;C;A;A;D;B;D;C;B;D;A;D;C;D;C;D;B;D;A;B;A;D;A;C;D;C;D;A;C;A;C;B;D;B;D;A;D;B;B;2601730
1148;B;A;C;B;B;A;C;D;A;A;B;D;A;D;B;B;B;D;C;C;D;C;C;C;A;C;D;A;A;C;A;C;B;B;C;D;D;B;C;C;B;A;D;C;C;A;D;B;A;C;B;A;A;C;D;A;D;B;C;B;A;B;C;B;A;D;B;D;D;B;A;B;B;C;A;C;D;B;C;A;A;D;C;D;B;D;C;D;C;C;A;B;B;D;D;C;A;D;C;D;2602980
1149;A;A;C;B;C;A;D;B;A;A;B;C;D;D;C;C;B;A;C;D;B;B;C;A;A;A;C;C;D;D;A;C;B;B;A;A;D;D;C;B;C;D;D;C;C;A;D;B;A;C;B;B;B;B;D;A;D;B;C;B;A;C;C;A;A;D;B;B;D;B;A;D;D;C;C;C;D;B;A;C;B;C;B;D;D;B;A;D;B;D;A;D;B;A;D;B;D;C;C;D;2597280
1152;D;D;C;B;D;A;C;C;A;D;B;C;C;D;C;D;B;C;B;A;A;B;C;B;D;A;D;D;B;A;A;B;B;B;A;A;A;D;C;C;B;A;D;C;D;A;D;B;B;A;B;D;A;B;D;A;D;B;C;A;B;C;C;A;A;D;B;B;C;B;C;D;D;B;C;C;D;D;C;C;B;D;A;B;D;C;A;D;A;B;A;B;B;D;B;C;C;C;C;D;2594050
1153;A;A;C;B;B;A;B;B;A;A;B;C;A;B;A;C;A;A;C;C;B;C;C;D;C;D;B;D;B;D;A;C;A;A;D;B;D;C;D;C;D;A;D;C;B;A;D;B;B;D;C;D;D;C;A;D;D;B;D;B;C;C;D;D;D;D;B;D;D;B;C;A;A;B;C;C;C;B;C;A;A;A;B;D;D;C;C;D;D;C;C;B;B;B;A;C;A;D;B;D;2589590
1154;D;A;C;C;A;A;A;A;A;A;B;B;A;D;B;C;B;A;B;C;D;C;C;B;D;C;C;A;D;D;A;A;B;B;A;B;D;C;C;C;C;A;D;C;B;A;D;B;A;C;A;D;C;C;D;A;D;B;C;B;A;C;C;A;C;D;B;B;C;B;C;B;B;C;C;C;C;A;C;C;D;D;D;A;D;B;C;B;A;C;A;C;B;B;B;C;B;D;C;D;2607630
1156;A;A;C;C;B;A;A;A;A;A;B;D;A;D;C;D;B;A;C;C;B;C;C;A;C;C;B;D;C;C;A;A;B;B;C;D;D;C;C;B;B;A;D;C;B;A;D;B;B;C;B;B;A;C;D;A;A;B;C;B;A;C;D;A;A;D;B;D;C;C;A;A;D;C;C;C;C;B;C;C;A;C;B;D;B;B;C;B;C;D;A;B;C;D;D;D;B;D;C;D;2589970
1158;D;A;C;B;B;D;C;D;A;A;B;D;A;A;B;A;B;A;C;A;A;C;C;C;C;C;D;D;A;A;A;C;B;B;C;A;D;D;C;C;C;A;D;C;A;A;C;B;A;C;B;B;A;C;D;A;B;B;C;B;A;C;C;A;A;D;B;B;A;B;A;B;D;C;C;C;B;B;C;C;C;D;C;D;D;C;C;D;A;D;A;C;B;D;B;C;A;D;C;D;2597020
1164;B;A;C;A;D;A;C;B;A;B;B;D;A;D;B;D;B;C;C;D;B;B;C;A;C;C;C;A;C;A;A;A;B;A;A;A;A;C;C;C;B;A;D;C;B;A;D;B;A;C;B;D;A;A;D;A;A;D;C;B;A;C;C;A;A;D;B;D;D;D;D;B;D;C;C;C;C;A;D;A;B;D;D;D;D;B;C;D;A;B;A;C;B;B;B;D;A;B;C;D;2602680
1165;B;A;C;C;A;B;A;B;A;D;C;D;A;D;B;C;B;A;D;C;B;B;C;A;C;C;D;C;D;A;A;C;B;A;C;A;D;C;C;C;C;A;D;C;B;A;D;B;A;C;B;B;A;D;D;C;D;D;C;B;A;C;C;A;A;D;B;D;C;D;A;B;D;C;C;C;B;B;A;D;C;C;B;B;C;B;A;C;C;B;A;B;B;D;D;D;B;A;D;B;2584000
1168;A;A;C;B;D;A;C;B;B;A;B;C;A;D;B;A;B;A;A;A;B;C;C;B;A;A;D;D;B;B;A;C;B;D;D;D;A;B;C;C;B;A;D;C;B;A;D;B;A;A;B;B;A;C;D;A;D;B;C;A;B;C;C;A;A;D;B;C;A;B;C;D;D;C;C;B;D;B;D;A;B;D;C;C;B;C;C;D;A;B;A;B;B;A;C;D;A;D;C;D;2601660
1178;B;C;C;B;D;A;D;D;A;A;B;C;A;D;B;B;B;A;C;B;B;D;C;C;A;A;C;D;D;C;A;A;B;B;A;A;A;D;C;C;C;A;D;C;A;A;D;B;B;C;B;B;A;C;D;A;D;D;C;A;A;C;C;A;D;D;B;D;C;D;B;D;D;C;C;C;D;B;D;A;A;C;B;A;C;B;A;D;A;A;A;B;B;A;D;C;C;C;C;D;2590960
1181;A;A;C;B;B;A;B;C;C;A;B;C;A;D;B;D;B;C;C;C;B;C;C;A;C;C;D;D;C;A;A;B;B;D;A;D;A;C;C;C;C;A;D;C;B;A;A;B;A;C;D;B;A;C;D;A;D;B;C;B;B;B;A;C;A;D;B;D;D;D;C;B;C;C;B;C;D;B;A;C;B;D;B;D;B;D;D;A;A;D;A;C;C;C;A;C;D;D;C;C;2607750
1184;A;D;C;B;B;B;C;B;A;A;B;C;D;D;A;A;B;A;C;C;B;C;A;A;A;C;C;D;C;C;A;A;B;B;C;C;D;D;C;A;B;A;D;B;B;B;D;B;B;B;B;B;A;B;D;A;D;B;C;B;B;C;C;B;A;D;B;D;D;B;A;D;D;C;A;C;C;C;D;B;B;D;B;D;B;C;C;D;B;B;A;B;B;D;D;C;A;D;C;B;2602760
1191;D;D;C;B;B;A;C;A;A;A;B;D;A;D;C;C;B;A;C;A;B;C;A;C;A;C;D;D;B;A;A;B;B;B;A;B;D;C;C;C;D;A;D;C;B;B;D;B;B;C;D;D;B;C;D;C;A;B;C;B;A;C;D;A;A;D;B;D;D;A;D;B;A;C;C;C;D;B;C;C;C;C;C;B;C;C;C;D;B;D;C;C;B;D;C;D;C;D;C;D;2596790
1192;A;A;C;B;B;B;D;D;A;C;B;D;A;D;C;D;B;A;C;D;B;C;D;C;D;A;D;C;C;D;A;B;B;B;A;A;A;C;C;D;C;A;A;C;B;A;B;B;B;D;B;D;A;C;D;A;D;B;C;A;A;B;C;C;A;D;B;C;C;B;C;B;D;C;C;C;D;B;C;A;C;D;D;C;B;D;C;D;C;A;A;C;D;D;D;C;D;A;C;B;2607630
1194;D;A;C;B;A;A;D;D;A;A;B;D;A;D;D;D;B;A;C;C;B;C;D;C;A;D;B;D;D;D;A;C;D;B;C;B;A;D;C;B;D;B;B;C;B;A;D;B;A;C;B;C;C;C;D;C;D;B;C;B;A;C;C;B;A;D;B;D;C;B;A;B;D;C;C;C;C;B;D;A;A;C;D;C;B;B;A;D;C;D;D;C;B;D;B;C;A;A;C;B;2607610
1197;D;B;C;B;D;A;C;D;A;A;B;D;A;D;C;C;B;A;C;D;B;C;C;C;A;A;D;C;C;C;A;C;B;B;C;D;C;B;C;C;C;B;D;C;C;A;D;B;B;D;B;B;A;C;D;A;D;B;C;B;A;C;C;A;A;D;B;D;D;D;A;A;D;C;C;C;B;A;C;A;A;A;B;C;D;B;C;D;A;D;A;B;B;B;D;A;B;D;C;D;2594180
1200;D;D;C;D;A;B;B;B;A;A;B;C;A;D;C;D;D;A;C;C;B;D;C;A;A;A;B;C;D;C;A;C;D;B;D;D;B;A;C;C;B;A;C;C;D;A;D;B;A;D;B;D;A;B;D;A;D;B;C;B;A;C;C;C;D;D;B;D;C;B;D;A;B;C;D;C;D;A;C;C;B;C;A;C;D;B;C;D;A;C;A;D;B;D;B;D;A;C;D;B;2597690
1202;D;D;C;D;A;B;B;D;A;A;B;C;A;D;A;D;B;A;C;C;B;C;D;C;D;C;D;C;C;D;A;A;B;B;A;B;D;B;C;C;D;A;D;A;B;A;D;B;A;D;B;B;A;B;D;A;D;B;C;B;A;C;A;C;A;D;B;D;D;B;D;B;A;C;C;B;B;D;C;A;A;D;A;A;D;B;C;D;A;C;A;B;B;C;C;C;A;D;D;B;2601760
1208;D;A;C;D;A;A;B;D;C;B;B;C;A;A;A;D;B;C;C;A;B;C;C;A;B;A;D;D;B;D;A;C;B;B;B;D;A;C;C;C;B;C;A;C;A;A;D;B;A;C;B;B;A;B;D;D;D;B;C;B;A;C;D;B;B;D;B;D;C;D;B;B;D;C;A;B;D;B;C;C;B;D;B;C;C;C;C;D;B;D;B;C;B;C;B;D;B;D;C;B;2602600
1211;D;B;C;B;A;D;D;A;A;B;B;C;D;D;C;B;B;A;C;A;B;C;C;A;D;C;D;D;A;A;A;B;B;A;A;D;D;D;C;C;C;A;D;C;D;A;D;B;A;C;A;B;A;C;D;C;A;B;C;B;A;C;C;A;D;D;B;C;C;B;A;B;D;C;C;C;C;B;C;A;C;D;C;C;B;C;C;D;C;D;A;C;C;D;D;C;C;C;D;B;2591410
1212;B;D;C;C;B;B;D;A;C;D;B;D;A;A;C;A;B;A;C;A;B;C;C;A;A;C;C;D;D;C;A;B;B;B;B;D;B;C;C;C;B;A;C;A;B;B;D;B;A;D;B;B;B;C;A;D;D;B;B;B;A;C;C;A;B;B;B;B;C;A;A;D;A;B;D;C;D;D;D;C;D;D;C;C;D;C;C;D;A;B;A;D;B;A;C;D;B;B;C;D;2597730
1215;D;A;C;D;D;A;B;B;A;A;B;D;A;D;C;A;B;C;C;D;B;C;C;B;C;D;D;A;B;D;A;B;D;D;D;D;D;C;D;D;B;A;D;C;D;B;C;B;A;A;B;B;A;D;D;D;D;B;D;B;A;C;C;A;A;D;B;C;C;A;C;D;D;B;C;C;D;B;C;C;C;C;B;A;D;B;C;B;C;C;B;B;B;B;D;C;B;D;D;B;2598090
1217;D;D;C;B;D;C;B;C;A;B;B;C;A;D;A;A;B;D;C;C;B;C;A;B;A;C;D;D;C;A;A;B;B;B;B;A;A;D;C;C;C;A;D;C;B;A;D;B;A;C;D;B;D;B;D;A;A;D;C;B;A;C;C;A;B;D;B;D;D;B;A;D;C;C;C;A;B;B;A;A;A;D;C;C;C;D;C;C;C;D;D;C;B;C;B;A;B;D;C;B;2586910
1220;C;B;C;C;B;D;C;B;A;B;B;D;A;D;C;D;B;A;C;A;D;B;C;A;C;C;D;C;D;A;A;C;B;B;D;D;D;D;C;C;B;A;D;C;C;A;D;B;B;C;B;D;A;C;D;A;A;B;C;D;A;C;C;B;A;D;B;D;C;C;A;B;B;C;D;C;D;B;C;C;D;C;B;C;C;B;C;D;C;A;A;C;B;D;D;C;A;C;C;C;2598150
1228;D;A;C;B;B;B;C;D;A;A;B;D;A;D;B;D;B;A;C;A;B;C;C;C;C;C;D;D;A;C;A;C;B;B;A;A;D;D;C;A;B;A;D;C;C;A;B;B;A;C;D;B;A;C;D;A;A;B;C;B;B;C;C;A;B;D;B;D;C;C;C;D;C;C;A;C;A;B;D;D;A;D;B;A;D;C;C;D;C;D;A;C;C;D;A;C;D;C;C;D;2590910
1230;B;A;C;C;B;A;C;B;A;B;B;D;A;D;A;B;B;A;D;C;B;C;A;A;A;C;C;D;C;C;A;B;B;B;B;D;D;C;C;C;D;A;D;D;C;A;D;B;A;C;B;B;D;C;D;A;D;B;C;B;A;C;C;B;C;B;B;D;C;D;C;D;D;C;C;C;B;C;D;A;C;C;B;A;C;B;C;D;C;C;B;D;B;D;D;C;B;D;B;C;2588010
1232;A;D;C;C;A;A;C;B;A;A;B;D;D;A;B;D;B;A;C;A;B;C;C;A;C;C;D;C;C;B;A;C;B;B;C;D;D;C;C;C;B;A;D;C;B;A;D;B;A;B;B;B;A;C;D;A;D;B;C;B;A;C;C;B;A;D;B;D;D;A;A;B;D;C;C;C;D;A;A;C;C;C;C;C;B;B;C;D;C;D;A;C;A;D;A;C;C;B;D;B;2597000
1236;B;D;C;B;B;A;B;D;A;D;B;D;A;A;C;C;B;A;A;C;B;C;C;C;C;A;D;C;C;D;A;C;B;B;D;D;D;C;C;A;B;A;D;C;B;A;D;D;A;D;B;B;A;D;D;A;D;D;C;B;B;C;C;B;A;A;B;B;D;A;A;D;D;C;A;C;C;C;C;D;A;D;B;C;B;D;C;D;C;D;A;C;B;D;D;D;B;D;B;D;2557880
1238;C;A;C;C;A;A;D;B;A;A;B;B;A;D;B;D;B;D;C;C;D;C;C;B;C;A;D;D;C;B;A;B;B;B;A;D;D;D;C;C;B;A;D;C;B;A;D;B;A;C;B;B;B;D;D;A;D;B;C;B;A;C;C;B;B;D;B;D;C;C;C;B;D;C;C;C;B;C;C;A;D;D;A;C;B;B;C;D;C;D;A;B;B;D;B;D;A;D;C;D;2588620
1239;D;A;C;B;D;A;A;D;A;A;B;D;A;D;C;D;B;A;C;C;B;C;C;C;C;C;D;D;C;D;A;B;B;B;A;A;D;C;C;B;C;A;D;C;B;A;C;B;A;C;B;B;A;C;D;A;D;B;C;B;A;C;C;A;A;D;B;D;C;C;A;D;D;C;A;C;B;B;C;A;A;D;B;C;B;B;C;D;A;D;B;C;B;B;D;C;D;D;D;D;2602690
1240;D;D;C;C;D;A;C;A;A;A;B;D;A;D;B;B;B;C;C;C;B;C;C;B;A;C;D;D;C;D;A;A;B;B;C;A;D;C;C;C;B;A;D;D;C;A;D;B;A;C;B;A;A;D;D;A;D;B;C;B;A;C;C;A;A;D;B;D;C;B;A;D;D;C;C;C;D;B;D;A;B;C;C;D;C;D;C;D;C;D;C;D;C;D;D;A;A;D;C;D;2602580
1243;B;A;C;A;D;A;D;D;A;A;B;D;D;D;C;B;B;A;B;C;B;C;C;A;A;A;B;A;C;B;A;C;B;D;C;B;D;C;C;C;B;A;D;C;C;A;B;B;A;C;B;D;D;C;D;A;A;D;C;B;A;C;C;A;A;D;B;D;D;B;C;D;D;D;C;C;D;A;C;A;C;D;B;C;D;C;C;D;C;D;C;C;C;B;C;A;D;C;D;B;2590720
1244;D;D;C;B;D;A;D;C;A;A;B;C;A;D;C;D;A;A;C;A;B;B;C;A;D;C;C;D;D;C;A;A;B;D;A;D;B;C;C;B;B;D;D;C;B;A;D;B;A;C;D;B;A;D;D;A;D;B;C;B;A;C;C;A;A;D;B;D;C;B;A;D;A;C;C;C;D;B;A;A;A;B;A;D;B;D;C;D;C;D;C;B;A;D;B;D;A;D;C;B;2601780
1248;A;D;C;B;C;A;B;D;A;A;A;B;A;D;C;C;B;C;C;C;B;C;C;A;A;A;D;D;A;D;A;A;B;B;A;B;A;C;C;C;B;A;D;C;C;A;B;B;B;C;B;B;A;C;D;A;D;B;C;B;A;C;C;B;A;D;D;D;C;B;A;B;D;C;C;C;D;B;D;C;A;D;B;D;D;D;C;D;A;D;A;C;B;D;D;C;B;D;C;D;2598620
1249;A;A;C;B;D;A;A;A;A;A;B;D;C;D;A;B;B;C;C;A;B;C;C;B;A;C;B;C;C;D;A;B;B;B;A;D;D;D;C;C;B;A;D;C;B;A;D;B;B;C;B;B;A;D;D;A;D;D;C;B;A;C;C;A;D;D;B;D;C;C;C;D;D;C;C;C;D;A;C;A;C;C;B;A;D;B;C;D;C;B;A;C;B;B;D;B;D;C;C;D;2602720
1253;D;A;C;B;D;A;B;D;A;A;B;D;A;D;B;B;B;A;C;C;A;C;C;A;A;C;D;D;C;C;A;B;B;B;C;D;D;C;C;C;C;A;D;C;C;A;D;B;A;C;B;B;A;C;D;A;D;B;C;A;A;C;C;A;A;D;B;D;C;B;C;D;D;C;A;C;C;A;D;A;D;D;A;D;C;D;C;D;A;D;A;D;B;D;D;C;A;C;A;D;2587820
1257;B;D;C;D;B;A;C;B;A;A;B;B;A;D;C;A;B;C;C;C;B;C;C;B;A;A;D;D;A;C;A;C;A;B;A;A;B;C;C;C;B;A;A;A;C;A;B;B;A;A;D;B;D;D;D;C;D;B;C;A;B;C;C;B;D;C;B;C;D;B;C;B;C;A;A;C;D;C;C;A;B;D;B;A;D;B;C;D;C;B;A;D;B;D;B;C;C;C;C;A;2599250
1260;D;A;C;B;B;A;C;C;A;D;B;D;D;D;B;A;B;A;C;C;B;C;C;B;A;C;D;C;A;A;B;C;B;B;A;A;D;B;C;C;C;A;D;C;B;A;D;B;B;C;B;D;A;C;D;A;D;B;C;B;A;C;C;A;A;D;B;D;D;B;D;D;D;C;C;C;D;A;D;A;C;D;A;A;B;D;C;D;C;B;A;C;B;A;B;D;C;C;C;D;2601680
1262;C;B;C;B;D;A;D;C;A;A;B;D;A;D;B;B;B;C;C;C;B;C;C;B;A;C;D;D;C;D;A;B;B;B;C;A;A;C;C;C;B;A;D;D;C;A;D;B;A;D;B;B;A;C;D;D;A;B;C;B;A;C;C;A;A;D;B;C;D;B;D;B;A;C;A;C;B;A;D;A;B;D;B;A;B;B;C;D;C;D;A;D;C;D;B;C;A;D;C;D;2602230
1265;C;A;C;B;C;A;A;B;A;A;B;D;A;D;C;A;B;A;A;A;B;C;C;C;D;C;C;D;D;A;A;B;B;B;C;D;A;B;C;D;C;C;D;C;D;A;D;B;A;C;B;D;D;C;D;A;D;B;C;A;B;C;C;A;B;D;B;D;D;B;D;B;A;C;C;C;B;A;D;A;C;C;B;D;D;B;C;D;B;C;A;C;B;D;C;C;B;C;C;D;2602040
1271;A;B;C;C;D;A;D;A;A;A;B;D;A;D;D;D;B;A;C;A;B;C;C;C;C;C;D;C;A;C;A;B;B;B;C;B;A;D;D;C;C;B;D;C;B;A;D;B;B;C;B;C;C;A;D;A;D;B;C;A;A;C;D;A;A;D;B;B;C;B;A;D;D;C;A;C;D;B;D;C;B;D;C;D;D;C;C;B;A;B;C;C;B;B;D;A;A;C;C;D;2604580
1274;B;D;C;B;B;A;D;B;A;A;B;D;D;D;B;D;B;C;C;D;B;C;B;B;C;C;D;C;D;A;A;C;B;B;A;D;D;D;C;A;B;A;D;C;C;A;D;B;A;D;B;B;A;C;D;A;D;B;C;B;A;C;C;A;A;D;B;D;D;D;D;B;A;C;C;C;D;A;C;A;B;C;B;D;D;B;C;D;B;B;C;D;B;B;A;C;A;C;C;D;2602610
1278;D;B;C;B;B;A;C;A;A;B;B;D;A;D;C;B;B;A;C;C;B;C;D;A;C;B;D;D;A;A;A;B;B;B;C;D;D;C;C;C;B;A;C;C;D;A;D;B;A;C;A;B;A;B;C;A;D;B;C;B;A;C;D;A;A;D;B;D;D;B;C;D;C;C;C;C;B;D;D;D;A;D;B;D;B;B;C;D;A;D;A;B;B;D;D;A;A;C;A;D;2603100
1279;A;D;C;B;A;A;D;B;A;A;B;D;A;D;C;D;B;A;C;C;B;C;C;A;C;A;D;D;D;C;A;B;B;B;C;D;D;C;C;C;B;A;D;C;C;A;D;B;A;C;B;B;A;B;D;A;D;B;C;B;A;C;C;A;A;D;B;D;C;C;C;B;A;C;C;C;B;D;C;D;B;D;B;A;D;C;C;D;B;D;A;D;B;D;D;C;A;D;C;D;2588380
1283;D;A;C;D;B;A;C;D;A;A;B;D;A;D;A;D;B;A;B;C;D;C;C;B;A;A;C;D;A;D;A;C;B;B;A;D;D;D;C;A;C;C;D;C;A;A;D;D;B;C;D;B;B;D;D;A;D;B;C;B;B;C;C;A;A;D;B;B;D;D;A;D;D;C;D;C;D;B;D;A;A;C;B;D;D;C;C;B;A;A;D;B;C;D;D;D;A;D;C;D;2597350
1284;B;C;C;B;D;A;B;B;A;D;B;D;A;D;B;D;B;C;A;C;B;C;C;A;A;C;D;D;C;C;D;A;B;A;A;D;A;C;D;B;B;B;D;D;C;A;D;B;B;B;B;B;A;D;D;C;D;B;C;B;B;C;C;A;A;D;B;C;D;C;D;B;A;C;C;A;B;A;D;C;B;C;B;C;B;D;C;D;C;B;A;C;B;D;D;D;A;C;C;D;2591600
1288;D;D;C;B;D;B;A;B;A;A;B;D;A;C;D;D;B;A;C;D;B;B;B;C;D;A;A;D;B;C;A;A;B;B;A;D;A;C;C;B;C;A;D;C;B;A;B;B;A;D;B;B;D;C;D;A;X;B;C;A;A;C;C;A;A;D;B;C;D;B;D;B;D;C;C;C;D;B;A;C;A;D;B;C;B;B;A;D;B;C;A;A;B;D;D;C;A;C;B;D;2593800
1290;D;B;C;B;B;A;D;C;A;A;B;C;A;D;C;B;C;D;C;C;D;B;C;B;A;A;C;D;D;A;A;C;B;D;C;D;D;D;C;C;A;D;D;C;C;B;D;B;A;C;B;B;A;B;D;A;A;B;C;B;B;C;C;A;A;D;B;B;D;B;A;C;D;C;C;B;B;B;A;C;A;D;B;D;D;B;C;D;C;D;A;C;B;D;D;D;D;B;C;B;2592040
1292;B;A;C;A;B;A;D;A;A;B;B;D;A;D;B;D;B;A;C;C;B;C;C;A;A;A;D;A;C;D;A;C;B;B;C;D;D;D;C;A;B;A;D;C;A;A;D;B;A;C;B;B;A;C;D;D;D;B;C;B;B;C;D;A;A;A;B;D;C;C;D;D;D;C;C;C;C;B;D;A;C;A;D;A;A;D;C;D;C;D;C;C;B;D;D;D;A;C;C;D;2581550
1293;A;A;C;C;A;A;B;D;A;A;B;D;A;A;C;D;B;A;C;A;B;D;D;B;A;C;B;D;C;A;A;B;B;B;A;B;A;B;D;C;B;A;D;A;B;A;D;B;A;A;B;B;A;C;D;C;D;A;C;C;A;C;C;D;A;B;B;C;C;B;A;D;D;C;D;C;D;B;A;C;B;C;B;C;C;D;C;D;A;C;A;B;B;C;C;C;B;D;C;D;2602180
1294;C;A;C;B;A;A;B;C;A;D;B;C;A;D;A;A;B;C;C;A;B;C;D;C;D;C;D;D;B;B;A;C;B;D;C;B;D;C;C;D;D;B;D;C;B;A;D;B;A;C;D;D;B;B;A;B;D;C;D;B;B;C;C;A;B;D;B;C;C;B;B;D;D;C;C;C;D;C;D;D;B;C;B;D;B;B;C;D;A;A;A;C;B;D;B;A;B;D;C;B;2591720
1300;A;C;C;B;D;A;D;B;A;A;B;B;A;D;B;A;B;A;C;C;C;C;C;A;D;C;C;D;D;D;A;B;B;B;A;B;A;C;C;D;C;A;D;C;B;A;D;B;B;C;B;B;A;C;D;B;D;B;C;B;A;C;C;B;B;D;B;D;C;B;A;B;D;C;C;C;B;B;C;D;A;A;A;A;D;B;C;D;A;C;A;B;B;C;D;D;C;D;C;D;2601680
1301;A;A;C;B;A;A;B;D;A;A;B;D;A;D;A;D;B;A;C;X;B;C;D;B;C;C;C;D;D;D;A;B;B;B;A;D;D;B;A;C;C;A;D;B;B;A;D;B;A;D;B;A;A;B;D;D;D;B;C;B;A;C;C;C;A;D;B;D;D;B;C;D;D;C;A;C;B;B;D;A;A;D;B;B;D;B;C;B;A;B;A;D;C;C;D;C;A;D;D;D;2589190
1304;B;D;C;C;B;A;C;C;A;A;B;C;A;C;A;D;B;A;C;A;B;D;C;C;C;C;C;C;D;D;A;C;B;B;D;C;D;C;C;B;C;A;D;C;C;A;D;B;A;D;B;B;A;C;D;A;A;A;C;B;A;C;C;B;A;D;B;D;C;C;D;D;A;C;A;C;C;B;A;C;B;D;B;D;B;D;C;D;A;D;A;D;C;D;C;B;A;D;C;D;2602600
1307;A;A;C;B;D;A;C;B;A;A;B;D;A;D;B;B;B;C;C;A;B;D;C;A;A;B;D;D;C;C;A;B;B;B;C;D;D;B;C;C;C;A;D;C;B;A;D;B;A;D;B;B;A;C;D;A;D;B;C;B;A;C;C;B;A;D;B;D;D;D;A;D;D;C;C;C;B;B;D;C;C;C;B;C;D;D;C;D;C;D;A;B;B;D;D;A;B;D;A;D;2593330
1311;A;B;C;B;A;A;C;B;A;A;B;D;A;D;A;B;B;A;C;D;B;C;C;B;A;C;D;D;D;C;A;C;B;B;B;A;D;C;C;A;B;A;D;D;B;A;D;D;B;C;B;B;A;C;D;A;D;B;C;B;A;C;C;A;A;D;B;D;C;D;A;B;D;C;A;C;B;B;D;A;C;C;B;C;B;B;C;D;C;D;A;C;B;D;A;C;A;D;C;D;2580190
1313;B;A;C;B;B;A;D;D;A;A;B;D;A;D;B;B;B;A;C;C;B;C;B;A;A;A;B;A;C;A;A;A;B;A;C;D;D;C;C;C;B;A;D;C;B;A;D;B;B;C;B;B;A;D;D;A;D;B;C;A;A;C;C;C;B;D;B;D;D;D;C;B;B;C;C;C;B;B;D;D;A;D;A;D;B;C;C;D;C;C;X;B;B;D;D;C;B;A;C;D;2575510
