;Q1;Q2;Q3;Q4;Q5;Q6;Q7;Q8;Q9;Q10;Q11;Q12;Q13;Q14;Q15;Q16;Q17;Q18;Q19;Q20;Q21;Q22;Q23;Q24;Q25;Q26;Q27;Q28;Q29;Q30;Q31;Q32;Q33;Q34;Q35;Q36;Q37;Q38;Q39;Q40;Q41;Q42;Q43;Q44;Q45;Q46;Q47;Q48;Q49;Q50;Q51;Q52;Q53;Q54;Q55;Q56;Q57;Q58;Q59;Q60;Q61;Q62;Q63;Q64;Q65;Q66;Q67;Q68;Q69;Q70;Q71;Q72;Q73;Q74;Q75;Q76;Q77;Q78;Q79;Q80;Q81;Q82;Q83;Q84;Q85;Q86;Q87;Q88;Q89;Q90;Q91;Q92;Q93;Q94;Q95;Q96;Q97;Q98;Q99;Q100;IDEXTERNO
3;C;B;D;B;D;B;C;C;B;B;C;A;B;A;C;A;C;D;D;D;C;D;D;C;D;D;C;A;B;B;B;D;B;C;D;A;A;D;D;D;C;B;A;D;C;B;A;C;B;A;C;A;B;A;A;B;A;A;D;C;B;D;D;D;B;A;C;C;D;A;B;A;A;D;C;D;A;C;A;A;D;D;C;A;D;C;D;A;C;A;B;D;C;A;A;A;B;D;D;C;2594240
5;B;B;D;D;B;B;B;A;B;B;C;A;B;A;D;B;C;B;D;B;C;D;D;B;B;D;D;D;D;D;A;C;C;C;D;A;B;D;D;D;C;B;A;D;B;B;C;C;B;A;C;C;C;D;A;A;B;C;D;C;B;D;D;B;A;A;C;A;D;A;D;C;A;D;D;D;D;B;D;B;C;A;C;A;A;C;D;A;D;A;B;C;C;C;C;A;C;A;D;D;2581550
7;B;B;D;A;B;B;C;C;D;B;C;A;B;A;D;B;C;B;D;D;C;D;D;B;D;B;A;A;B;D;B;C;C;C;D;A;B;D;D;D;C;B;A;D;D;B;A;C;B;A;C;C;B;D;A;B;B;A;D;C;B;D;D;D;C;A;C;A;A;A;A;A;A;D;D;D;A;B;A;A;A;B;C;D;A;A;D;A;D;A;B;D;C;A;B;A;A;A;D;A;2602970
10;C;D;D;C;C;B;D;A;B;B;C;A;B;A;D;D;C;B;D;C;C;A;D;B;A;B;A;A;D;A;B;D;C;A;C;A;A;D;D;A;D;B;A;C;B;B;A;C;C;D;A;C;B;C;A;B;B;C;D;B;C;D;D;B;B;A;C;A;D;B;B;A;B;D;D;D;C;C;A;A;D;D;C;D;A;A;D;A;D;C;B;C;C;A;C;A;B;D;D;A;2607590
11;A;B;D;D;D;B;A;C;D;C;C;B;B;A;A;C;C;A;D;A;A;D;D;D;A;D;C;A;A;D;B;D;C;C;B;A;A;B;D;A;C;B;B;D;C;B;A;C;B;D;C;B;B;D;A;B;B;C;D;C;C;D;A;C;B;A;C;A;D;D;D;C;A;D;D;D;A;A;A;D;D;A;B;A;C;D;D;A;C;C;B;C;A;A;C;B;D;A;D;A;2601900
12;A;A;D;C;C;B;B;C;B;B;C;D;B;A;B;A;C;B;D;D;C;D;D;B;D;D;C;B;A;A;B;D;C;C;D;A;C;A;D;C;C;D;A;D;C;B;A;C;B;C;C;C;B;A;A;B;A;C;D;C;B;D;D;B;B;A;C;A;D;C;A;C;A;D;D;D;A;B;D;A;C;A;C;A;D;D;A;A;B;C;B;A;C;C;B;A;B;A;D;A;2607350
20;B;B;D;D;A;B;D;C;B;B;C;A;B;A;C;C;C;D;D;B;C;A;A;C;B;B;A;D;A;A;B;B;C;C;A;C;A;D;D;C;B;B;A;D;C;B;A;C;C;D;C;C;D;D;A;B;B;C;D;C;B;D;D;A;C;A;C;A;A;D;A;A;B;D;D;D;C;B;A;B;D;D;A;D;B;C;D;A;D;A;B;C;C;A;A;A;B;A;D;A;2596710
23;A;D;D;C;C;B;C;B;B;C;C;D;A;A;C;A;C;B;D;D;C;D;D;B;D;B;A;D;B;D;B;B;C;B;C;B;A;D;D;D;D;B;A;D;B;B;A;C;B;A;C;C;A;D;A;D;A;A;D;B;B;D;D;B;A;A;C;A;A;C;A;A;A;C;D;D;A;B;A;B;D;A;C;A;D;C;D;A;C;A;B;D;C;A;D;D;B;D;B;A;2607800
26;B;A;D;C;C;B;A;C;B;B;C;D;B;A;B;A;C;B;D;B;C;D;A;C;D;B;A;D;A;B;B;C;C;C;B;A;A;D;D;D;C;C;A;B;C;B;A;C;C;D;B;A;B;C;A;C;B;A;D;C;B;D;B;C;A;A;C;C;D;C;D;B;A;D;D;D;D;B;A;B;D;A;C;A;A;D;D;A;C;C;B;D;C;B;C;D;D;B;C;A;2596480
31;C;B;D;B;C;B;D;B;B;B;C;A;B;A;D;A;C;D;D;D;C;D;C;B;D;D;A;D;A;B;B;D;C;C;D;A;B;C;D;D;C;B;A;D;C;B;C;C;B;D;B;C;B;D;A;B;A;C;D;C;B;D;D;B;B;A;C;A;D;C;A;C;A;D;D;D;A;B;A;B;C;C;C;B;A;A;D;A;B;A;D;C;C;B;A;D;D;A;D;A;2602450
37;A;A;D;C;B;B;D;A;B;B;D;A;B;A;D;B;C;B;A;B;B;D;A;B;B;D;A;A;A;A;B;C;C;A;D;A;C;D;D;D;C;B;A;D;C;B;A;C;B;D;C;C;B;D;A;A;A;B;D;C;B;D;D;B;B;A;C;A;A;C;A;A;B;D;D;D;A;C;A;B;B;A;C;D;A;C;D;A;B;D;B;D;C;C;C;B;B;A;D;A;2602650
38;B;A;D;C;C;B;B;C;B;B;C;A;B;A;C;A;C;B;A;D;C;D;D;D;A;D;A;D;D;D;B;C;C;C;D;A;A;A;D;D;C;B;A;D;B;B;A;C;D;D;C;C;B;D;A;D;A;C;D;C;B;D;D;B;B;A;C;A;D;A;A;C;A;D;B;D;A;B;D;A;A;D;C;B;C;C;D;B;C;A;A;D;C;C;A;A;D;D;D;C;2592320
41;B;A;D;C;A;B;D;C;B;C;C;D;B;A;D;D;C;D;D;D;A;D;D;B;C;B;D;A;D;B;B;B;C;C;D;D;C;B;D;A;C;D;A;D;B;B;D;C;C;D;C;A;B;C;A;B;A;C;D;C;C;D;D;A;C;A;C;A;D;D;B;A;B;D;B;D;B;B;A;B;C;A;A;C;A;D;D;A;C;A;B;C;C;B;C;B;D;A;B;D;2602520
43;D;B;D;D;C;B;B;C;B;C;C;A;B;A;D;A;C;B;D;B;C;D;D;C;D;A;D;A;A;D;B;D;C;A;C;A;B;D;D;D;A;B;C;D;C;B;A;C;B;D;C;A;C;C;A;B;A;C;D;B;B;D;A;D;A;A;C;A;D;C;A;A;C;D;D;B;A;B;D;A;D;A;C;D;A;D;A;A;D;C;B;D;C;C;A;D;C;A;D;C;2592330
46;D;B;D;C;C;B;B;C;B;B;C;D;B;D;A;B;C;B;D;D;C;D;D;C;A;D;A;A;D;A;B;D;C;C;D;C;B;A;D;D;D;B;D;D;C;B;C;C;B;D;C;C;B;B;A;B;A;C;D;C;C;D;D;B;C;C;B;A;A;D;B;A;A;D;D;D;A;C;B;B;C;A;C;A;C;C;D;B;D;A;B;A;C;A;C;D;D;D;A;A;2607650
52;A;B;D;D;C;C;A;C;B;C;C;D;A;D;C;A;C;B;D;C;C;A;D;B;D;D;B;D;C;B;B;B;B;C;D;A;B;D;A;D;C;B;A;A;C;C;A;C;C;D;A;B;B;D;B;B;A;C;D;B;B;D;C;D;B;A;C;A;D;A;A;C;A;C;B;B;A;C;D;B;C;A;B;A;A;D;B;A;C;C;D;D;C;B;C;A;D;D;D;C;2603470
53;A;A;D;C;C;B;C;A;B;B;C;D;B;A;D;A;C;D;D;D;C;D;B;D;B;D;A;A;B;C;B;D;C;C;B;D;B;D;B;D;C;B;A;D;B;B;A;C;B;D;A;C;C;D;A;B;A;C;D;C;B;D;D;D;B;A;C;D;D;C;B;C;A;C;D;D;A;C;B;A;B;C;C;D;A;C;D;A;D;A;B;D;C;D;C;D;C;D;D;D;2594120
56;C;B;D;A;C;B;B;C;B;A;C;D;B;A;C;B;C;B;D;C;C;C;D;B;B;B;A;A;D;D;B;B;C;C;B;A;B;D;D;D;D;B;A;B;C;B;A;C;B;B;C;C;B;D;D;B;A;A;A;D;B;D;D;B;B;A;C;A;D;C;B;A;B;D;A;D;A;C;B;B;C;D;A;A;A;C;D;A;C;C;D;C;C;C;C;A;B;D;C;C;2602900
58;A;B;D;C;D;B;A;A;B;B;C;A;B;A;D;C;C;D;D;B;C;D;D;B;D;D;D;D;B;D;B;B;C;C;A;C;A;D;D;B;C;B;A;D;C;B;A;C;B;A;C;C;C;A;B;B;A;C;D;B;B;D;D;B;C;A;C;D;A;C;D;A;B;D;D;D;A;D;A;B;D;A;C;D;B;C;D;B;D;A;B;D;C;D;A;A;D;D;A;A;2589780
61;B;C;D;C;B;B;C;A;B;D;C;A;B;A;C;A;C;B;D;D;C;D;D;B;A;D;C;A;B;D;B;C;C;C;C;C;A;D;D;D;C;A;A;D;D;B;A;C;B;D;C;C;D;D;A;B;A;C;D;C;C;D;D;B;B;C;C;D;A;C;B;A;D;D;B;D;C;D;D;B;D;A;C;D;C;C;D;A;D;A;A;D;D;D;C;A;A;B;D;A;2588270
63;A;A;D;C;C;B;D;A;B;B;C;D;D;A;C;D;C;C;D;D;C;D;D;C;A;D;A;A;D;A;B;C;C;C;B;C;A;B;D;D;C;A;A;B;C;B;C;C;B;A;A;A;D;D;A;D;A;C;D;C;C;A;D;B;C;A;C;D;D;D;D;A;B;D;D;D;D;A;A;B;B;A;C;B;C;D;D;A;C;A;B;C;D;A;C;B;A;A;D;D;2589940
64;B;B;D;C;A;B;D;C;B;B;C;A;B;A;D;A;C;B;D;B;C;D;D;C;A;D;A;D;D;D;B;C;C;C;B;D;A;D;D;D;D;B;A;D;D;C;A;C;B;D;C;C;C;D;A;D;A;C;D;B;B;D;D;B;B;A;C;D;D;B;A;A;B;C;D;D;A;C;D;B;D;D;D;B;A;A;D;A;C;A;B;C;C;D;A;D;C;D;A;C;2602540
69;C;B;D;B;C;B;C;A;B;C;C;A;A;A;D;A;C;B;D;D;C;D;D;C;B;D;A;A;D;D;B;D;C;C;C;A;C;D;D;D;C;B;A;D;D;B;A;C;B;D;C;C;B;C;A;B;A;C;D;C;B;D;D;C;B;A;C;A;A;B;B;A;B;D;D;D;D;C;A;B;D;D;A;B;C;A;D;A;B;A;B;D;D;A;A;D;C;D;B;A;2591740
73;B;B;D;C;A;B;B;A;B;B;C;A;B;A;D;C;C;B;D;B;C;D;A;D;B;D;A;A;D;A;B;D;C;C;D;A;B;D;D;D;C;B;A;D;C;B;A;C;B;D;C;C;B;D;A;B;B;C;D;B;B;D;D;C;B;A;C;A;D;B;B;A;A;D;D;C;C;C;D;B;D;A;D;B;C;C;D;A;D;A;B;A;B;D;B;D;B;D;D;A;2594830
74;B;A;D;D;B;B;D;A;B;B;C;A;B;A;C;B;C;B;D;D;C;D;D;D;B;D;A;A;D;D;B;C;C;C;C;B;A;D;D;B;D;D;A;D;D;B;A;C;B;D;C;C;B;D;A;B;A;C;D;C;C;D;D;B;B;A;C;C;A;B;B;A;D;D;B;C;D;C;D;B;D;D;C;D;A;A;D;A;D;C;B;C;D;D;C;B;C;A;D;A;2577820
77;D;B;D;C;B;B;D;A;B;B;C;A;B;A;A;D;C;D;B;B;C;C;D;B;B;D;A;D;D;B;B;C;C;C;D;A;A;D;D;D;D;B;A;D;D;B;A;C;B;D;C;A;B;D;A;D;A;C;D;C;B;D;D;D;B;A;C;A;D;C;D;A;A;D;D;D;A;D;A;B;D;D;C;D;A;A;D;C;D;A;B;C;C;A;A;B;B;A;D;A;2603040
78;B;B;D;C;B;B;D;A;B;B;B;B;B;A;D;D;C;D;D;B;C;D;D;B;B;D;A;D;B;B;B;C;C;C;B;A;B;D;D;B;C;B;A;D;D;B;A;C;B;D;C;C;C;D;A;B;A;C;D;C;B;D;D;B;C;A;C;A;D;B;B;A;A;D;D;D;C;D;D;B;D;B;C;B;C;C;D;A;D;C;B;D;D;A;C;A;B;B;D;A;2588930
82;A;D;D;C;C;B;D;A;B;B;C;A;B;A;D;A;C;B;B;D;C;D;D;B;D;B;C;A;A;C;B;D;C;C;D;B;B;D;D;D;D;B;A;D;D;B;C;C;B;D;C;C;B;D;A;B;A;C;D;C;C;D;D;D;C;A;C;A;D;C;B;A;A;D;D;D;C;C;A;D;C;A;C;D;C;C;D;A;D;A;C;D;D;A;A;A;B;D;D;C;2592040
83;B;B;D;C;A;B;D;C;B;B;C;A;B;A;D;A;C;B;D;D;C;D;D;B;D;D;A;A;D;D;B;C;C;A;B;A;B;D;D;D;C;B;A;D;C;B;C;C;C;B;C;C;B;D;A;D;A;C;D;C;B;D;D;B;B;A;C;D;D;B;B;A;A;D;D;D;A;B;D;B;D;B;C;D;C;C;D;A;C;A;B;D;C;D;C;D;B;A;D;A;2579160
84;C;A;D;C;A;B;B;A;B;B;C;B;B;A;D;D;C;D;D;B;C;D;D;C;B;D;A;A;B;D;B;C;C;B;D;A;A;A;D;B;C;B;A;D;D;B;A;C;B;D;C;C;C;D;A;B;A;C;D;C;B;D;A;C;B;A;C;A;A;C;B;A;B;D;D;C;A;C;A;B;D;D;C;A;C;A;D;A;D;A;B;D;C;D;A;D;B;A;D;A;2552420
95;D;B;D;D;C;B;D;A;B;B;C;D;B;A;D;B;C;B;B;D;C;D;D;B;B;D;A;A;D;B;B;C;C;C;B;A;B;D;D;D;C;B;A;D;A;B;A;C;B;B;C;C;D;D;A;B;A;C;D;C;C;D;D;C;C;A;C;A;A;A;D;C;A;D;D;D;A;C;A;B;D;A;D;D;A;A;D;A;B;A;A;D;C;D;A;A;B;D;D;C;2558710
101;A;B;D;C;C;B;D;C;B;B;C;A;B;A;D;A;C;A;D;B;A;D;A;C;B;D;A;A;D;A;B;C;C;C;C;B;A;D;D;D;C;B;A;D;C;B;A;C;B;D;C;C;B;A;A;B;A;C;D;C;B;D;D;D;B;A;C;C;A;B;A;A;A;D;B;D;D;D;B;D;B;A;D;D;D;B;B;A;D;D;D;D;C;C;A;A;B;D;A;A;2576590
102;C;B;D;B;A;B;C;A;B;C;C;D;B;D;C;B;C;B;D;D;C;D;D;B;B;D;C;A;D;C;B;B;C;C;B;A;A;A;D;D;C;B;A;D;C;B;A;C;B;D;C;C;B;D;A;B;A;C;D;C;C;D;D;C;B;A;C;C;A;C;D;A;B;D;D;D;A;D;A;B;D;D;C;B;C;A;D;A;D;A;D;A;C;A;B;D;C;A;D;A;2599120
108;B;B;D;C;C;B;D;D;B;B;C;D;B;A;B;A;C;D;D;B;C;D;D;C;A;B;A;A;A;A;B;C;C;C;B;C;B;A;D;D;C;B;A;A;D;B;A;C;B;D;B;C;B;D;A;B;A;C;D;C;B;D;D;D;B;A;C;A;A;C;A;A;A;D;D;B;A;A;B;B;D;D;C;C;B;D;D;A;D;A;B;A;C;A;A;D;B;A;A;A;2602910
110;A;B;D;D;C;B;B;C;B;C;B;D;B;A;B;C;C;B;D;D;A;D;D;D;B;D;D;D;D;A;B;D;C;C;A;B;A;D;D;D;C;B;A;D;C;B;A;C;B;D;C;C;D;D;A;B;A;C;D;C;B;D;D;B;B;A;C;D;D;A;B;A;A;D;D;D;B;B;D;A;A;B;D;D;C;C;D;A;C;A;D;D;D;D;A;D;D;A;D;C;2594310
115;D;D;D;B;C;B;D;C;B;B;C;A;B;A;B;A;C;B;D;A;A;C;D;D;B;B;C;A;A;A;B;D;A;C;B;A;B;A;D;A;C;B;C;A;A;D;A;C;A;B;C;A;C;D;A;A;B;C;D;B;C;D;A;B;A;A;C;A;A;C;B;A;D;C;D;D;D;C;A;A;C;A;B;A;C;C;D;C;B;C;B;D;C;C;B;D;C;A;C;C;2607800
116;B;D;D;C;C;B;A;A;B;B;C;A;B;A;D;D;C;B;D;B;C;D;D;C;B;D;A;A;A;A;B;C;C;C;D;C;A;D;D;D;C;B;A;D;D;B;A;C;B;D;C;C;B;D;A;B;A;C;D;C;C;D;A;B;B;A;C;A;D;C;B;A;A;D;D;D;D;C;B;A;C;A;C;B;C;A;D;A;B;A;B;C;D;C;A;D;B;D;D;A;2595790
118;A;A;D;C;A;B;A;B;B;B;B;A;B;A;C;A;C;B;D;B;A;C;C;B;B;D;A;A;D;A;B;C;C;C;B;B;A;D;D;B;C;C;A;D;C;B;A;C;B;A;C;C;B;A;A;B;A;A;D;C;B;D;D;B;B;A;C;C;D;C;A;C;A;D;D;D;A;B;B;B;D;D;C;C;A;A;D;A;D;C;B;C;C;C;D;D;C;A;D;A;2601830
128;D;B;D;D;C;C;B;C;B;B;C;B;B;A;D;A;C;B;D;B;C;D;D;C;D;D;A;A;A;A;B;D;C;A;B;A;B;D;D;D;D;B;A;D;D;B;A;C;B;A;C;C;C;A;A;B;C;C;D;B;C;D;D;B;A;A;C;A;A;C;A;C;B;D;D;C;D;C;D;B;C;A;D;D;A;B;D;A;B;C;B;C;C;A;D;D;B;A;D;A;2576140
129;D;A;D;C;C;B;C;A;B;B;C;D;B;A;A;D;C;B;A;D;C;C;D;D;D;D;A;A;B;D;B;D;C;B;B;A;B;D;D;A;D;B;A;A;A;B;B;C;B;A;C;C;B;A;A;D;A;C;D;C;B;A;D;B;B;A;C;D;A;C;D;A;A;D;C;D;A;D;A;D;D;B;A;D;A;D;A;A;C;A;B;C;D;A;D;A;C;D;D;A;2592140
131;A;B;D;B;C;B;C;C;B;C;C;A;B;A;D;A;C;D;D;C;C;D;D;C;A;A;A;A;B;B;B;D;C;B;C;A;A;B;D;D;C;B;A;C;C;B;A;C;B;D;A;C;B;A;A;B;A;C;D;C;B;D;D;D;B;C;C;D;A;C;D;C;A;C;D;C;A;C;D;D;B;B;C;B;C;D;C;A;C;C;D;D;D;D;C;A;B;D;D;A;2602910
133;C;B;D;D;B;B;D;C;B;B;C;A;B;A;C;B;C;B;D;B;C;C;A;D;B;D;A;A;C;B;B;D;C;C;D;A;A;C;D;D;D;B;A;A;D;C;A;C;B;D;C;C;B;D;A;B;A;C;D;B;B;D;D;B;B;A;C;A;A;A;X;C;B;D;D;D;A;B;A;B;C;A;B;D;C;C;D;A;D;A;B;D;C;B;C;A;C;A;D;C;2595280
135;A;A;D;B;D;B;D;A;B;A;C;A;B;A;D;A;C;B;D;C;C;D;D;B;A;D;A;D;D;A;B;D;C;C;B;A;A;A;D;D;D;B;A;D;B;B;A;C;C;D;C;A;C;D;A;B;A;C;D;C;B;D;D;B;B;A;C;A;D;B;B;C;A;D;D;D;A;D;B;B;C;A;D;B;C;D;D;A;C;A;B;A;C;C;A;C;A;D;A;B;2589560
139;A;B;D;C;C;B;C;A;B;B;C;A;B;A;C;A;C;B;D;B;A;D;D;B;B;D;A;D;C;D;A;C;C;A;D;C;A;D;D;D;C;B;A;D;C;B;C;C;C;D;C;C;B;D;A;A;B;C;D;B;B;D;D;C;C;A;C;A;A;B;B;C;A;C;B;D;A;A;A;B;C;A;C;B;C;C;D;C;B;C;B;D;C;A;A;D;C;D;C;A;2590880
142;B;A;D;C;C;B;A;A;B;B;C;A;B;A;D;A;C;B;D;B;C;D;D;B;D;D;D;A;A;A;B;C;C;C;C;C;B;D;D;D;C;B;A;D;D;B;A;C;B;A;C;C;C;C;A;B;A;C;D;C;C;D;D;D;B;A;C;A;D;B;B;C;B;D;D;D;A;C;A;B;B;D;C;B;D;C;D;A;B;A;B;C;C;B;D;B;C;A;D;D;2589950
143;C;B;D;D;A;B;B;C;B;B;C;D;B;A;A;A;C;B;C;D;C;D;D;B;B;D;A;D;D;B;B;C;C;C;B;A;A;D;D;D;C;B;A;D;D;B;A;C;B;D;C;A;B;D;A;B;A;C;D;C;B;D;D;C;C;A;C;C;A;C;A;C;A;D;D;D;A;B;A;B;C;A;D;B;A;A;D;A;B;C;B;D;C;C;B;A;A;A;D;A;2602890
145;B;A;D;C;C;B;C;A;B;B;C;A;B;A;A;B;C;B;D;D;C;D;A;C;B;D;A;A;D;D;B;D;C;C;C;A;B;D;D;D;C;B;A;D;B;B;A;C;B;D;C;C;B;D;A;A;A;C;D;C;B;D;D;C;B;A;C;A;D;D;B;A;A;D;D;C;D;C;A;B;C;A;A;D;A;D;D;A;D;A;B;C;D;A;A;B;C;A;D;A;2593580
146;A;A;D;C;B;B;D;A;B;B;C;A;B;A;C;C;C;D;D;B;C;D;D;C;B;D;A;A;B;D;B;A;C;A;D;A;A;D;D;D;C;B;A;D;C;B;A;C;B;C;C;C;B;D;A;B;A;C;D;C;B;D;D;A;B;A;C;A;A;D;D;A;A;D;D;D;A;A;D;B;C;A;C;D;A;D;B;A;D;C;D;D;C;C;A;D;C;A;D;A;2556770
147;B;B;D;C;C;B;C;B;B;B;C;A;B;A;D;B;C;D;D;D;C;D;D;B;D;B;D;A;B;C;B;D;C;C;D;B;B;D;D;D;C;B;A;D;A;B;A;C;B;A;C;C;D;A;A;B;C;C;D;C;B;D;D;C;B;A;C;A;A;A;B;C;A;D;D;D;C;C;A;B;C;D;D;D;D;C;D;A;C;A;B;D;C;B;B;D;C;D;B;C;2591180
148;B;C;D;C;C;B;D;A;B;B;C;A;B;A;D;B;C;B;D;D;C;D;D;B;D;D;D;A;C;D;B;C;C;C;B;D;A;A;D;D;C;B;A;D;D;B;A;C;C;D;C;A;B;D;A;B;B;C;D;C;B;D;D;B;B;A;C;D;A;C;B;A;B;D;B;D;A;C;D;B;D;D;C;B;C;D;D;A;D;A;B;D;C;D;A;D;B;D;D;A;2591800
149;B;B;D;D;A;B;A;A;B;C;C;A;B;A;D;C;C;B;D;D;A;C;D;B;B;D;A;A;A;C;B;C;C;C;C;B;A;D;D;A;C;B;A;C;D;B;A;C;B;D;C;C;C;D;A;A;B;C;D;C;B;D;D;C;A;A;C;A;D;B;B;C;A;D;B;D;A;C;A;A;A;A;C;B;A;D;D;A;B;A;A;D;C;A;A;D;A;D;A;A;2602210
150;A;B;D;C;A;B;D;C;B;B;C;D;B;A;C;D;C;B;D;B;A;D;D;B;D;D;A;D;B;B;B;D;C;C;B;A;A;D;B;D;D;B;A;D;D;B;A;C;B;D;C;C;B;D;A;B;A;C;D;C;B;D;D;C;B;A;C;C;D;A;A;C;A;D;D;C;A;C;A;B;C;A;C;D;A;C;D;A;C;C;B;C;C;D;C;D;B;D;D;C;2602570
152;B;C;D;C;C;B;B;B;B;B;C;A;A;A;D;A;C;B;B;B;C;A;A;B;B;B;A;D;D;B;B;B;C;A;B;A;A;D;D;B;A;C;A;D;C;B;A;C;B;D;A;B;D;D;A;B;A;C;D;B;D;D;D;B;B;A;C;C;D;C;B;A;A;D;D;D;D;C;A;A;B;A;C;D;C;D;D;A;D;A;B;D;C;A;A;D;A;D;D;C;2591070
153;D;A;D;B;B;B;C;C;B;C;C;A;B;A;C;A;C;B;D;B;C;D;D;D;D;B;A;B;D;D;B;C;C;C;D;B;B;D;D;D;D;B;A;C;D;B;A;C;C;D;A;B;B;D;D;B;A;C;D;B;B;D;D;B;D;A;C;C;D;B;D;C;A;D;D;D;C;A;D;B;D;D;A;A;A;D;D;C;B;C;B;C;C;A;A;D;B;D;B;C;2596590
155;C;B;D;C;B;B;D;A;B;C;C;C;D;A;D;C;C;D;D;B;C;D;D;C;D;D;A;A;A;C;B;B;C;C;B;C;A;D;D;D;D;B;A;D;D;B;A;C;B;D;C;C;B;D;A;B;C;C;D;C;B;D;D;B;B;A;C;A;A;C;B;A;B;D;B;D;D;C;A;D;B;A;D;C;C;C;D;A;D;A;B;D;D;A;A;D;D;D;A;A;2591670
161;A;A;D;C;C;D;B;B;B;C;C;A;B;A;A;D;C;B;D;D;C;D;D;D;C;D;D;A;A;D;B;D;C;C;D;A;B;X;D;C;D;B;A;D;A;B;A;C;C;D;C;C;B;C;A;B;A;A;D;B;B;D;D;B;A;A;C;C;D;C;B;A;A;D;B;D;D;C;A;D;C;A;B;A;C;C;D;A;B;B;D;D;C;B;A;A;B;A;D;A;2602800
169;A;A;D;C;D;B;C;A;B;B;C;A;B;A;C;D;C;B;D;C;C;D;D;B;B;B;D;D;A;A;B;D;C;C;A;B;A;A;D;D;D;B;A;D;D;B;A;C;B;D;C;C;B;D;A;B;A;C;D;C;B;D;D;B;B;A;B;A;A;A;B;A;A;D;B;D;C;C;B;B;A;D;C;B;A;D;D;A;D;A;B;C;C;A;C;D;A;A;D;A;2569760
172;A;B;D;C;C;B;D;C;B;B;C;C;B;A;D;D;C;B;D;C;C;D;D;B;B;B;D;A;C;C;B;B;C;C;B;A;C;D;D;D;C;A;A;D;A;B;A;C;B;D;A;C;B;A;C;B;A;C;D;C;B;A;D;B;B;A;C;A;A;C;D;A;A;A;C;D;C;C;A;B;B;A;A;B;C;C;D;A;D;A;B;D;C;C;C;D;A;B;D;A;2591740
174;B;B;D;C;D;B;A;C;B;B;B;A;B;A;D;D;C;B;D;B;C;D;D;C;D;D;D;A;C;D;B;B;C;C;D;B;A;A;D;D;C;B;A;D;A;B;A;C;C;B;C;C;B;D;A;B;A;C;D;C;B;D;D;B;B;A;C;A;D;C;B;C;D;D;D;C;C;C;B;D;C;A;D;A;A;D;D;A;C;C;D;C;C;C;C;D;C;A;D;D;2602100
175;B;A;D;C;C;B;D;A;B;B;C;A;B;A;D;C;C;B;D;B;C;D;A;D;B;D;A;A;D;A;B;C;C;C;D;B;A;C;D;D;C;B;A;D;C;B;A;C;C;D;C;C;B;D;A;B;A;C;D;C;C;A;A;B;B;A;C;A;D;D;B;A;A;D;D;D;A;B;A;B;D;A;D;A;C;A;C;A;D;C;B;A;C;D;C;D;C;D;B;C;2602050
177;C;B;D;C;B;B;D;A;B;B;C;A;B;A;C;A;C;B;A;D;C;B;D;B;A;D;A;A;D;D;B;C;C;C;A;C;B;D;D;D;A;B;A;D;D;B;A;C;B;D;C;C;C;D;A;B;C;C;D;C;B;D;A;D;C;A;C;A;A;D;B;A;A;D;D;D;C;C;A;B;D;A;C;D;A;C;D;C;C;D;D;C;B;B;A;A;B;B;D;A;2583860
179;B;B;D;C;C;B;B;C;B;B;C;A;B;A;D;A;C;B;D;D;C;D;D;B;B;D;D;A;B;D;B;C;C;A;D;B;A;D;D;D;C;B;A;D;D;B;A;C;C;D;C;C;B;D;A;B;A;C;D;B;B;D;D;B;B;A;C;C;A;B;B;A;B;D;D;D;C;C;B;B;A;D;D;A;C;C;D;A;C;C;B;C;C;D;D;B;B;A;D;C;2601810
180;B;B;D;C;A;B;B;C;B;B;B;A;B;A;C;A;C;B;A;C;C;A;D;D;D;D;D;A;A;A;B;D;B;C;D;D;B;D;D;D;C;B;A;D;D;B;A;C;B;D;C;C;B;D;A;A;B;C;D;D;C;D;D;B;B;A;C;C;A;C;A;A;A;D;D;B;D;C;A;B;B;A;C;A;A;C;D;A;C;C;B;C;C;D;C;D;A;A;B;A;2595890
184;D;C;D;D;C;B;D;C;B;B;C;D;B;A;D;A;C;B;D;D;C;C;A;C;B;C;D;A;B;B;B;D;C;C;A;A;B;B;D;D;D;B;A;C;D;B;A;A;A;D;B;C;B;C;D;A;B;C;D;C;C;D;A;C;B;A;C;C;D;C;A;A;A;A;D;C;C;C;A;D;C;A;D;A;A;A;D;C;B;B;B;B;C;C;C;A;B;A;B;A;2591970
185;A;B;D;C;C;B;B;D;B;B;C;A;B;A;C;A;C;B;C;A;C;B;A;C;D;D;D;A;A;D;B;D;B;C;B;A;B;D;D;D;C;B;A;D;C;B;A;C;B;D;B;A;B;C;D;B;B;C;D;B;B;A;D;D;C;A;C;D;A;A;B;B;D;D;B;D;D;C;A;B;C;A;D;A;A;C;D;A;B;C;B;C;C;D;A;D;A;B;D;D;2576350
187;A;B;D;C;B;B;B;A;B;C;C;A;B;A;D;A;C;B;D;B;C;D;D;D;A;B;A;A;C;A;B;D;C;B;D;B;A;D;D;D;D;B;A;D;D;B;A;C;C;D;C;A;B;D;B;B;B;C;D;C;B;D;D;B;B;A;C;A;A;C;D;A;B;D;D;D;C;A;A;A;A;A;C;C;C;D;D;A;C;C;B;C;C;A;B;D;C;A;D;A;2589320
190;B;C;D;C;A;D;A;C;B;C;C;D;B;A;B;A;B;B;D;B;C;A;D;D;A;A;A;A;D;D;B;B;C;A;C;C;C;C;C;C;C;A;C;B;C;D;A;C;B;B;C;C;D;A;A;B;A;A;D;C;D;D;C;C;C;A;C;C;A;D;B;C;B;D;D;D;B;D;A;D;B;A;C;D;A;D;D;C;D;D;B;C;C;C;A;D;C;A;D;A;2591880
199;D;A;D;D;C;C;B;C;B;B;C;D;B;A;D;D;C;D;A;D;A;D;A;A;A;D;A;B;C;C;B;D;C;C;A;D;A;D;D;A;D;A;A;D;C;B;A;C;B;C;C;C;B;D;A;A;A;C;D;D;B;D;D;B;A;A;C;A;D;C;C;A;A;A;D;D;C;C;D;B;A;D;C;A;A;A;D;C;D;C;B;D;C;A;A;B;C;A;D;D;2602930
203;D;B;D;C;A;B;C;A;B;B;C;A;A;A;D;D;C;B;D;D;C;D;B;C;B;D;A;A;D;C;B;C;C;C;C;A;C;C;D;D;A;B;A;D;C;B;A;C;B;D;C;C;B;C;A;B;B;C;D;C;B;B;D;B;B;A;C;D;A;B;B;A;A;D;D;C;B;C;B;B;A;D;C;C;D;C;D;A;D;C;B;A;C;A;A;D;B;D;D;A;2603060
207;A;A;D;A;A;B;D;C;B;C;C;A;B;A;C;A;C;B;D;D;C;C;B;D;D;B;D;B;D;B;B;D;C;C;B;C;A;B;B;D;D;B;A;D;D;B;A;C;B;B;C;A;B;C;A;B;A;A;B;B;C;D;C;B;A;A;C;D;D;C;D;C;A;D;D;D;C;B;D;A;C;A;D;A;D;A;D;B;B;A;B;C;C;A;C;D;B;D;B;C;2602690
212;A;B;D;D;D;D;D;D;B;B;C;C;B;B;B;D;B;B;D;D;C;C;D;B;D;D;A;B;A;A;B;D;C;C;B;A;C;D;B;A;A;B;A;B;D;B;A;C;B;D;A;B;B;C;A;C;B;A;B;B;B;D;D;B;A;A;C;D;D;A;A;C;A;D;D;C;D;B;B;B;C;A;D;B;C;C;D;A;B;C;B;D;D;B;C;A;C;A;A;D;2601630
214;C;D;D;C;B;B;C;B;B;B;B;A;B;A;C;C;C;B;A;D;C;D;D;C;D;B;C;A;D;D;B;B;C;C;B;A;A;D;D;D;C;B;A;D;D;B;A;C;B;D;A;C;D;D;A;A;A;C;D;C;B;A;D;B;A;A;C;A;A;C;D;A;C;D;D;D;A;B;D;D;C;A;C;A;C;D;D;A;C;C;B;D;C;C;D;D;B;D;B;A;2607680
215;C;A;D;D;C;B;D;C;B;A;C;A;B;A;D;C;C;B;D;B;C;D;D;C;C;D;A;A;A;A;B;D;C;C;C;A;B;A;D;D;C;B;D;D;C;B;A;C;B;A;A;C;D;C;A;B;B;C;D;C;B;D;A;B;C;A;C;D;D;A;B;A;B;D;B;A;A;A;B;A;D;D;C;A;C;C;D;A;D;B;D;A;C;C;A;D;C;A;D;A;2594980
219;A;B;D;C;B;B;C;B;B;B;C;D;B;A;D;A;C;D;D;B;C;D;B;D;A;D;A;D;A;D;B;C;C;C;C;A;B;C;D;A;C;B;A;C;C;A;A;C;B;D;B;B;B;A;A;A;A;C;D;C;C;D;A;B;B;A;C;A;A;C;D;C;B;D;D;D;C;C;D;D;C;A;C;B;A;C;D;C;D;C;C;C;C;A;B;B;D;A;B;C;2602570
227;B;B;D;B;A;B;C;A;B;B;C;A;D;A;C;A;C;B;D;B;C;D;D;B;D;D;A;D;B;A;B;D;C;C;D;C;C;D;D;D;D;B;A;D;C;B;A;C;B;D;C;C;A;D;A;B;A;C;D;C;B;D;D;C;C;C;C;C;D;B;A;A;B;D;D;D;C;D;A;A;D;A;D;D;A;A;D;A;B;A;B;D;D;C;C;D;B;D;B;C;2602720
228;B;B;D;B;D;C;C;A;B;B;C;B;D;A;C;B;C;B;C;B;C;D;D;B;X;D;A;A;C;D;B;C;C;C;C;C;B;D;B;D;D;D;A;C;D;B;C;C;B;D;C;C;C;D;A;A;B;C;C;B;C;D;D;B;C;A;C;A;A;B;D;A;B;D;D;D;A;C;A;D;D;A;D;D;C;C;C;A;D;D;B;A;D;A;A;B;B;D;D;A;2588520
230;A;B;D;C;A;B;D;A;B;B;C;A;B;A;D;B;C;B;C;B;C;D;D;B;A;D;D;B;C;D;B;C;C;C;D;A;A;D;D;C;C;B;A;D;C;B;A;C;C;A;C;C;B;C;A;B;C;C;D;A;B;D;D;B;B;C;C;D;D;A;B;B;A;D;B;D;A;D;B;D;D;A;C;A;A;A;D;A;B;A;B;D;D;A;C;D;C;D;A;A;2604570
232;A;A;D;D;D;B;B;A;B;C;C;A;B;A;D;B;C;D;D;D;C;D;D;B;B;B;A;A;D;A;A;C;C;C;B;B;A;D;D;D;C;B;A;D;C;B;A;C;B;D;C;C;B;D;A;B;B;C;D;C;C;D;D;B;B;A;C;D;D;B;A;A;A;D;B;B;C;C;A;B;C;D;C;B;C;C;D;D;D;A;B;C;C;B;A;B;B;A;D;D;2597200
236;B;B;D;A;C;B;C;A;B;B;C;C;B;A;D;C;C;B;D;D;C;D;D;B;B;D;A;D;C;D;B;C;C;C;B;C;B;D;D;D;C;B;A;D;C;B;C;C;B;D;C;C;B;D;A;B;B;C;D;C;B;D;D;C;B;A;C;D;A;B;B;A;A;D;B;C;A;C;A;B;D;D;B;A;C;C;B;A;D;C;B;A;C;A;A;D;C;A;D;A;2597030
238;A;B;D;C;D;B;D;A;B;B;C;D;B;D;D;C;B;B;D;D;C;D;D;C;D;B;A;A;D;A;B;C;C;C;A;B;A;C;D;A;C;B;B;D;C;B;C;C;B;D;D;C;B;D;A;B;A;C;D;C;B;D;A;B;B;A;C;C;D;D;B;C;A;D;C;D;D;D;D;B;D;D;C;C;C;A;B;A;D;A;B;D;B;B;C;C;B;A;D;A;2602790
245;B;B;D;C;B;B;D;A;B;B;C;D;D;A;D;C;C;A;B;D;C;D;D;C;D;D;D;A;A;B;B;C;C;C;C;A;B;D;D;D;D;B;A;D;B;B;A;C;C;D;D;A;A;D;A;B;B;C;D;C;C;D;D;C;B;A;C;A;A;D;B;C;C;D;B;D;A;D;B;B;C;A;C;D;D;C;D;A;D;B;B;C;C;D;A;D;B;A;C;D;2606590
247;A;B;D;C;B;B;C;A;B;C;C;C;B;A;B;A;C;D;D;B;A;D;D;C;D;D;A;A;B;A;B;C;C;C;D;A;C;A;D;D;C;B;A;D;D;B;A;C;B;D;C;A;B;B;A;B;A;C;D;C;B;D;D;B;B;A;C;D;D;B;D;A;A;C;D;D;A;A;A;B;D;D;B;D;C;D;D;C;D;A;B;C;D;B;A;B;A;D;A;A;2607310
249;A;B;D;D;A;B;D;C;B;B;C;A;B;A;D;C;C;B;D;D;C;D;D;B;B;D;A;A;D;C;B;C;C;C;D;A;A;D;B;B;C;B;A;D;D;B;A;C;B;A;C;C;B;D;A;B;A;C;D;C;B;D;D;B;A;A;C;A;D;D;B;A;A;D;B;D;D;C;A;B;D;A;C;A;C;C;D;A;D;A;B;A;C;B;A;D;A;A;A;A;2592010
256;D;D;D;D;A;B;D;A;B;B;C;D;B;A;C;A;C;B;C;D;C;D;D;C;B;B;A;A;A;A;B;D;C;C;D;A;A;D;D;D;C;B;A;D;C;B;A;C;C;D;D;C;B;A;A;B;A;C;D;B;B;D;D;C;B;A;C;D;D;A;B;A;A;D;D;D;C;C;B;B;B;D;B;D;C;C;D;A;D;A;B;D;C;D;C;A;A;A;B;A;2602500
261;A;B;D;C;C;C;C;A;B;B;C;D;B;A;B;B;C;D;B;B;A;D;D;D;B;B;D;D;C;D;B;C;C;B;C;B;B;A;B;B;C;B;A;D;C;C;C;A;B;A;C;C;A;D;A;B;B;C;D;B;B;D;D;B;C;A;C;C;D;C;B;A;A;D;B;D;D;C;A;B;D;B;C;D;D;A;D;A;D;A;B;D;C;A;C;D;C;D;B;B;2601660
266;A;B;D;C;A;B;D;A;B;B;C;A;B;A;A;C;C;B;D;D;C;D;D;C;B;D;A;A;B;D;B;D;C;C;C;B;A;A;D;D;D;B;B;D;C;B;A;C;B;D;C;B;A;D;A;B;A;C;D;C;B;B;D;B;B;A;C;D;D;A;D;A;A;D;B;D;C;C;A;B;A;D;B;A;A;A;D;A;D;A;B;D;C;D;A;B;C;D;D;C;2552340
268;B;B;D;A;C;B;D;A;B;D;C;C;B;D;C;A;C;D;D;A;C;C;D;B;B;D;D;A;D;D;B;B;C;C;D;B;A;D;B;D;D;B;C;D;D;B;A;C;B;D;C;C;B;D;A;A;B;C;D;C;C;D;D;B;B;A;C;C;A;C;D;A;B;D;D;D;A;D;A;B;C;A;C;B;A;A;D;A;D;A;B;A;C;C;C;B;B;D;D;A;2597240
269;A;B;D;C;C;B;C;C;B;B;C;A;B;B;D;C;C;D;C;D;A;D;A;C;B;D;A;D;B;D;B;B;C;C;D;A;A;D;D;D;C;B;A;D;C;B;A;C;B;D;B;C;B;D;A;A;A;C;D;C;B;D;D;B;B;A;C;A;D;D;B;A;A;D;D;D;B;C;A;A;A;D;A;A;C;A;D;A;B;A;B;A;C;C;C;D;A;A;D;C;2589160
272;B;A;D;C;C;B;C;C;B;B;C;D;B;A;C;A;C;D;D;D;C;D;D;B;B;D;A;A;B;C;B;D;C;C;D;A;B;A;D;A;C;B;A;D;C;B;C;C;B;D;C;C;B;D;A;A;B;D;D;C;B;D;A;C;B;A;C;C;A;D;B;C;B;D;D;D;A;D;D;B;B;B;D;D;D;C;D;A;D;C;B;A;D;C;A;B;C;D;D;A;2601790
274;B;A;D;A;C;C;C;C;B;B;C;A;B;A;C;A;C;D;D;B;C;D;D;B;B;D;A;B;D;B;B;B;B;C;D;A;B;D;D;D;D;B;A;D;C;B;C;C;B;D;C;C;C;D;A;D;A;C;D;C;B;D;D;C;B;A;C;A;D;D;D;C;A;C;D;C;D;D;B;B;C;D;C;D;C;D;D;C;C;C;B;D;D;C;C;A;C;A;D;A;2582610
275;A;D;D;C;C;B;C;C;B;B;C;D;B;A;B;B;C;B;D;D;C;D;D;B;A;D;A;A;D;D;B;D;C;A;B;A;A;D;D;C;D;B;A;D;D;B;C;A;C;D;C;C;B;C;A;B;A;C;D;C;B;D;D;B;C;A;C;A;D;A;D;A;A;D;D;D;C;D;A;B;D;D;C;D;C;D;D;A;D;A;B;C;C;B;A;A;B;A;D;D;2579640
276;B;B;D;C;C;B;C;A;B;B;C;A;B;D;D;C;C;B;D;D;C;D;D;B;B;D;A;A;A;D;B;C;C;C;C;A;B;D;D;D;C;B;A;D;C;B;A;C;B;D;C;C;B;A;A;B;A;C;D;D;B;D;D;C;B;A;C;A;D;D;A;A;A;C;B;D;A;B;D;B;D;A;A;D;D;C;D;A;D;C;B;C;C;B;C;D;A;A;D;A;2585800
278;A;B;D;C;C;B;C;C;B;B;C;A;B;A;D;B;C;B;D;D;C;D;D;C;B;D;D;A;D;A;B;C;C;C;B;A;A;C;D;D;D;B;A;D;C;B;A;C;B;D;B;C;B;D;A;B;A;C;D;B;B;D;D;B;A;A;C;A;A;B;D;A;A;D;C;D;C;C;D;D;D;D;C;D;D;C;D;A;D;C;B;D;C;B;D;B;B;A;C;C;2571510
282;B;D;D;C;C;B;B;A;B;C;C;C;B;A;B;B;C;B;D;D;C;D;D;C;B;D;A;D;D;C;B;D;C;C;D;A;A;D;D;D;D;B;A;D;C;B;A;C;C;D;C;C;B;D;A;B;A;C;D;B;B;D;D;B;B;A;C;C;A;D;B;A;D;D;D;D;A;D;B;B;C;D;C;D;A;A;D;A;D;A;B;C;C;A;A;D;B;D;B;A;2587890
283;A;B;D;C;C;B;A;C;B;B;C;A;B;A;D;A;C;B;D;A;C;D;D;C;D;B;A;A;A;A;B;B;C;C;D;A;B;D;D;B;C;B;A;D;C;B;D;C;B;A;C;C;B;A;D;B;A;C;D;C;B;D;D;D;C;A;C;C;C;C;B;C;D;C;D;D;A;C;A;D;C;A;C;A;A;D;D;A;B;C;B;D;D;C;C;D;C;D;D;C;2602870
284;D;B;D;D;A;B;B;B;B;C;C;A;B;A;D;C;C;D;D;B;C;D;D;B;B;D;C;B;B;A;B;B;C;C;B;A;B;D;D;D;C;B;B;D;A;B;A;C;B;D;C;A;B;D;A;B;B;C;D;B;B;D;D;B;B;A;C;A;D;C;D;C;A;D;D;D;C;D;D;B;C;D;B;A;A;A;D;A;B;C;C;A;C;A;A;D;B;D;C;C;2592110
292;A;A;D;C;D;B;D;C;B;B;C;A;B;A;C;A;C;B;D;D;C;D;A;C;A;D;A;A;D;D;B;C;C;C;D;A;A;D;D;D;C;B;A;A;D;B;A;A;B;D;C;C;D;D;A;D;A;C;D;C;B;D;D;C;B;A;B;C;A;C;D;A;B;D;D;D;A;C;D;B;C;D;B;B;A;C;D;C;D;C;B;C;C;A;A;D;B;D;A;A;2589240
293;D;B;D;C;A;B;D;B;B;A;C;A;B;B;D;A;C;B;D;B;C;C;D;B;D;A;A;A;D;D;B;D;C;C;B;A;C;D;D;C;C;C;A;C;C;B;C;C;B;D;C;A;B;C;A;B;A;C;D;B;C;D;D;B;B;C;C;A;D;C;B;D;B;C;D;D;D;C;D;B;B;A;C;D;B;A;D;A;B;A;B;C;C;D;A;D;A;A;D;A;2599210
296;B;B;D;A;C;D;D;D;B;C;C;B;B;D;C;C;C;D;D;D;A;D;D;B;A;D;D;A;D;D;B;B;C;B;D;A;A;D;D;B;C;B;A;D;D;B;A;A;C;D;C;A;B;D;A;B;A;C;D;C;B;D;D;D;B;A;C;A;D;C;B;B;A;D;D;B;D;C;A;A;C;D;A;B;A;D;C;A;B;A;B;D;C;A;A;D;A;A;D;A;2600420
298;B;B;D;C;C;B;B;A;B;B;C;D;B;A;B;C;C;B;D;D;C;D;D;B;D;B;D;B;A;A;B;C;C;C;D;A;A;D;D;D;D;B;A;D;C;B;D;C;C;D;C;C;B;D;A;D;A;C;D;C;B;D;D;B;B;A;C;A;D;B;B;A;A;D;D;D;C;A;D;B;C;D;D;A;A;C;D;C;B;A;B;C;C;B;B;D;C;A;B;A;2591540
302;B;B;D;B;C;C;D;B;B;B;C;D;B;A;D;D;C;B;D;D;C;D;D;D;A;D;D;A;A;B;B;B;C;C;B;A;A;A;D;C;D;C;A;D;D;B;A;C;C;D;C;C;B;C;A;B;B;C;D;B;B;D;C;B;B;A;C;A;D;C;A;C;A;D;D;D;A;B;A;B;C;A;B;D;A;A;D;A;D;C;B;C;C;A;C;D;C;A;D;A;2601420
306;C;B;D;A;B;B;D;A;B;B;C;C;B;A;D;D;C;B;B;C;C;D;A;B;B;D;A;A;D;A;B;D;C;C;B;A;B;C;D;D;C;B;A;D;C;B;A;C;B;D;A;C;B;D;A;D;B;C;D;C;B;D;D;C;B;A;C;A;A;A;B;A;B;D;B;D;C;C;D;B;B;A;D;D;B;C;D;A;D;A;B;C;C;A;C;B;D;A;D;A;2594960
307;B;A;D;C;C;B;B;C;D;B;C;A;B;A;D;A;C;C;D;D;C;D;C;C;B;D;A;B;D;D;B;C;C;C;A;A;B;D;D;D;D;A;A;D;C;B;A;C;B;D;B;C;B;D;A;B;C;A;D;C;B;D;D;B;B;A;C;C;A;C;B;A;A;D;D;D;D;C;B;B;D;A;D;B;C;C;D;A;D;C;B;D;C;B;A;A;A;D;D;D;2602900
311;B;B;D;C;A;B;D;D;B;B;C;A;B;A;D;A;C;D;D;C;A;C;D;B;A;D;A;A;A;A;B;B;C;C;A;B;A;D;D;D;C;B;A;D;C;B;A;C;B;A;C;C;A;C;A;A;A;C;D;C;C;D;D;B;C;A;C;D;D;C;D;B;B;A;D;D;A;A;A;B;C;A;C;C;D;A;D;A;D;D;B;A;C;A;C;A;C;A;D;A;2586420
312;B;B;D;C;A;B;D;C;B;B;C;A;B;A;D;A;C;D;D;B;C;D;D;B;B;D;A;A;D;A;B;C;C;C;B;B;A;A;D;D;C;B;A;D;D;B;A;C;B;A;B;D;B;D;A;B;B;C;D;C;B;D;D;B;B;A;C;A;A;A;B;A;A;D;D;D;C;C;D;A;B;A;C;D;A;D;A;A;B;B;B;D;D;A;C;B;B;A;D;A;2602890
314;B;B;D;C;B;B;D;A;B;B;C;A;B;A;D;C;C;B;D;D;C;D;D;D;B;D;A;D;B;A;B;D;C;C;A;A;A;D;D;D;C;D;A;D;D;B;A;C;B;A;C;C;B;D;A;B;A;C;D;C;B;D;D;B;B;A;C;B;D;C;B;A;A;D;D;D;C;C;D;B;B;D;C;D;C;A;D;A;D;A;B;C;C;A;A;D;D;A;D;A;2601820
316;B;B;D;C;A;B;B;A;B;B;C;A;B;A;C;B;C;B;D;C;C;A;D;B;D;D;A;D;C;D;B;C;C;C;D;B;A;C;C;D;D;B;A;D;B;B;A;C;C;D;C;C;C;D;A;B;A;C;D;C;C;D;D;D;C;A;C;A;D;D;B;A;A;D;B;D;A;C;B;B;B;A;B;A;C;C;D;A;D;A;B;A;C;A;A;A;D;B;D;A;2552780
320;D;C;D;C;C;B;D;A;B;C;C;A;B;A;A;A;C;B;D;C;C;D;D;B;B;D;A;A;B;D;B;B;C;C;D;A;A;D;D;D;C;B;C;D;A;B;A;C;B;A;C;A;D;C;A;D;A;C;D;B;C;A;D;B;B;A;A;C;D;C;B;A;A;D;B;D;A;C;C;B;C;C;D;D;A;C;C;C;B;C;B;C;C;D;A;A;A;D;D;C;2602300
323;B;B;D;C;B;B;B;C;B;C;C;A;B;A;D;A;C;B;D;D;C;D;A;D;D;D;A;D;A;A;B;D;C;C;C;A;A;D;D;B;D;B;A;D;A;B;A;C;B;A;C;C;B;D;A;B;C;C;D;B;B;D;A;B;B;A;C;A;D;B;A;A;A;D;D;D;C;B;B;B;D;D;C;A;C;A;D;A;D;A;B;D;C;A;C;D;D;A;A;A;2595270
326;A;B;D;A;C;B;C;C;B;B;C;A;B;X;B;D;C;B;D;B;C;D;D;C;A;D;A;B;D;C;B;B;C;C;D;B;A;D;D;D;C;B;A;D;C;B;A;C;C;A;A;C;B;A;A;A;A;C;D;C;B;D;D;D;B;C;C;D;A;D;B;B;A;D;D;B;D;C;B;A;C;B;D;C;C;C;D;A;A;C;B;B;C;A;B;D;B;D;B;A;2588920
334;C;A;D;A;B;D;A;D;B;B;C;A;C;A;D;B;B;D;C;D;C;D;D;C;A;B;A;D;C;A;B;B;C;C;A;A;C;C;D;D;C;B;C;A;D;B;A;C;B;B;C;A;C;B;A;B;A;C;A;B;B;D;B;B;A;A;C;A;D;C;D;C;B;C;A;D;A;A;C;B;C;A;B;D;A;B;D;A;B;C;B;C;C;D;C;A;A;D;C;D;2597820
335;D;B;D;D;C;B;C;A;B;B;C;A;B;A;D;A;C;B;D;D;C;D;B;B;D;D;A;A;D;A;B;C;C;C;B;A;A;D;A;D;D;B;A;C;C;B;A;C;B;D;C;B;B;D;A;A;A;C;D;C;C;D;D;B;B;A;C;D;A;D;B;A;C;D;D;D;D;D;D;B;B;A;D;D;A;A;D;A;D;A;B;D;D;A;A;D;B;A;C;B;2602800
338;A;B;D;A;B;B;A;C;B;B;C;A;B;D;D;A;C;B;D;D;A;D;D;B;D;B;D;A;A;D;B;D;C;A;D;A;B;B;D;D;D;B;A;D;C;B;A;C;B;A;A;C;B;B;A;D;A;C;D;C;B;D;D;B;C;A;C;A;A;C;B;A;D;D;D;D;A;A;A;D;A;D;C;A;C;C;D;A;D;A;B;A;C;C;A;B;C;A;D;B;2607710
352;B;A;D;B;B;B;D;C;B;B;C;A;B;A;C;C;C;B;D;A;C;D;A;B;B;D;A;A;B;D;B;C;C;C;C;A;A;D;D;D;C;B;A;D;D;B;A;C;B;D;C;C;D;D;A;B;C;C;D;B;B;D;D;B;C;A;C;A;A;C;D;A;A;D;D;D;C;B;A;D;D;D;B;C;A;A;D;A;B;A;B;C;C;C;A;D;B;A;D;A;2588610
354;A;B;D;C;A;C;D;A;B;B;C;C;A;A;D;A;C;B;D;B;C;D;D;B;A;B;D;D;B;A;B;D;C;C;B;A;B;C;D;D;D;B;A;C;C;B;A;C;B;D;A;A;B;C;A;B;B;C;D;C;B;D;A;C;A;A;B;A;D;C;B;C;A;D;D;D;A;C;D;B;B;D;C;A;C;C;D;A;D;A;B;D;C;A;A;D;B;B;D;C;2601950
355;D;D;D;C;B;B;C;A;B;B;C;D;B;A;D;A;C;A;D;D;C;C;D;B;D;B;D;A;C;D;B;B;C;C;D;A;A;D;D;D;C;B;B;D;D;B;A;C;B;A;C;C;B;A;D;B;A;C;D;C;B;D;A;B;B;A;C;A;D;D;D;C;A;D;B;D;C;C;B;B;D;D;C;A;A;C;D;A;B;C;B;D;C;B;C;D;D;A;D;A;2602890
356;C;B;D;C;C;B;C;A;B;B;C;D;B;A;C;A;C;D;D;D;C;D;D;B;D;D;A;A;D;B;B;D;B;C;B;A;A;C;D;D;D;B;A;D;C;B;A;C;B;D;C;C;B;A;A;B;A;C;D;C;B;D;D;B;B;C;C;A;D;C;D;B;A;D;D;D;A;C;A;D;A;A;D;B;C;C;D;A;C;D;B;D;D;A;A;D;C;A;D;A;2581660
358;B;B;D;C;C;C;B;A;B;A;C;A;D;A;A;D;A;B;D;A;C;A;D;B;D;D;C;B;A;D;B;D;C;B;D;D;A;C;D;B;A;B;A;B;B;C;A;C;B;A;C;A;B;D;A;B;A;A;D;C;D;C;C;D;B;A;C;D;D;C;A;A;A;C;C;B;A;D;B;D;A;A;C;A;A;A;B;A;B;B;C;C;D;C;A;A;B;D;D;A;2596390
360;A;D;D;B;A;B;B;B;B;B;C;D;D;A;D;D;C;A;D;B;C;D;D;C;D;A;C;B;C;B;B;B;A;C;C;A;C;A;D;C;A;B;A;D;C;B;C;C;B;A;A;A;B;B;D;D;A;A;D;B;C;D;B;B;B;A;C;A;D;C;B;A;A;C;B;B;A;C;B;D;A;D;B;D;A;B;A;C;D;D;B;B;C;A;C;A;A;D;B;A;2603530
361;B;D;D;D;C;D;D;A;B;B;C;A;B;A;C;B;C;A;C;D;C;D;B;C;D;B;A;D;A;B;B;D;B;C;C;A;A;D;D;D;D;B;A;D;A;B;A;C;A;A;C;A;D;A;A;A;A;C;D;C;C;D;D;B;B;A;C;A;D;A;B;A;B;A;D;D;C;C;D;D;C;D;C;B;A;C;B;A;C;C;B;D;C;C;A;D;C;D;D;C;2607420
366;B;A;D;A;A;B;D;C;B;B;C;D;B;A;A;D;A;B;D;D;C;D;D;D;D;B;A;D;C;D;B;B;C;A;D;A;B;A;D;D;C;B;A;D;A;B;A;C;B;D;C;C;B;C;A;D;A;A;D;C;B;D;A;B;B;A;A;A;A;B;D;A;A;D;D;D;D;A;D;B;C;A;D;A;C;C;B;D;C;A;B;C;C;A;C;C;C;A;D;C;2590900
370;B;B;D;C;A;B;B;C;B;B;C;A;B;A;C;C;C;B;D;D;C;D;D;C;B;B;A;A;C;D;B;C;C;C;B;A;A;D;B;D;C;B;B;D;D;B;A;C;B;A;C;C;B;D;A;B;A;C;D;C;B;D;D;D;B;A;C;A;D;D;B;A;A;D;D;D;C;C;B;B;D;A;C;D;C;A;D;A;C;B;B;D;C;B;A;D;B;D;D;A;2596940
371;A;B;D;C;D;B;D;D;D;A;C;A;B;A;B;A;C;B;D;B;C;D;D;D;A;D;A;B;A;B;B;C;C;C;A;C;A;D;D;C;C;B;A;D;D;B;A;C;C;D;B;C;B;A;A;B;A;C;D;B;B;D;D;B;B;A;C;A;A;D;A;A;D;D;D;D;C;C;D;B;D;A;C;B;C;D;D;A;B;A;B;C;D;C;C;D;A;A;B;A;2584560
375;C;C;D;C;A;B;C;D;B;C;C;A;A;A;C;A;C;B;D;B;C;D;D;C;A;C;A;D;A;A;B;B;C;C;D;B;B;D;D;A;D;C;A;B;C;B;A;C;C;D;C;C;B;C;A;B;A;C;D;C;B;D;D;C;A;A;C;A;D;A;D;A;A;D;D;D;A;C;A;D;D;A;C;A;A;C;D;A;A;B;D;C;C;A;C;D;C;A;D;A;2589160
378;A;A;D;D;A;B;A;C;B;B;C;A;B;A;B;D;C;B;D;B;C;D;A;B;B;D;A;D;D;A;B;D;C;C;A;B;A;D;D;D;D;B;A;D;D;B;A;C;B;D;A;C;C;C;D;C;A;C;D;C;B;D;D;A;A;A;B;A;A;D;D;A;B;D;D;D;C;B;D;B;B;A;C;B;A;D;D;A;D;A;B;C;C;C;A;D;C;A;D;A;2595000
382;B;B;D;C;C;B;B;B;B;C;C;D;B;B;B;A;C;B;C;D;C;B;B;B;A;B;A;B;A;D;B;C;C;C;B;B;A;C;D;D;D;B;A;C;C;B;C;C;B;B;B;C;A;A;A;B;A;A;D;B;C;C;D;D;C;A;C;A;A;C;B;B;A;D;D;B;A;D;A;B;A;B;C;D;C;D;D;C;B;C;D;C;C;D;A;D;D;A;D;A;2603130
385;B;A;D;D;C;C;D;C;B;C;C;A;B;A;B;D;C;B;D;D;A;D;D;C;B;D;D;A;B;A;B;B;C;C;A;B;A;D;D;D;D;B;A;D;D;B;A;A;B;D;C;C;B;A;A;A;B;C;D;C;B;D;D;B;B;A;C;A;A;C;C;A;A;D;D;D;C;C;D;D;C;D;D;A;C;D;B;A;B;D;B;D;C;A;C;D;B;A;A;C;2598590
394;A;A;D;C;A;B;D;A;B;B;C;A;B;A;B;D;C;D;C;C;C;D;D;C;B;D;D;A;D;A;B;B;C;C;D;A;A;D;D;D;D;B;A;D;C;B;C;C;B;D;C;C;A;B;B;B;A;C;D;C;C;D;D;B;B;A;C;A;D;C;B;A;A;D;D;D;C;C;D;B;D;D;C;D;C;A;D;A;D;A;B;D;D;A;A;B;A;A;D;A;2587790
395;C;B;D;D;A;B;B;C;B;B;C;A;B;A;C;C;C;D;D;A;C;D;D;B;D;B;D;A;D;A;A;D;C;C;B;A;B;D;D;D;A;B;A;D;A;B;A;C;C;A;B;C;D;D;A;B;A;C;D;B;C;D;D;B;C;A;C;D;A;B;D;A;A;C;D;C;B;D;A;A;D;D;B;A;D;C;D;A;A;C;B;A;C;A;A;D;C;A;D;C;2573030
411;B;C;D;D;A;B;C;A;B;B;C;A;B;A;C;B;C;B;D;D;C;D;D;C;D;D;C;A;D;D;B;D;C;C;D;A;A;D;D;A;D;B;A;D;D;B;A;C;B;D;B;C;B;D;A;B;A;C;D;C;B;D;D;B;A;A;C;A;A;A;D;A;A;D;C;D;C;D;A;B;C;D;D;D;C;C;D;A;B;A;B;C;C;A;C;D;B;A;A;A;2597370
413;B;B;D;D;A;B;C;C;B;B;C;D;B;A;A;C;C;B;B;B;C;D;D;B;B;B;A;A;A;D;B;B;C;C;B;A;A;A;D;D;C;B;A;D;D;B;B;C;B;D;C;C;D;A;A;B;A;C;D;C;B;D;D;B;B;A;C;A;A;B;A;A;A;D;B;D;A;D;B;B;D;D;D;B;A;A;D;A;D;A;B;A;C;A;C;C;B;D;A;C;2593920
415;A;B;D;B;A;B;D;B;B;B;B;D;A;A;D;D;C;B;A;B;C;B;D;C;D;A;D;B;A;C;B;B;C;C;D;A;B;A;D;D;D;B;A;D;D;B;C;C;B;D;C;B;B;A;C;B;A;C;D;B;B;D;D;B;A;A;C;D;A;D;B;A;B;C;D;D;A;C;B;B;D;A;C;B;C;D;D;C;D;C;B;D;C;D;C;D;B;A;D;A;2596620
416;A;B;D;C;D;B;C;A;B;B;C;A;B;A;D;B;C;B;D;D;C;D;D;B;D;D;A;B;B;D;B;C;C;C;D;A;C;D;D;B;C;B;A;D;A;B;A;C;B;D;C;C;B;D;A;D;B;C;D;C;B;D;D;B;B;C;C;C;A;C;B;A;A;D;D;D;C;A;A;B;B;D;D;D;B;A;D;A;D;A;D;A;D;A;A;B;C;D;A;A;2597600
419;D;B;D;A;C;B;C;C;B;C;C;D;B;A;C;A;C;D;B;B;C;D;D;B;B;D;A;A;D;A;B;D;C;C;B;A;A;D;D;D;C;B;A;A;D;B;A;C;B;D;A;C;B;A;A;B;A;C;D;C;B;D;D;D;B;A;C;D;D;C;B;A;A;C;D;C;C;D;A;D;D;A;C;B;A;A;D;A;B;A;B;D;C;D;A;D;D;C;C;C;2594610
420;A;B;D;C;B;B;D;C;B;B;C;A;B;A;C;C;C;B;D;B;C;D;A;D;D;D;A;A;A;A;B;D;C;C;D;A;A;D;D;C;D;B;A;D;D;B;A;C;C;D;C;C;B;C;A;B;A;C;D;C;B;A;D;B;A;A;C;C;A;D;B;A;A;D;B;D;D;B;D;B;C;A;C;A;C;C;D;A;C;A;B;D;D;C;A;A;B;D;D;D;2592300
422;B;B;D;C;A;B;D;A;B;B;C;A;B;A;C;B;C;B;B;D;C;D;D;D;B;D;C;A;D;B;B;B;C;C;B;C;A;A;D;D;C;B;A;D;D;B;A;C;B;D;B;C;D;D;A;B;A;C;D;C;B;D;D;B;A;A;C;A;A;B;B;A;A;D;D;D;C;C;A;B;D;D;C;A;A;C;D;A;D;A;B;C;C;D;A;D;B;A;D;A;2551680
426;A;A;D;C;C;D;B;B;B;B;B;C;A;A;C;D;C;D;D;D;C;D;A;C;D;B;A;A;C;A;B;D;C;A;B;A;B;D;D;D;C;C;A;B;A;B;C;A;B;D;C;C;B;C;A;B;A;A;D;C;B;D;D;C;A;A;C;D;D;C;A;B;D;D;D;C;D;D;A;D;D;D;B;D;D;A;D;C;D;A;D;A;D;A;B;D;B;A;A;A;2601870
429;B;B;D;C;B;B;D;C;B;B;C;D;B;A;C;B;C;B;D;D;C;D;B;D;B;D;A;A;A;D;B;D;C;C;B;B;A;C;D;D;D;B;A;D;D;B;A;C;B;D;A;B;B;C;A;D;A;C;D;C;B;D;D;B;B;A;C;A;D;B;D;C;B;A;B;D;D;C;D;A;B;A;C;B;A;C;D;A;D;A;B;D;D;D;C;B;B;D;D;C;2587310
435;C;B;D;C;C;B;D;A;B;B;C;A;B;B;C;A;C;B;D;B;C;D;D;B;B;D;A;A;B;D;B;C;C;C;D;C;A;D;D;D;C;B;A;D;C;B;A;C;B;D;C;C;B;D;A;D;A;C;D;C;B;D;D;C;B;A;C;A;A;D;D;A;A;D;D;C;B;D;A;B;D;D;C;D;C;A;D;A;D;A;D;D;D;C;A;B;C;A;D;A;2557440
439;A;B;D;A;C;B;D;B;B;B;C;D;A;A;C;B;C;B;D;B;C;C;D;B;A;D;A;D;B;B;B;C;C;A;A;B;A;C;D;D;D;B;A;D;C;B;C;C;B;D;C;C;A;D;A;A;A;C;D;C;B;D;C;B;A;A;C;D;A;C;A;C;B;D;D;B;C;C;B;A;C;A;B;D;A;C;D;A;B;A;B;C;C;B;C;D;D;A;D;C;2602670
442;A;B;D;D;C;B;D;D;B;B;C;A;B;A;C;A;C;D;D;B;C;D;D;C;B;D;D;A;D;D;B;C;C;C;A;A;A;D;D;D;D;B;A;D;C;B;A;C;B;D;C;C;D;D;A;D;B;C;D;C;C;D;D;B;B;A;C;A;D;A;B;A;B;D;D;D;B;D;A;B;D;A;B;B;C;C;D;A;D;A;B;C;C;A;A;B;A;D;D;D;2556340
443;C;B;D;C;C;B;C;A;B;B;C;A;B;A;D;C;C;B;A;D;C;D;D;D;B;D;C;A;D;A;B;C;C;C;A;B;A;D;D;D;C;B;A;D;D;B;A;C;C;D;C;C;B;C;A;B;A;C;D;C;B;D;A;C;B;A;C;A;A;B;B;B;A;D;B;D;C;C;A;B;D;D;C;D;B;C;D;A;D;A;B;C;D;D;A;B;B;A;D;A;2587300
445;B;A;D;C;A;B;D;A;B;B;C;A;B;A;C;A;C;A;D;D;C;D;D;D;B;D;A;A;D;B;B;C;C;C;B;A;A;B;D;C;C;D;A;D;C;B;A;C;B;D;C;C;B;D;A;B;A;C;D;C;B;D;D;C;C;A;C;A;A;B;D;A;A;D;D;D;C;D;A;B;B;A;D;D;C;A;D;A;D;A;D;C;D;D;A;B;A;D;D;B;2590550
448;B;B;D;B;D;B;B;C;B;C;C;A;D;A;A;A;C;D;B;D;C;D;B;C;A;D;A;B;D;B;B;C;C;A;B;C;A;D;D;D;D;B;A;A;A;B;A;C;B;D;C;C;B;D;B;D;A;C;D;B;B;D;D;B;B;A;C;D;A;C;B;A;A;D;B;D;C;C;A;B;D;D;C;D;D;D;D;A;B;D;D;C;C;C;C;D;B;D;A;C;2566300
449;A;B;D;C;B;B;D;C;B;C;C;D;B;A;D;A;C;D;D;D;C;D;D;B;D;B;D;B;A;C;B;C;C;C;D;A;B;D;D;D;C;B;A;C;A;A;A;C;B;D;A;C;B;B;A;B;A;C;D;C;C;D;D;B;C;A;C;C;D;C;B;C;B;C;D;B;A;C;D;B;C;A;C;A;A;D;D;A;B;C;B;C;C;A;C;D;A;D;D;C;2594620
450;A;B;D;B;C;B;D;B;B;B;C;A;B;A;B;D;C;D;D;D;C;A;D;C;A;D;A;D;D;D;B;D;C;C;B;B;A;D;D;D;D;B;A;D;D;B;A;C;C;B;A;A;B;A;A;B;B;A;B;C;B;D;D;B;B;A;C;A;D;C;D;A;B;C;D;B;D;A;D;D;C;A;C;B;D;C;D;A;D;C;B;D;D;A;A;A;A;D;D;A;2586090
451;B;C;D;C;B;B;D;A;B;B;C;D;B;A;C;A;C;B;D;D;C;C;D;B;B;D;A;B;B;A;B;B;C;A;D;A;A;D;D;C;C;B;A;D;C;C;A;C;B;B;C;C;B;C;A;B;C;C;D;C;B;D;D;B;B;A;C;D;D;C;B;A;A;D;B;D;A;C;D;B;B;A;C;B;A;D;B;A;B;C;B;C;C;B;A;D;C;A;D;D;2598360
454;C;A;D;D;C;B;D;A;B;B;C;A;B;A;D;A;C;B;D;B;C;D;B;D;D;D;A;B;D;D;B;B;C;C;D;B;A;D;D;D;C;B;A;D;C;B;A;C;B;D;C;A;B;D;A;C;B;C;D;C;B;D;D;C;C;A;C;D;D;A;B;B;A;D;B;D;D;B;B;B;B;A;C;D;C;D;D;B;B;A;B;C;C;A;A;D;D;D;D;A;2594850
456;B;B;D;C;C;B;D;C;B;B;C;A;B;A;C;C;C;B;D;B;C;D;D;D;D;D;A;A;D;D;B;B;C;C;C;A;A;D;D;A;C;B;A;D;D;B;A;C;C;D;C;C;B;A;A;B;A;C;D;C;B;D;D;D;B;A;C;A;A;D;D;C;A;D;B;B;D;B;A;B;D;B;D;B;C;A;D;A;B;A;B;A;C;C;C;D;A;A;D;A;2594450
461;A;D;D;C;A;B;D;A;B;B;C;A;B;D;D;C;C;B;D;B;C;D;D;C;B;D;A;A;D;A;B;B;C;C;D;C;A;B;D;C;C;B;A;D;D;B;A;C;B;D;C;C;B;A;A;B;A;C;D;B;A;D;D;D;B;A;C;A;A;D;B;C;A;D;D;D;A;C;A;B;A;A;C;B;C;C;D;A;D;C;B;A;D;A;C;D;A;B;D;B;2591140
462;A;B;D;C;A;B;D;A;B;B;C;D;B;A;D;D;C;B;D;D;C;C;D;C;B;B;A;A;D;C;B;D;C;C;C;A;B;D;D;D;C;B;A;B;D;B;A;C;B;D;C;B;B;A;A;B;A;C;D;C;C;D;D;C;B;A;C;D;A;A;B;C;C;D;C;D;A;D;A;B;D;D;C;B;C;C;B;A;C;D;D;A;D;A;A;D;C;A;D;A;2586710
465;A;B;D;B;C;B;B;C;B;B;C;D;D;A;D;A;C;D;D;D;A;C;A;B;D;D;D;D;A;B;B;C;C;C;D;C;B;D;D;D;C;B;A;D;A;B;A;C;B;D;C;C;A;A;A;B;A;C;D;C;B;D;D;B;A;A;C;D;D;C;D;C;A;C;B;D;C;A;D;B;B;A;D;A;C;D;D;A;D;C;B;A;C;C;C;D;C;D;D;C;2596720
466;A;B;D;A;C;B;D;A;B;B;C;D;B;A;D;D;C;B;D;C;C;C;D;C;A;B;D;B;D;B;B;D;C;C;D;A;A;D;D;D;D;B;A;A;B;B;C;A;A;A;C;A;B;D;A;D;A;C;D;B;B;D;D;C;A;A;C;A;D;C;D;C;A;D;D;D;A;B;A;B;C;D;C;A;A;C;D;A;B;C;B;D;D;C;A;D;B;D;A;A;2579990
467;A;A;D;D;B;B;C;B;B;C;C;D;B;A;D;C;C;D;C;B;A;D;A;B;B;B;B;A;D;D;B;B;C;C;C;C;A;D;D;D;C;B;A;D;A;B;A;C;B;B;C;A;D;A;A;D;A;C;D;B;B;D;D;D;A;A;C;A;D;C;B;A;A;D;B;D;C;A;D;D;C;A;B;D;A;A;B;A;D;A;C;C;C;A;C;D;D;D;D;D;2587700
468;B;C;D;C;B;B;C;C;B;B;C;A;B;A;C;B;C;B;D;D;A;D;D;B;B;D;A;D;D;D;B;C;C;C;B;A;A;D;D;D;C;B;A;A;D;B;A;C;B;D;C;C;B;A;A;B;A;C;D;C;B;D;D;B;B;A;C;A;D;C;D;A;A;D;D;D;A;C;A;D;B;D;C;D;D;A;D;A;D;A;B;A;D;A;A;B;B;A;D;A;2607300
474;A;B;D;C;A;B;A;B;B;B;C;A;B;A;C;A;C;B;D;D;C;D;D;C;B;D;A;D;D;B;B;C;C;C;D;A;A;D;D;B;C;B;A;D;C;B;A;C;B;D;B;C;B;D;A;B;B;A;D;C;C;D;D;B;B;A;C;A;D;C;B;A;A;D;B;D;D;C;B;B;B;A;D;D;C;C;D;C;B;C;B;D;C;A;A;D;B;D;C;A;2597400
479;B;B;D;C;C;B;B;C;B;B;C;D;B;A;D;C;C;B;D;C;C;D;D;B;D;D;D;A;D;D;B;C;A;A;D;A;A;D;D;D;C;B;A;D;B;B;C;C;B;D;C;A;B;D;A;B;B;C;D;C;B;D;D;D;A;A;A;D;D;C;D;A;A;D;D;B;A;C;A;B;C;D;C;A;B;A;D;A;D;A;B;C;B;A;A;D;D;D;D;A;2592930
488;D;B;D;C;A;B;C;C;B;C;C;D;B;A;D;A;C;B;A;D;C;D;D;B;D;D;A;A;B;D;B;D;C;B;B;A;A;D;D;D;C;B;C;B;A;B;A;C;B;D;A;A;B;A;A;B;D;C;D;B;B;D;D;B;B;A;C;C;D;B;A;C;C;D;D;D;A;C;D;A;B;D;C;A;A;A;D;B;D;A;B;C;D;A;A;D;C;B;A;D;2607390
490;C;A;D;C;C;B;C;B;B;B;C;A;B;A;D;A;C;B;D;D;C;D;D;C;B;D;A;A;D;D;B;D;C;C;D;A;A;D;D;A;C;B;A;C;D;B;A;A;B;A;C;A;D;D;A;B;A;C;D;C;B;D;D;B;B;A;C;A;D;A;B;A;B;D;D;D;C;C;A;B;D;D;B;D;A;A;D;A;C;A;B;C;D;A;C;D;B;A;D;A;2590440
492;A;B;D;C;C;B;D;B;B;B;C;A;B;A;D;A;C;B;C;D;C;C;D;B;B;D;A;A;B;C;B;B;C;C;D;D;A;D;D;D;C;B;A;D;C;B;A;C;B;A;C;B;A;D;A;B;A;C;D;C;B;D;D;B;C;A;C;A;D;C;D;A;A;D;B;D;A;C;A;B;B;A;A;A;C;C;B;A;B;C;B;C;B;A;C;D;D;D;D;C;2596110
494;A;B;D;C;A;B;A;A;B;B;C;A;B;A;D;A;C;B;C;C;C;D;A;D;A;B;A;A;A;D;B;C;C;C;B;B;A;D;D;B;D;B;A;D;C;B;A;A;C;D;C;C;B;C;A;B;A;C;D;C;B;D;D;B;C;A;C;A;D;C;A;A;C;D;B;D;D;B;A;A;D;A;C;B;C;D;D;A;D;A;B;C;D;A;D;B;B;A;D;C;2583980
496;A;A;D;C;B;B;D;C;B;B;C;D;B;A;D;A;C;B;D;D;C;D;B;C;A;D;B;D;B;D;B;A;C;A;D;A;B;C;D;D;D;B;A;D;A;B;A;C;B;A;C;C;D;D;A;B;A;C;D;B;D;D;A;D;B;C;C;A;C;D;B;C;A;D;B;D;D;C;A;D;B;A;B;A;C;A;D;A;D;A;B;A;D;D;A;B;B;D;B;A;2602360
498;B;B;D;A;C;C;D;B;B;B;C;A;B;A;D;A;C;B;D;D;C;D;D;B;D;B;A;D;D;D;B;C;C;C;B;A;A;D;D;D;C;B;A;D;D;B;C;C;A;D;C;C;B;D;A;B;A;C;D;B;C;D;D;B;B;A;C;A;A;C;B;A;A;D;D;D;A;C;D;B;C;A;C;B;C;A;D;A;B;D;D;A;C;C;A;D;C;A;D;A;2603000
500;D;B;D;D;C;C;B;C;B;B;C;A;B;A;C;A;C;D;D;B;C;B;D;B;D;B;A;A;D;A;B;D;C;C;A;A;A;D;D;D;D;B;A;D;B;B;A;C;B;D;C;C;B;A;A;C;A;C;D;B;D;C;D;B;C;A;C;D;D;D;A;C;B;A;D;D;A;B;D;D;C;A;D;C;D;A;D;A;C;C;B;A;D;C;C;D;B;B;A;B;2598470
503;A;C;D;D;A;B;B;C;B;B;C;A;B;A;D;D;C;B;D;B;C;D;D;D;B;D;C;A;B;A;B;D;C;C;B;A;A;D;D;D;D;B;A;D;D;B;A;C;B;D;C;D;B;D;A;B;A;C;D;C;B;D;D;B;B;A;C;A;D;D;B;A;B;D;D;D;C;C;A;B;D;A;C;A;C;A;D;A;D;A;B;D;C;D;A;D;B;B;D;A;2590180
505;C;C;D;C;C;B;D;A;B;B;C;C;B;A;D;C;C;B;D;B;C;C;D;B;B;B;A;A;C;A;B;D;C;C;A;A;A;D;D;C;D;B;A;D;D;B;C;C;C;D;C;A;B;C;B;B;A;C;D;C;B;D;D;B;B;A;C;A;D;D;A;C;A;D;D;D;D;C;B;C;B;A;C;B;A;D;D;A;B;C;D;C;C;A;C;C;D;D;D;D;2593340
507;B;A;D;C;C;C;B;A;B;A;C;A;B;A;D;A;C;D;D;A;C;C;A;C;A;B;A;A;B;A;B;B;A;B;C;A;A;A;D;D;D;B;A;A;A;B;A;C;B;D;A;C;A;D;A;B;A;C;D;B;C;D;D;B;A;A;C;C;D;B;B;B;A;D;D;D;A;A;A;B;C;A;C;D;A;C;D;A;B;A;B;C;C;B;D;D;C;A;D;A;2594230
508;D;B;D;C;A;B;C;B;B;D;C;A;B;B;B;A;C;D;D;D;A;D;D;B;D;B;A;A;C;A;B;C;C;C;C;B;A;C;D;D;C;B;A;D;D;B;A;C;B;A;C;C;A;D;A;B;A;D;D;A;B;D;A;B;B;A;C;A;A;C;D;A;A;D;D;D;C;B;A;B;B;A;D;A;D;C;D;D;C;C;D;A;D;C;B;D;B;A;A;C;2602990
509;D;A;D;C;C;B;D;C;B;B;C;C;B;A;D;A;C;B;D;D;C;C;A;D;D;C;C;A;C;A;B;D;C;C;D;C;B;D;B;D;C;B;A;C;C;B;A;C;C;A;A;C;B;A;A;B;C;A;D;C;C;D;A;B;B;A;C;A;D;D;B;C;B;D;D;D;A;C;A;A;C;A;A;A;C;D;D;A;C;A;D;D;C;B;D;D;A;A;B;C;2591900
513;A;B;D;D;D;D;B;B;B;B;C;A;B;A;D;B;C;D;A;A;C;D;D;D;B;D;C;A;B;D;B;B;B;C;B;C;B;A;D;C;C;B;A;D;C;B;A;C;C;D;B;C;C;D;A;B;A;C;D;C;C;D;D;B;B;A;C;C;D;D;B;C;C;D;D;C;A;C;D;B;B;A;A;A;C;D;D;C;B;C;B;D;C;C;C;D;B;D;D;A;2585940
514;B;A;D;A;D;B;D;C;B;A;C;C;A;A;C;A;C;B;A;B;C;C;D;B;D;D;C;A;A;A;B;D;C;C;A;A;B;A;D;D;D;B;A;C;D;B;A;C;B;D;A;C;B;B;A;B;B;C;D;D;D;A;D;B;A;A;C;A;B;C;D;D;B;D;D;C;A;C;B;B;B;A;B;C;A;A;D;C;B;C;B;C;C;D;A;A;D;D;D;A;2602190
515;A;B;D;C;B;B;A;A;B;B;C;A;B;A;C;B;C;A;D;D;C;D;D;C;B;B;A;B;D;D;B;C;C;A;B;B;A;D;D;D;C;B;B;D;D;B;A;C;C;A;B;C;B;D;A;B;B;C;D;C;B;D;D;B;B;A;C;A;D;D;B;A;A;D;B;D;D;C;D;B;A;D;C;D;A;C;D;A;B;A;D;C;C;A;C;D;A;D;D;A;2603560
516;A;B;D;A;D;B;D;A;B;B;C;A;B;A;D;D;C;B;D;A;C;A;D;C;B;B;D;A;A;D;A;D;C;C;D;A;C;D;D;D;D;B;A;D;A;B;A;C;C;D;C;C;B;D;A;B;A;C;D;B;B;D;D;B;B;A;C;A;D;A;B;A;C;D;D;D;C;C;A;A;B;A;C;D;D;C;D;A;D;B;B;D;C;A;C;D;A;D;C;A;2583970
527;C;B;D;C;C;B;D;B;B;A;C;A;B;A;D;C;C;B;D;A;C;D;D;C;B;D;A;A;A;B;B;B;C;C;D;A;A;D;D;D;C;B;A;A;C;B;C;C;B;A;C;C;B;D;A;B;A;C;D;C;B;D;D;B;B;A;C;A;D;C;D;A;A;D;D;D;B;A;C;A;A;D;C;B;A;D;D;A;C;D;D;C;C;A;B;D;B;B;D;A;2591730
529;D;C;D;D;C;B;C;C;B;B;C;A;B;A;D;C;C;B;D;D;A;D;D;B;A;B;D;D;A;D;B;D;C;C;A;A;A;D;B;C;C;B;A;B;A;B;A;C;B;A;C;C;B;A;B;B;A;C;D;D;C;D;D;D;B;A;C;A;A;C;B;C;A;D;B;D;D;C;A;A;D;B;C;D;A;C;D;C;D;A;B;D;C;A;C;A;C;D;D;A;2589910
530;C;B;D;D;D;B;D;A;B;B;C;A;A;A;D;A;C;B;D;B;C;D;D;B;D;D;C;A;D;B;B;B;C;C;B;B;A;D;D;D;C;B;A;A;C;B;A;C;B;D;B;C;C;D;A;B;B;C;D;C;B;D;D;B;C;A;A;A;D;C;D;C;A;D;D;B;B;D;D;A;B;D;C;D;A;D;A;A;D;C;B;C;D;C;B;D;C;A;D;A;2601900
531;B;B;D;C;A;B;C;B;B;A;C;D;B;A;C;A;C;B;D;C;C;D;D;C;A;D;D;B;A;B;B;C;C;C;B;B;B;D;D;D;A;B;A;D;C;B;A;C;B;B;B;C;B;D;A;B;A;C;D;C;C;D;D;D;B;A;C;C;A;C;A;C;A;D;D;D;C;C;D;D;A;D;B;A;C;D;D;A;B;B;B;C;C;B;B;D;B;D;D;C;2601830
532;A;B;D;C;A;B;C;B;B;C;C;D;D;A;B;A;C;B;D;D;C;D;A;C;A;B;A;A;C;D;B;C;C;C;C;B;B;D;D;D;C;B;A;C;C;B;A;C;B;A;C;C;B;C;A;B;D;C;D;C;C;D;D;B;B;A;C;C;D;C;B;A;A;D;D;B;A;C;B;D;C;D;C;A;A;D;A;A;B;C;D;D;B;A;A;C;D;D;D;A;2602600
535;C;B;D;D;D;B;A;C;B;B;C;A;B;B;D;B;C;B;C;D;C;B;A;C;D;D;D;A;A;B;B;D;C;A;D;A;B;D;D;C;C;C;A;A;A;B;A;C;B;A;C;C;B;A;A;B;C;C;D;B;C;D;D;D;B;A;C;D;A;C;B;C;B;D;D;C;A;A;A;B;A;A;D;A;A;A;D;A;D;B;B;C;A;D;A;D;D;D;D;C;2600760
537;A;C;D;C;A;B;A;B;B;B;C;A;B;A;D;D;C;A;D;D;C;C;D;B;D;B;C;A;A;D;B;C;C;A;C;A;A;A;D;C;C;B;A;C;D;B;A;C;C;A;C;A;C;B;A;B;A;C;D;C;B;D;D;B;B;A;C;C;D;C;D;A;A;D;D;B;D;C;B;D;A;A;A;A;A;C;D;A;B;C;B;C;C;C;B;A;B;D;B;D;2591510
541;A;B;D;D;A;B;C;C;B;C;C;A;A;A;D;A;C;B;D;D;C;D;D;D;B;B;D;A;B;A;B;C;B;C;C;A;B;C;D;D;C;B;A;B;C;C;A;C;B;D;A;C;B;D;B;B;A;C;D;C;C;D;D;B;B;A;C;A;A;C;B;A;A;D;D;D;A;C;A;D;D;A;A;B;C;C;D;C;B;A;B;D;C;C;A;D;A;A;D;C;2591530
543;B;B;D;D;A;B;C;A;B;B;C;D;B;A;D;A;C;B;A;C;C;D;D;B;D;A;A;A;D;B;B;C;C;C;D;B;A;D;A;A;C;B;A;D;C;B;A;C;B;D;C;C;B;A;A;D;A;C;D;D;B;D;D;B;B;A;B;A;A;B;B;A;A;D;D;D;D;C;D;B;D;D;C;B;A;C;D;C;B;D;B;B;D;A;A;D;C;D;D;A;2602830
546;B;D;D;A;D;B;B;C;B;B;C;A;B;A;B;D;C;B;D;A;C;D;D;B;B;D;A;A;A;D;B;C;C;C;C;A;A;D;D;A;D;B;C;D;C;B;A;C;B;D;C;C;C;C;A;A;A;C;D;C;B;D;D;A;B;A;C;A;D;C;B;A;B;D;B;D;C;C;A;B;D;D;C;B;A;A;D;A;B;A;B;D;D;A;A;C;D;B;D;A;2597500
549;C;C;D;C;C;B;B;C;B;B;C;A;B;A;C;A;C;B;D;B;C;D;D;B;D;D;A;A;A;A;B;C;C;C;D;A;A;D;D;B;C;B;A;D;C;B;A;C;C;A;A;A;B;C;A;B;B;C;D;C;C;D;D;B;B;A;C;D;A;C;D;A;B;D;D;D;A;B;D;B;D;A;C;B;A;D;D;A;C;D;B;A;C;A;D;D;B;D;D;D;2592120
557;A;A;D;C;C;B;C;A;B;B;C;A;B;A;B;A;C;B;D;B;C;D;D;B;D;D;C;D;B;D;B;C;C;C;C;C;B;A;D;D;D;B;A;D;C;B;A;C;B;D;C;A;B;C;A;B;B;C;D;C;B;D;D;D;B;C;C;D;D;B;B;A;B;D;B;D;D;C;B;B;C;A;D;A;C;C;C;C;C;A;B;C;C;A;C;D;C;B;D;A;2589220
558;B;A;D;C;B;B;C;D;B;B;C;B;B;A;C;B;C;D;D;D;C;D;D;B;D;A;A;D;D;B;A;C;C;C;D;C;A;D;D;D;C;B;A;D;C;B;A;C;B;D;C;C;B;C;A;B;A;C;D;C;B;D;D;D;C;A;C;A;A;D;B;C;C;D;B;D;A;C;A;D;B;D;B;B;D;C;D;A;B;A;D;D;C;A;C;B;B;A;D;A;2602940
560;A;C;D;D;C;B;D;A;B;B;C;A;B;A;D;D;C;B;D;D;C;D;D;B;A;B;A;D;A;A;B;D;C;C;B;A;B;D;B;A;D;B;A;D;C;C;A;C;B;D;C;C;B;D;C;B;A;C;D;C;B;D;D;B;B;A;C;A;A;A;B;B;A;D;D;D;C;C;B;A;C;A;C;D;C;C;D;A;C;C;B;C;C;A;A;D;C;A;D;C;2603030
561;A;B;D;C;B;B;C;C;B;B;C;D;B;A;C;A;C;B;D;D;C;D;D;B;A;D;A;B;D;B;B;B;A;C;D;A;B;A;B;A;C;B;A;D;C;C;B;C;C;B;C;C;B;B;A;B;D;C;A;C;B;D;D;C;B;A;C;A;A;D;B;C;A;D;D;A;D;C;D;D;A;D;D;D;A;A;D;A;B;A;B;D;C;D;C;A;B;A;A;A;2583520
568;B;B;D;D;C;B;A;A;B;B;C;A;B;A;D;D;C;B;D;B;C;C;A;D;B;D;D;A;D;D;B;D;C;C;B;A;A;C;D;D;C;B;A;D;C;B;A;C;B;D;C;C;C;D;A;B;A;C;D;C;B;D;D;A;A;A;C;A;D;C;B;A;A;D;B;B;A;C;D;B;B;B;C;B;C;A;D;A;B;A;B;A;C;D;C;A;A;D;B;A;2592190
570;B;B;D;C;C;B;A;A;B;B;C;A;A;A;D;D;C;B;D;B;C;D;D;D;B;B;C;A;D;D;B;D;C;C;D;A;B;D;D;D;C;B;A;A;D;B;A;C;C;D;A;C;B;D;A;B;C;C;D;C;C;D;D;B;C;A;C;A;A;D;D;A;A;D;D;D;C;D;B;B;D;D;A;A;C;A;D;A;D;B;B;D;D;A;A;A;D;A;D;C;2594850
572;A;B;D;C;A;B;D;A;B;B;C;A;B;A;D;D;C;B;D;D;C;D;D;B;B;D;A;A;D;B;B;C;C;C;D;B;A;D;A;D;C;B;A;D;D;B;A;C;B;D;C;C;B;D;A;B;A;C;D;B;B;C;D;B;B;A;C;A;A;A;B;A;A;D;B;D;A;A;B;B;D;A;D;B;D;C;D;A;D;A;B;A;D;C;D;A;C;B;D;A;2588480
574;B;B;D;A;A;B;C;A;B;B;C;A;B;A;D;A;C;B;D;D;C;D;D;B;D;B;A;A;B;A;B;D;C;C;D;A;A;D;D;D;D;B;A;D;C;B;A;C;B;D;C;C;B;D;A;B;A;C;D;C;B;D;D;B;B;A;C;D;A;A;B;A;B;D;D;D;B;C;A;B;D;D;B;B;A;A;D;A;D;A;B;D;C;A;C;A;B;D;A;A;2591850
575;B;B;X;D;C;B;C;C;B;B;C;A;B;D;B;C;C;B;D;D;C;C;C;C;A;B;B;A;A;C;B;C;B;C;D;A;B;D;A;D;D;D;A;A;C;B;C;C;B;D;C;C;C;A;A;B;A;A;C;C;B;D;B;D;B;C;C;D;D;C;D;A;A;D;C;C;D;C;A;B;D;A;D;B;C;A;B;C;D;C;D;C;C;D;C;D;B;A;D;C;2603020
577;B;C;D;D;C;B;D;A;B;B;C;D;B;A;D;A;C;B;D;B;C;D;D;C;A;D;A;B;D;D;B;D;C;C;D;A;A;D;D;A;C;B;A;D;C;B;A;C;C;D;C;C;D;D;A;A;A;C;D;C;B;D;D;B;B;A;C;A;A;C;D;A;B;D;A;D;A;C;B;B;B;A;C;B;D;C;D;A;D;A;B;D;C;A;A;B;A;D;D;A;2594740
580;A;B;D;D;C;B;B;A;B;B;C;D;D;A;C;A;C;A;D;D;C;D;D;C;B;D;D;B;D;B;B;C;C;C;B;B;A;D;D;D;C;B;A;D;D;B;B;C;B;B;A;B;B;A;A;D;A;C;D;C;C;D;D;D;B;A;C;D;A;B;C;C;A;D;B;D;A;C;B;B;B;D;D;B;A;D;D;A;D;A;B;D;C;A;A;D;C;D;C;B;2590450
582;B;A;D;C;B;B;C;C;B;B;C;A;B;A;D;B;C;B;D;D;C;D;D;C;D;D;D;A;D;D;B;C;C;A;D;C;A;D;D;D;A;B;A;D;C;B;A;C;B;D;C;C;B;D;A;B;A;C;D;C;B;D;D;C;B;A;C;A;D;A;B;A;A;D;D;D;D;C;D;B;D;B;A;D;C;A;D;A;B;A;C;C;C;A;A;A;B;A;B;C;2602500
583;B;A;D;D;C;C;C;C;B;C;C;C;A;A;D;B;C;A;D;D;C;D;A;C;D;D;D;A;D;A;B;B;C;C;B;A;B;D;D;D;D;B;A;C;C;B;C;A;B;A;C;A;B;D;A;D;C;A;C;B;C;D;C;D;A;C;C;D;D;D;A;C;A;A;B;D;A;B;B;B;A;D;D;D;D;C;D;C;B;A;B;A;C;C;A;D;C;A;A;D;2607480
584;A;B;D;A;C;B;D;B;B;C;C;A;B;D;C;D;C;B;D;D;C;D;D;B;D;B;A;B;D;A;B;C;C;B;D;C;A;D;D;D;C;B;A;A;B;B;C;C;B;D;C;B;D;D;A;D;A;C;D;B;C;D;D;B;B;A;C;D;A;D;D;A;B;D;D;D;C;D;D;D;C;D;D;A;C;A;D;A;B;A;C;C;C;D;C;B;A;A;C;C;2602530
585;A;B;D;C;D;B;B;C;B;A;C;D;B;A;C;A;C;B;C;B;C;D;D;B;B;D;C;D;D;B;B;B;C;B;B;A;A;A;D;D;D;B;A;D;D;B;A;C;B;A;A;A;B;C;A;B;A;C;D;C;C;D;D;B;B;A;C;A;D;A;D;C;A;D;D;D;A;C;B;B;A;D;D;D;C;D;D;C;B;A;B;A;D;A;D;B;A;A;D;C;2601860
587;B;A;D;D;C;B;B;A;B;B;C;A;B;A;D;D;C;D;D;D;C;D;D;C;A;D;A;D;D;A;B;C;C;C;B;D;B;D;D;D;C;B;A;D;D;B;A;C;B;D;C;C;B;D;A;B;A;C;D;C;B;A;D;B;C;A;C;A;A;B;B;A;B;D;B;C;A;D;D;B;D;A;D;A;C;A;D;A;D;C;B;D;D;C;A;C;A;D;D;A;2601920
589;D;D;D;C;B;B;C;B;B;B;C;A;B;A;D;A;C;D;D;B;C;D;D;B;D;D;A;D;D;B;B;C;C;C;D;A;A;A;D;D;C;B;A;C;C;B;A;C;B;D;A;D;B;C;A;D;B;C;D;C;B;D;D;B;B;A;C;C;D;D;C;A;A;D;D;D;A;B;A;D;D;A;B;A;D;C;D;C;D;A;C;C;D;D;A;D;B;D;D;D;2602640
592;B;A;D;C;C;C;D;B;C;B;C;D;D;A;D;A;A;B;D;C;A;A;C;C;C;D;B;B;B;A;B;B;C;A;B;A;A;D;A;D;D;A;A;A;A;B;A;C;B;D;C;C;D;A;A;D;C;C;D;B;B;D;B;C;B;A;C;C;D;C;A;A;A;A;D;D;B;C;A;D;D;A;C;D;C;A;B;A;D;A;B;C;D;A;C;A;A;C;D;D;2607580
596;B;B;D;D;C;B;D;B;B;B;C;A;B;A;D;C;C;B;C;B;C;D;A;B;A;D;A;A;A;B;B;D;C;C;D;A;A;D;D;B;C;B;A;A;D;B;A;C;B;D;C;C;D;A;A;B;B;C;D;B;B;D;D;B;A;A;C;A;A;D;A;A;A;D;C;C;A;A;D;B;B;D;C;A;B;B;D;A;D;A;B;C;D;A;B;D;C;A;D;C;2602340
598;A;A;D;C;A;B;D;B;B;B;C;D;B;A;B;A;C;B;D;A;C;D;D;C;B;D;D;B;D;C;B;C;C;C;A;A;B;A;B;C;D;B;A;D;C;B;A;D;B;B;C;C;B;D;A;B;A;C;D;C;C;D;D;D;A;A;C;A;C;B;B;A;A;D;D;D;A;C;B;B;C;A;B;D;B;C;D;A;B;C;B;D;C;A;C;A;D;D;D;B;2594400
601;A;B;D;D;C;C;B;B;B;C;C;D;B;A;D;A;C;D;D;D;A;D;D;B;A;D;A;A;C;D;B;D;C;C;D;A;D;D;D;C;D;C;A;D;A;B;C;A;B;D;A;D;B;D;A;C;A;A;D;B;D;D;A;D;B;C;B;D;A;C;B;A;D;A;B;D;A;A;D;B;D;D;D;D;D;A;D;A;C;D;D;C;D;C;A;D;A;A;D;A;2602960
602;A;B;D;C;C;B;D;A;B;B;C;A;B;A;B;A;C;B;D;C;C;D;D;D;B;D;C;A;D;B;B;B;C;C;D;C;B;D;D;A;C;B;A;C;C;B;A;C;B;D;C;C;B;A;A;B;B;C;D;C;B;D;D;D;B;A;B;C;A;D;B;A;A;D;D;D;C;C;B;B;C;A;D;B;C;A;D;A;D;A;D;A;D;A;A;D;B;D;D;A;2596480
604;C;B;D;C;A;B;B;A;B;B;C;A;B;A;C;A;C;B;D;D;C;D;D;C;B;B;A;D;D;A;B;C;C;C;B;A;A;C;D;D;C;B;A;D;C;B;A;C;B;A;A;C;B;D;A;B;A;C;D;B;B;D;D;C;B;A;C;A;D;B;B;B;B;D;D;D;D;D;D;B;D;D;C;D;D;A;D;A;D;A;B;A;D;D;C;D;B;D;D;A;2601820
605;B;D;D;C;C;C;C;B;B;C;C;D;D;A;D;A;C;A;D;D;C;D;D;C;D;D;D;B;D;B;B;B;C;C;B;A;A;D;A;D;C;B;A;D;D;A;A;A;B;A;C;C;B;D;A;B;A;C;D;B;A;D;D;D;C;A;C;A;D;C;B;A;C;D;D;D;C;B;D;B;A;A;C;B;A;A;D;A;D;C;D;D;C;A;C;D;B;A;D;D;2602670
613;A;B;D;A;B;D;D;A;B;C;C;C;B;A;C;D;C;D;D;D;C;D;D;C;D;D;A;A;B;B;B;C;C;C;B;C;A;D;D;B;C;B;A;A;C;B;A;C;B;D;C;C;B;C;A;B;C;C;D;C;B;D;D;C;B;A;C;D;C;A;D;A;A;D;D;C;A;C;D;B;D;A;B;D;A;C;D;C;B;C;A;D;C;C;A;D;C;A;A;C;2603000
615;B;A;D;D;C;B;D;C;B;B;C;A;B;A;D;A;C;B;D;D;C;A;D;B;B;B;D;A;D;D;B;C;C;C;C;B;A;D;D;D;A;B;A;D;C;B;A;C;B;D;C;C;B;C;B;B;B;C;D;B;B;D;D;B;B;C;C;A;D;C;A;A;B;D;D;D;A;D;A;B;C;D;C;D;D;A;D;A;B;A;B;D;D;C;C;D;B;A;C;C;2595810
618;A;B;D;D;A;C;B;B;D;B;C;D;B;A;D;A;C;B;D;B;C;D;D;C;A;D;A;A;B;A;B;C;C;C;D;B;B;A;D;D;D;B;A;D;A;B;A;C;A;D;A;B;D;D;C;B;A;C;D;C;B;D;D;B;A;A;C;C;A;B;B;A;D;D;D;C;A;C;D;A;C;A;D;D;A;A;D;A;D;A;D;C;D;A;A;A;B;D;D;D;2588590
620;C;D;D;C;B;B;B;C;B;B;C;A;B;A;D;C;C;X;D;B;C;C;D;C;B;D;A;A;D;D;B;D;C;B;C;C;B;D;D;D;C;B;A;C;D;B;A;C;B;A;C;C;D;C;A;B;A;C;D;B;B;D;D;B;X;A;C;A;A;D;B;A;B;D;D;D;D;C;D;A;B;D;C;D;A;D;B;C;B;A;B;C;C;D;A;B;B;A;D;C;2597020
621;A;D;D;C;B;D;C;B;B;B;C;A;B;A;B;A;D;D;D;D;C;C;D;B;D;B;D;B;D;B;B;B;C;A;D;A;B;D;D;D;D;B;A;A;D;B;A;C;A;D;B;C;C;C;A;B;B;A;C;C;C;B;D;B;C;C;C;C;A;D;D;A;A;C;D;D;C;C;D;C;A;A;D;B;C;A;D;A;B;D;B;D;C;B;C;D;D;B;D;A;2592140
623;C;B;D;C;C;B;C;B;B;B;C;D;A;A;D;A;C;B;D;B;C;B;D;B;A;D;D;D;A;A;B;D;C;C;D;A;B;D;D;C;D;B;A;D;D;B;A;C;B;D;A;D;B;D;A;B;B;C;D;C;C;D;D;B;B;A;C;D;B;C;B;A;C;D;B;C;A;A;B;B;B;A;A;D;D;C;D;A;B;A;B;B;D;A;A;D;A;A;C;D;2592730
624;A;D;D;C;C;B;D;C;B;B;C;D;B;A;C;A;C;B;D;D;C;D;D;B;B;D;A;A;A;D;B;D;C;B;D;A;A;D;D;D;D;C;A;D;C;B;A;C;B;D;A;A;B;A;D;B;A;C;D;C;B;D;D;B;B;A;C;A;D;C;B;A;A;D;D;D;A;B;A;A;C;A;C;B;C;C;D;A;B;A;D;D;D;A;C;D;D;A;D;A;2579820
638;A;B;D;C;C;B;A;B;B;B;C;A;B;A;D;D;C;B;D;B;C;D;D;C;D;D;A;A;A;A;B;C;C;C;D;C;A;D;D;D;C;B;A;D;D;B;A;C;C;D;C;A;B;D;A;B;A;A;D;C;C;D;D;B;B;A;C;A;D;D;B;A;D;D;B;D;B;C;A;B;D;B;C;B;D;C;D;A;D;A;B;A;C;A;C;A;B;D;D;A;2607500
642;A;B;D;C;A;B;D;C;B;C;C;A;B;A;D;D;C;B;C;D;C;B;D;C;D;D;A;D;B;A;B;D;C;A;D;B;B;D;D;D;D;B;A;D;C;B;A;C;B;D;C;C;C;D;A;B;B;A;D;C;D;D;B;D;B;C;C;A;A;C;D;A;C;D;D;D;A;C;A;B;B;A;D;C;C;A;D;A;C;B;A;D;D;B;B;D;C;A;D;D;2596510
645;A;D;D;C;C;B;D;A;B;B;C;A;B;A;C;C;C;B;C;D;C;D;D;C;B;D;A;D;D;D;B;C;C;C;D;B;A;D;A;C;C;B;B;D;D;B;A;C;B;D;B;C;B;D;A;B;A;C;D;B;B;D;D;B;C;A;C;A;D;A;D;A;A;D;D;D;C;B;A;B;D;A;C;B;A;A;D;A;D;A;B;D;C;A;A;B;A;A;D;A;2596950
646;B;D;D;C;D;B;D;A;B;B;B;A;B;A;C;D;C;B;D;A;C;D;D;D;B;D;A;A;D;D;B;C;C;C;A;A;A;C;D;D;C;B;A;D;C;B;A;C;B;D;C;C;B;C;A;B;B;C;D;C;B;D;D;A;B;A;C;A;A;A;B;C;A;D;D;D;C;C;A;B;B;D;C;D;B;C;B;A;D;A;B;C;C;A;A;B;A;A;D;A;2576320
649;B;B;D;D;B;B;A;A;B;B;C;A;B;A;C;C;C;B;D;A;C;D;D;C;B;B;D;A;B;D;B;B;C;C;D;A;B;D;D;D;C;B;A;D;C;B;A;C;B;A;C;A;A;A;A;B;A;C;D;C;C;D;D;B;B;A;C;A;A;D;D;A;B;D;B;B;D;C;A;B;D;A;C;D;C;D;D;A;D;C;B;A;C;B;C;B;C;A;B;A;2552280
652;B;B;D;B;B;C;B;D;D;C;C;D;B;A;C;A;C;B;D;D;C;D;A;D;D;B;A;B;A;A;B;D;C;C;A;A;B;A;D;C;C;B;A;A;D;B;A;C;B;C;C;C;B;A;A;B;A;C;D;C;B;A;D;C;A;A;C;D;D;A;B;A;B;D;D;D;A;A;B;D;A;A;B;A;C;C;D;A;D;C;D;D;D;C;A;B;A;A;D;D;2607640
653;A;A;D;B;C;B;D;C;B;C;C;D;A;A;C;D;C;D;D;D;C;D;D;B;B;D;A;A;B;D;B;D;C;C;B;C;A;D;D;D;C;B;A;D;D;B;C;C;B;A;C;A;B;A;B;B;A;C;D;C;B;D;D;C;B;C;C;D;D;C;D;C;A;D;C;D;A;C;D;B;C;D;B;B;D;D;D;C;D;C;B;A;C;B;C;B;B;B;D;C;2592810
654;A;B;D;D;A;B;C;C;B;C;C;A;B;A;B;A;C;B;D;B;C;D;D;D;D;B;C;A;A;D;B;D;C;C;C;B;A;C;D;D;D;B;D;D;B;B;A;C;C;D;C;B;A;C;A;B;A;B;D;C;B;A;D;D;A;A;C;D;D;C;B;A;A;D;D;D;A;C;A;D;C;A;C;A;D;C;D;A;C;A;B;D;C;A;A;B;C;A;D;C;2600770
655;B;A;D;C;D;B;C;A;B;C;C;A;B;A;B;C;C;B;C;B;C;D;D;C;B;D;D;A;C;A;B;C;C;C;B;A;A;D;D;D;C;B;A;B;C;D;A;C;C;D;C;C;B;A;A;A;A;C;D;C;B;D;D;B;B;A;C;A;D;A;D;A;A;D;D;D;B;B;A;A;B;A;C;A;A;D;D;A;B;B;B;C;C;C;A;A;D;B;A;A;2591490
659;B;B;D;B;A;B;D;D;B;B;C;C;B;A;D;B;X;B;D;C;C;C;A;D;D;D;D;A;A;D;B;B;C;C;A;A;B;A;D;D;C;B;A;D;C;B;A;C;B;D;C;C;D;D;A;B;B;A;D;C;B;D;D;C;B;A;C;D;D;B;B;A;D;B;B;D;D;C;D;A;B;D;D;D;A;C;D;A;B;A;B;C;C;C;B;D;A;D;D;C;2601910
662;A;B;D;C;A;B;D;A;B;B;C;A;B;A;B;C;C;B;D;B;A;D;D;B;D;D;A;A;C;D;B;C;C;C;B;A;A;C;D;D;C;B;A;D;C;B;A;C;B;D;C;C;B;D;A;A;A;C;D;C;B;D;D;C;B;A;C;A;A;D;B;A;A;D;D;D;C;C;D;B;D;B;C;D;D;A;D;A;C;A;B;D;C;C;C;D;C;A;D;C;2600450
664;B;D;D;B;A;B;A;A;B;A;C;C;A;D;C;D;C;B;C;D;C;D;D;C;A;B;B;A;A;B;B;D;C;C;C;B;C;D;D;D;D;B;A;D;C;B;A;C;B;A;C;A;B;A;A;B;B;A;D;B;B;D;D;D;B;A;C;C;D;D;B;A;A;D;D;D;A;C;A;D;C;A;D;B;C;A;A;A;D;C;D;A;C;D;C;D;A;D;D;A;2601860
670;A;A;D;C;C;B;C;C;B;B;C;A;D;A;C;A;C;B;D;B;A;D;D;B;A;D;A;A;A;C;B;C;A;B;C;A;B;C;D;D;C;B;A;A;D;B;A;C;B;A;A;C;B;A;B;B;B;C;D;C;B;C;A;D;B;A;C;D;D;C;D;C;B;D;A;D;C;B;A;D;C;A;D;B;C;D;D;A;B;C;B;D;C;A;C;D;B;A;D;C;2593480
671;C;B;D;C;A;D;B;A;B;A;C;A;B;A;D;A;C;D;D;B;B;C;D;B;D;B;A;A;D;D;B;C;C;C;D;A;A;C;D;D;C;B;A;B;C;B;A;C;C;D;C;C;D;D;A;A;A;C;D;C;B;D;D;B;B;A;C;A;D;A;B;A;B;D;D;B;D;A;A;B;C;A;C;A;D;A;D;A;D;A;B;D;C;C;A;D;B;D;B;A;2588270
674;D;B;D;C;C;B;D;C;B;B;C;A;A;A;D;B;C;D;D;B;C;D;D;B;D;B;A;A;A;B;B;D;C;C;D;A;B;D;D;D;C;B;A;D;D;B;A;C;C;D;C;C;B;A;A;B;B;C;D;B;C;D;A;D;B;A;C;D;A;D;B;A;A;D;B;B;C;C;A;B;D;D;C;D;D;C;D;C;C;C;B;B;C;D;A;A;D;A;D;A;2600470
676;C;A;D;D;D;B;D;A;B;B;C;A;B;A;B;B;C;A;D;D;A;D;D;B;D;D;A;D;D;A;B;C;C;C;B;A;A;D;D;D;C;B;A;D;C;B;A;C;C;A;C;C;C;D;A;D;B;C;D;C;C;D;D;D;A;A;C;A;D;D;A;A;A;D;D;C;C;A;B;B;C;A;C;D;C;C;D;A;D;C;B;A;C;A;A;D;B;D;D;C;2597930
682;D;A;D;D;B;B;B;D;B;A;C;D;B;A;C;D;C;B;D;D;C;D;D;B;A;D;D;B;A;B;B;B;C;C;D;A;B;D;D;A;C;B;A;C;A;B;C;A;B;D;C;B;B;A;A;B;B;C;D;B;B;C;D;B;C;C;C;A;D;C;A;C;A;C;B;C;A;B;B;B;C;D;C;D;C;C;D;B;D;B;D;C;C;A;A;A;B;D;D;C;2594700
684;A;D;D;B;B;B;B;C;B;B;C;D;D;B;A;D;A;B;D;C;C;C;A;D;B;B;A;C;A;D;B;B;C;A;A;B;C;A;D;D;D;B;A;B;D;B;C;C;C;D;A;C;C;B;A;D;A;C;D;B;C;D;A;D;D;D;A;C;C;C;D;A;A;C;D;B;A;A;D;B;C;A;B;A;A;D;A;A;B;D;B;C;C;A;C;D;D;B;A;A;2601740
687;A;B;D;C;D;B;C;C;B;B;C;A;B;A;A;D;C;B;D;D;C;A;D;C;B;B;A;A;B;D;B;B;C;C;D;C;A;D;D;A;C;B;C;D;A;B;A;C;B;B;B;C;B;D;A;B;A;A;D;B;B;D;A;B;B;C;C;C;A;C;D;A;D;D;D;C;A;C;A;D;B;A;C;D;A;D;B;A;C;C;B;D;C;A;A;D;A;D;D;A;2607650
691;A;A;D;C;A;C;C;D;B;A;C;A;B;A;D;C;C;B;D;B;A;D;B;B;A;D;A;A;A;A;B;B;C;C;C;A;A;D;D;D;C;B;A;D;A;B;A;A;B;D;C;C;B;D;B;D;A;C;D;B;C;D;D;C;B;A;C;A;D;C;D;A;C;D;D;D;A;C;A;A;D;B;C;B;A;A;D;C;B;C;D;C;C;C;C;D;A;D;B;A;2602080
692;B;B;D;C;B;B;B;A;B;B;C;A;B;A;A;A;C;B;D;B;C;D;D;B;D;D;D;A;D;C;B;D;C;C;D;A;B;D;A;D;C;B;A;D;C;B;D;C;B;D;C;C;B;B;B;B;A;C;D;C;A;D;D;B;B;A;C;D;D;C;B;C;A;D;B;D;C;A;A;B;D;D;C;A;C;C;D;A;D;A;B;C;C;B;D;D;C;A;D;C;2607590
694;C;D;D;D;A;B;D;C;B;C;C;A;B;A;C;A;C;B;D;D;C;A;D;D;D;D;A;A;D;A;B;B;C;C;A;A;B;C;D;D;C;B;A;D;C;C;A;C;B;D;C;C;B;D;A;B;A;C;D;C;C;D;D;B;B;A;C;A;D;A;D;A;A;D;D;D;C;D;D;B;D;B;C;D;A;C;D;C;D;A;B;C;C;A;D;D;D;A;D;A;2597010
696;A;D;D;C;A;B;D;D;B;A;C;D;B;A;C;D;C;B;D;C;C;C;D;B;D;D;C;A;A;C;B;C;C;C;B;C;B;D;D;A;D;B;A;C;D;B;A;C;B;A;C;C;B;B;B;D;B;C;D;C;C;D;D;D;B;A;C;D;A;D;B;C;A;D;D;D;A;B;D;D;A;A;C;B;C;C;D;A;B;A;B;A;D;C;A;D;D;A;D;A;2602610
698;A;C;D;D;B;B;A;D;B;B;B;D;D;A;B;A;C;B;D;C;C;D;D;C;A;D;B;A;C;D;B;B;C;C;D;A;A;D;D;D;C;B;A;D;B;B;A;C;B;A;C;A;B;D;A;B;A;C;D;A;C;D;D;D;A;C;C;D;A;C;B;C;B;D;B;D;A;A;A;B;C;B;C;D;C;A;D;C;B;C;B;C;C;C;D;A;C;A;D;D;2592630
700;C;B;D;D;C;C;C;C;B;B;B;B;D;A;C;B;C;A;D;D;A;A;A;B;A;D;C;A;D;A;B;D;B;C;B;A;A;A;D;D;D;B;C;D;C;C;A;C;B;D;C;C;C;B;A;D;A;C;D;B;C;D;A;D;A;A;C;A;D;D;B;B;A;C;D;D;D;C;A;D;B;A;D;B;C;C;D;A;B;A;B;C;C;B;A;A;D;D;D;C;2602870
702;A;B;D;C;A;B;A;A;B;B;C;D;B;A;C;A;C;B;D;D;C;D;B;D;B;B;A;A;B;C;B;C;C;C;C;C;A;D;D;B;C;B;A;C;C;B;A;C;B;D;C;C;C;D;A;C;A;C;D;C;B;D;A;B;C;A;C;A;D;C;B;C;A;D;D;D;A;C;D;A;D;A;C;A;A;D;D;A;B;C;B;C;D;C;C;A;B;D;D;C;2594860
703;A;B;D;C;C;B;D;C;B;B;C;D;C;A;C;B;C;B;D;A;D;A;D;B;D;C;D;A;B;A;A;D;C;C;D;A;B;D;A;A;C;D;A;C;C;B;C;C;C;D;A;C;A;D;A;B;D;C;A;C;B;D;A;C;B;A;C;B;D;C;A;C;A;C;B;B;A;B;D;B;C;A;C;C;A;D;D;A;B;D;D;D;C;C;C;A;B;D;B;C;2602190
707;A;C;D;C;B;B;D;C;B;B;D;A;B;A;D;B;C;B;D;D;C;D;D;B;A;D;D;B;A;B;B;A;C;C;D;A;C;A;A;D;A;B;A;A;C;B;A;A;B;D;C;A;B;C;A;B;B;A;D;C;B;D;D;B;B;C;C;A;C;C;B;A;B;A;D;D;D;C;D;D;C;A;B;A;A;B;A;D;B;D;B;C;C;C;C;D;B;B;B;C;2594780
710;A;B;D;C;D;B;C;C;B;C;C;D;B;A;C;C;C;B;D;D;C;D;D;C;D;D;A;A;B;A;B;C;C;A;C;C;B;A;D;D;D;B;A;D;C;B;A;C;C;D;A;A;D;D;A;D;B;C;D;C;B;D;C;B;C;A;C;D;D;C;A;A;A;D;D;D;A;C;B;B;D;A;B;A;C;C;D;A;D;D;D;C;C;A;A;D;B;D;A;D;2592150
713;D;B;D;C;A;A;B;A;B;B;C;A;B;A;D;B;C;B;D;D;C;D;D;C;A;B;C;A;D;B;B;D;A;C;D;A;A;A;D;D;D;B;A;B;C;B;A;C;B;A;C;C;C;D;A;B;A;C;D;C;B;D;D;D;A;A;C;A;D;B;B;C;A;D;D;D;D;C;B;D;B;A;C;A;D;A;D;A;B;A;B;C;D;D;C;B;D;A;D;C;2591960
717;A;D;D;A;B;B;C;A;B;B;C;A;B;A;B;A;C;D;D;D;C;A;D;B;D;D;D;A;B;B;B;D;C;C;C;A;A;D;D;D;D;B;A;D;C;B;C;A;C;A;C;C;B;A;A;B;B;C;A;C;B;D;D;C;A;A;C;A;D;C;B;A;B;B;D;D;A;A;A;B;B;D;C;D;D;C;D;C;B;A;B;C;C;B;A;D;B;A;D;C;2601970
718;A;A;D;C;C;B;C;A;B;B;C;A;B;A;D;A;C;B;D;C;C;B;A;B;A;D;A;D;A;C;B;B;B;C;A;C;B;A;D;C;D;B;A;D;C;B;C;C;C;D;C;A;D;C;A;D;C;C;D;B;B;D;D;D;D;A;C;A;D;C;A;A;C;D;D;D;B;C;A;B;D;C;C;A;A;D;D;A;C;C;A;C;C;A;B;C;A;A;D;A;2594310
723;A;B;D;C;A;B;D;C;B;A;C;A;B;A;D;A;C;B;D;D;C;A;D;D;C;B;D;A;A;A;B;C;C;C;D;B;A;C;D;D;C;B;A;D;A;B;A;C;C;D;C;C;B;C;B;B;A;C;D;B;B;D;D;B;A;A;C;D;A;B;B;A;A;D;D;D;A;C;B;A;C;A;C;D;A;C;D;C;B;A;B;C;D;C;A;B;B;B;A;D;2601560
726;A;A;D;C;D;B;A;C;B;C;C;A;B;A;A;A;C;B;D;C;C;A;D;B;D;B;D;D;D;B;B;B;C;C;D;D;A;A;D;A;C;B;A;A;C;B;A;C;B;D;A;C;B;A;A;A;A;C;D;D;C;D;D;D;B;A;C;C;D;D;B;A;A;D;D;D;D;C;B;A;B;A;B;A;C;A;B;A;C;A;B;C;C;C;A;B;A;B;D;A;2607780
734;A;B;D;C;C;B;D;A;B;C;C;A;B;A;C;D;C;B;A;B;C;D;D;B;B;D;A;A;D;A;B;C;C;C;B;A;A;C;D;C;D;B;A;D;D;B;C;C;B;A;C;C;B;D;A;B;A;C;D;C;B;D;D;D;B;A;C;A;D;D;D;A;B;D;D;D;A;D;A;B;D;A;C;B;C;C;D;A;C;A;B;C;C;A;C;A;D;D;D;D;2581590
736;A;B;D;C;A;C;B;B;B;C;C;A;B;A;C;D;C;B;D;D;C;D;D;C;D;D;B;A;D;B;B;D;C;A;B;A;B;C;B;D;D;B;A;C;D;B;B;C;C;B;A;C;D;C;A;B;B;C;D;A;A;D;D;B;A;A;B;D;A;B;D;A;A;D;D;D;A;C;D;B;D;A;B;A;C;D;D;B;A;A;B;C;C;B;C;D;D;D;B;B;2602940
737;D;B;D;B;A;B;D;C;B;B;C;D;B;A;B;A;C;B;D;B;A;C;D;C;B;A;A;A;A;D;B;C;C;C;B;A;X;D;D;D;D;B;A;D;C;B;A;C;B;D;C;C;A;A;A;B;B;A;D;C;B;D;D;B;C;A;C;C;D;A;D;C;B;D;D;D;A;B;D;B;C;D;D;D;A;C;D;A;C;A;B;C;D;D;A;A;B;A;D;C;2581580
738;D;A;D;C;A;B;C;C;B;A;C;D;D;A;D;A;C;C;D;D;C;D;A;C;A;D;A;A;A;B;B;D;C;C;C;B;A;D;D;D;D;A;A;C;A;B;A;C;C;D;A;C;B;A;A;D;B;C;D;C;B;D;D;B;C;A;C;A;A;A;B;A;A;D;D;D;A;C;B;A;D;B;D;B;A;A;D;B;D;B;D;C;C;A;C;A;D;A;D;C;2588260
740;B;B;D;C;B;B;C;C;B;B;C;A;B;A;B;C;C;B;D;D;C;D;A;B;B;D;A;A;D;B;B;B;C;C;D;A;B;A;D;D;C;D;A;D;C;B;A;C;B;D;A;C;B;D;A;D;A;C;D;C;B;D;D;B;B;A;C;C;A;C;B;A;B;D;B;D;C;C;B;B;B;A;C;A;D;C;D;A;D;A;A;D;D;B;D;A;A;D;D;A;2603030
743;A;B;D;D;B;B;C;C;B;B;C;A;B;A;B;A;C;D;D;B;C;D;D;B;B;D;D;A;D;B;B;B;C;B;D;A;B;D;D;C;D;B;A;D;C;B;A;C;B;D;B;C;B;D;A;B;A;C;D;C;B;D;D;B;B;A;C;A;A;C;D;A;A;C;D;D;A;D;A;B;C;A;B;D;C;C;D;A;B;A;B;C;D;C;C;D;B;D;B;A;2588450
744;D;B;D;C;C;B;C;D;B;C;B;A;B;A;D;A;C;D;D;B;C;B;D;D;D;B;A;A;B;A;B;C;C;C;D;C;B;D;D;D;D;B;A;D;D;B;A;C;B;D;A;C;B;A;A;B;B;C;D;B;B;D;D;B;B;A;C;D;D;B;D;A;B;D;B;C;C;D;D;A;C;D;D;D;C;C;D;B;B;A;B;A;C;C;A;D;B;D;B;A;2588890
751;D;B;D;C;B;B;C;C;B;C;C;A;B;A;C;C;C;B;C;D;C;D;D;B;A;D;A;A;D;D;B;B;C;C;A;A;B;D;D;D;D;B;A;C;D;B;C;C;B;D;C;A;B;A;A;A;A;C;D;C;C;D;D;B;A;A;C;D;D;D;B;A;B;D;D;D;D;A;B;B;D;A;C;A;C;A;D;A;C;A;B;D;C;A;C;A;C;D;D;A;2605000
752;A;B;D;C;A;B;D;C;B;B;C;A;B;A;D;D;C;B;D;D;C;A;D;C;D;D;A;A;D;A;B;D;C;C;D;C;A;D;D;D;C;B;A;D;A;B;A;C;B;D;C;C;D;D;A;B;A;C;D;B;B;D;D;D;B;A;C;A;D;B;B;B;C;D;B;D;A;C;D;B;D;D;B;D;C;C;D;A;D;A;B;D;C;A;C;A;B;A;D;C;2607550
754;C;B;D;C;B;B;D;A;B;B;C;A;B;A;D;C;C;D;D;D;C;D;D;B;B;D;C;D;D;A;B;A;C;C;B;A;A;A;D;D;D;B;A;D;D;B;A;C;B;D;C;C;C;D;A;A;A;C;D;C;B;D;D;C;A;C;C;C;A;C;B;A;A;D;D;D;C;D;A;B;D;D;C;B;B;C;D;A;D;C;B;C;C;A;C;D;C;D;D;A;2558190
756;B;B;D;C;B;B;C;C;B;B;C;A;B;A;D;A;C;B;D;D;C;D;A;C;B;B;D;B;D;A;B;B;A;C;B;A;A;D;D;B;C;B;A;D;C;B;A;C;A;D;C;C;D;D;A;D;A;C;D;B;B;D;C;D;B;A;C;D;D;C;B;C;B;D;D;D;A;C;A;A;C;A;A;B;C;A;D;A;D;C;B;A;C;D;C;A;A;A;C;C;2602800
757;D;B;D;C;D;D;C;B;B;C;C;D;B;A;B;A;A;B;D;A;C;D;A;D;A;D;C;A;A;D;B;B;C;C;B;C;A;D;D;D;C;B;A;C;A;B;A;C;B;D;C;B;B;D;A;B;A;C;D;C;A;A;D;D;B;A;C;D;D;C;B;D;B;C;B;D;A;C;A;B;C;A;B;D;A;C;D;A;B;A;B;D;D;C;C;B;B;B;D;C;2595830
762;A;A;D;C;A;C;D;B;B;B;C;D;A;A;C;A;C;D;D;D;C;D;D;D;A;D;A;D;B;B;B;D;C;C;D;A;B;D;D;D;C;D;A;D;D;B;A;C;B;D;A;C;B;A;D;B;A;C;D;A;B;D;D;B;A;A;D;C;D;C;B;A;A;D;D;D;A;A;A;B;A;D;B;A;A;A;D;C;B;C;B;C;C;D;A;B;C;A;D;D;2594440
765;A;B;D;C;C;B;D;B;B;B;C;D;B;A;C;B;C;B;A;B;C;D;D;B;D;B;D;A;C;B;B;B;C;C;B;C;B;D;D;D;C;B;A;C;C;B;A;C;B;B;A;C;B;A;A;B;D;C;D;C;B;D;D;D;A;A;C;A;D;C;D;C;A;D;B;D;A;B;A;B;B;D;C;D;A;A;B;C;D;A;A;B;C;C;A;B;D;D;D;A;2596790
766;A;B;D;B;C;B;C;B;B;B;C;A;B;A;D;A;C;B;D;D;C;X;D;B;B;B;A;D;B;D;B;C;C;C;B;A;B;B;D;D;C;B;A;D;B;B;A;C;B;D;A;A;B;C;A;D;C;C;D;C;C;D;D;C;C;A;C;A;D;B;B;C;C;D;D;D;A;C;D;D;A;A;C;B;C;C;C;A;B;C;B;A;C;A;A;D;C;A;A;B;2607740
771;C;B;D;C;A;B;C;A;B;B;C;A;B;B;C;A;C;B;D;D;C;A;D;C;D;B;C;B;D;A;B;C;C;C;B;B;A;D;D;D;C;B;A;D;D;B;A;C;B;B;C;C;C;D;A;B;A;A;D;D;B;D;D;B;B;A;C;D;D;C;D;A;A;D;B;D;C;B;D;B;C;A;C;D;C;A;D;C;D;C;B;D;C;D;A;D;B;D;D;A;2558370
776;D;B;D;B;C;B;D;B;B;C;C;D;D;A;D;B;C;B;D;D;C;D;A;B;A;D;D;A;B;D;B;B;C;C;C;A;B;D;D;A;C;B;B;D;C;C;A;C;C;D;A;C;A;A;A;B;D;C;D;C;B;D;C;B;D;A;C;D;D;C;D;A;A;D;B;D;A;C;A;D;B;D;D;B;A;B;D;A;B;C;B;C;D;A;A;B;B;D;D;D;2595520
777;C;B;D;C;A;B;A;C;B;B;C;A;B;A;C;C;C;B;C;B;C;C;D;D;D;B;D;D;D;A;B;C;C;C;D;A;B;A;D;D;D;B;A;D;A;B;C;C;C;B;A;C;B;D;A;B;A;C;D;C;B;D;D;D;C;A;C;D;B;C;A;C;B;D;D;D;C;C;B;B;C;A;D;A;A;A;D;X;B;A;B;D;D;A;D;D;D;D;D;B;2594420
779;D;B;D;D;C;B;A;C;B;D;B;A;B;A;D;B;C;D;D;B;C;D;A;D;B;D;C;B;B;A;B;C;C;B;C;A;C;D;D;D;C;B;A;D;B;C;A;C;B;D;B;C;A;D;A;B;A;C;D;B;B;D;D;B;C;C;C;C;A;C;B;A;A;D;B;D;A;C;B;D;B;D;D;B;D;C;D;A;D;B;D;C;C;C;C;A;C;D;A;D;2591660
784;A;B;D;D;B;B;D;C;B;B;C;A;B;A;C;A;C;B;D;D;C;D;D;B;B;B;A;D;B;D;B;B;C;C;A;A;C;A;D;D;C;B;A;D;A;B;A;C;C;A;A;A;C;C;A;B;B;C;D;C;B;A;D;C;B;D;D;D;D;C;D;A;B;D;C;D;C;C;A;B;C;A;B;D;C;C;D;A;D;C;B;A;C;C;A;A;A;B;D;A;2581550
788;B;B;D;D;B;B;D;A;D;B;B;A;B;A;C;C;C;B;C;D;C;D;D;C;D;B;A;B;D;D;B;D;C;A;B;A;A;D;D;A;C;B;A;D;D;B;A;C;B;A;C;C;D;A;A;B;A;C;D;C;B;D;D;C;B;A;C;A;D;B;B;A;A;D;D;D;D;C;B;B;D;D;C;D;C;A;C;A;D;A;B;D;C;A;B;D;B;B;D;A;2602100
794;A;B;D;D;C;B;A;A;B;B;C;A;B;A;C;C;C;D;D;B;A;D;D;B;D;D;A;A;A;C;B;C;C;B;D;A;A;A;B;A;C;B;A;D;C;B;A;C;D;D;A;C;D;D;A;D;A;C;D;C;B;D;D;D;C;A;C;A;D;C;D;C;D;C;D;D;A;C;A;D;C;A;C;A;D;A;C;B;B;A;B;C;C;B;A;D;C;D;D;A;2596640
800;B;D;D;C;C;B;A;C;B;C;C;A;B;A;D;C;C;B;D;D;B;D;D;B;D;D;A;A;A;B;B;D;C;C;D;C;A;D;D;B;A;B;A;C;A;B;A;C;B;D;C;C;B;A;A;D;A;C;D;B;B;D;D;C;B;A;C;A;D;C;A;C;A;D;D;C;A;D;A;B;D;D;C;B;A;A;D;A;C;C;B;D;C;A;C;C;C;D;D;C;2591730
805;A;B;D;C;B;C;D;D;B;C;C;A;B;A;D;A;C;B;D;D;C;C;A;A;A;D;D;A;A;A;B;D;C;C;B;A;A;D;D;C;D;D;A;D;A;B;A;C;A;A;C;C;D;A;A;B;A;A;D;C;A;D;D;C;A;A;C;A;D;A;B;C;A;D;D;D;A;C;A;B;B;A;D;D;D;C;D;A;C;A;B;D;D;C;C;A;B;D;C;A;2596560
807;B;B;D;D;A;C;D;C;B;B;C;C;B;A;D;A;C;B;D;D;C;D;D;B;D;B;A;A;D;A;B;C;C;C;A;C;A;B;B;D;C;B;A;D;D;B;A;A;B;A;A;A;A;D;A;B;C;C;D;C;B;C;D;C;B;A;C;A;D;C;B;A;A;D;D;D;D;C;C;A;A;D;D;D;C;A;D;A;D;C;B;D;C;D;A;B;C;A;D;C;2601310
809;A;A;D;D;A;B;A;C;B;B;C;A;A;A;A;B;C;B;B;D;C;D;D;B;D;B;A;A;A;D;B;C;C;A;D;A;C;B;D;D;C;D;A;D;B;B;C;C;B;A;A;A;B;C;A;B;A;A;D;C;B;D;D;C;A;A;C;D;A;D;A;A;B;D;D;D;B;C;A;D;C;A;B;A;A;D;D;A;D;A;B;A;C;B;B;A;D;D;D;D;2588680
810;B;A;D;D;C;C;A;C;B;C;C;A;B;A;D;A;C;D;D;C;C;A;D;C;B;D;A;B;A;D;B;B;C;B;D;A;A;C;D;D;C;B;A;D;C;C;A;C;B;D;C;B;D;A;A;B;B;C;D;C;C;D;D;B;C;A;C;A;A;C;D;C;A;D;D;D;C;C;D;B;D;D;A;B;C;A;D;A;C;C;B;D;C;C;B;B;A;A;D;A;2602030
812;A;B;D;C;A;B;D;C;B;B;C;D;B;A;D;B;C;B;D;D;C;A;A;B;D;A;D;A;D;B;B;B;C;A;D;A;A;D;D;A;C;B;A;D;B;B;A;C;B;D;C;A;B;C;D;B;B;A;D;B;C;B;A;B;B;A;C;D;D;C;B;A;C;D;D;D;D;C;D;D;C;A;B;A;A;A;D;A;B;C;B;C;C;D;C;D;A;D;B;C;2607470
816;D;B;D;C;A;B;D;A;B;C;C;D;A;A;A;D;C;D;D;D;C;D;C;D;D;D;A;D;A;D;B;B;C;C;D;B;A;D;D;D;C;B;A;D;C;B;A;C;A;D;C;C;B;D;A;B;A;C;D;C;B;D;D;D;A;A;C;C;C;D;A;A;B;D;D;C;C;B;A;A;C;A;C;D;C;C;D;B;A;D;D;C;D;B;B;A;B;A;C;A;2597380
818;D;A;D;C;D;B;D;C;B;B;C;A;B;A;A;B;C;B;D;D;C;C;D;C;B;C;A;A;B;C;B;D;C;C;A;A;A;C;D;C;C;B;A;D;D;B;A;C;B;D;A;B;B;D;B;B;B;C;D;C;C;B;B;B;B;C;C;A;A;C;D;C;A;D;C;D;A;C;A;D;B;A;D;A;C;D;D;B;C;C;B;A;C;B;D;B;A;D;D;D;2587780
820;A;B;D;C;A;B;D;A;B;B;C;A;B;A;D;C;C;B;D;D;C;D;D;D;D;A;A;A;B;C;B;C;C;C;D;B;A;D;D;B;C;B;A;D;C;B;A;A;C;D;A;C;B;D;A;B;A;A;D;B;B;D;D;C;B;A;C;A;D;A;B;B;A;D;B;D;C;C;B;B;D;A;C;D;C;A;D;A;D;C;B;C;C;A;C;D;D;B;A;A;2605560
821;A;B;D;C;B;B;D;C;B;A;C;A;B;D;C;A;C;B;D;D;B;D;D;B;A;B;D;B;A;B;B;C;C;C;D;B;A;B;D;C;D;B;A;C;D;B;A;C;B;A;A;C;D;D;A;B;B;C;D;C;A;D;D;B;B;A;C;A;D;B;A;C;A;D;D;C;A;A;B;D;B;D;C;A;C;A;B;A;B;C;B;C;C;A;C;D;A;D;C;A;2597310
829;A;C;D;D;C;B;D;B;B;C;C;A;B;A;C;B;C;B;D;A;C;D;B;B;D;D;A;A;C;D;B;C;C;C;B;A;A;D;D;C;C;B;A;D;C;B;C;C;B;A;C;A;D;D;A;C;A;C;D;C;B;D;D;B;B;A;C;C;D;A;B;C;A;D;D;D;A;C;A;B;D;A;C;A;A;A;D;A;D;C;D;C;C;A;D;A;C;D;B;A;2592310
834;D;A;D;C;B;B;C;B;B;C;C;B;B;A;C;A;C;B;D;B;C;D;A;B;B;A;A;A;A;A;B;C;C;C;D;A;B;D;D;D;A;B;A;D;C;B;A;A;C;D;C;A;A;A;A;B;A;C;A;B;B;D;D;D;C;A;C;A;D;C;D;A;A;C;D;C;A;C;D;B;C;A;C;B;D;A;D;C;B;D;B;A;B;A;A;A;D;D;B;A;2600290
835;D;B;D;B;A;B;A;B;B;B;D;D;D;A;A;A;C;A;C;A;C;D;D;D;D;B;A;D;C;A;B;C;C;C;B;A;A;A;A;A;D;B;A;A;C;B;A;C;B;D;C;C;C;C;A;B;C;A;D;C;B;D;D;D;C;A;C;A;A;C;A;A;A;C;D;D;A;C;D;B;C;A;C;A;C;C;D;A;B;C;B;C;C;C;D;A;A;D;D;C;2602770
837;B;A;D;C;D;B;D;C;B;B;C;D;B;A;A;B;C;B;D;B;C;C;D;B;B;D;A;D;B;B;B;D;C;A;D;B;B;A;D;A;D;B;B;D;D;B;A;A;B;A;C;A;B;C;A;B;A;C;D;C;C;D;D;B;A;A;C;C;D;D;A;A;A;D;D;D;A;C;B;B;B;A;C;A;A;A;D;A;C;D;B;C;D;B;A;A;C;B;D;C;2589030
838;C;B;D;D;C;B;B;B;B;A;C;A;A;A;D;A;C;A;D;D;C;C;D;B;A;B;D;A;C;B;B;C;C;C;D;A;A;D;D;D;C;B;A;A;A;B;A;C;C;A;A;C;B;C;A;B;A;A;D;B;C;A;C;D;A;A;C;A;A;C;D;A;B;D;D;D;A;D;D;D;C;A;D;C;A;A;C;A;B;C;B;C;C;D;A;A;B;D;D;A;2602510
840;B;B;D;A;C;B;D;B;B;A;C;C;B;A;C;D;C;B;D;B;C;D;D;B;D;B;D;A;C;B;B;B;C;C;D;A;C;D;D;X;C;B;A;D;C;B;A;C;B;B;C;A;C;D;B;D;A;A;D;B;C;D;D;B;B;A;C;A;C;C;B;C;D;D;B;D;A;C;C;A;B;A;C;B;A;C;D;A;B;A;C;D;C;A;A;D;C;D;D;C;2600760
841;C;C;D;D;D;B;B;C;B;B;C;A;B;A;C;A;C;B;D;C;C;D;D;C;D;B;A;B;D;A;B;B;C;A;D;B;B;A;D;D;D;A;A;D;A;B;A;C;A;A;C;C;C;A;A;C;B;C;D;A;C;D;D;B;B;A;C;A;A;C;B;A;B;D;D;D;C;C;D;B;C;A;D;D;B;B;D;A;D;A;B;C;C;A;A;D;C;D;D;C;2594690
844;A;B;D;D;C;B;D;D;B;C;C;C;B;D;A;A;C;B;A;A;C;D;D;C;B;D;D;D;A;B;B;C;C;B;C;A;A;D;D;D;A;B;A;D;D;B;A;C;C;D;A;C;B;C;A;B;A;C;D;B;C;D;D;D;C;A;B;D;A;C;C;D;A;C;B;D;C;C;B;B;B;A;C;D;D;C;B;A;B;D;B;A;C;B;A;D;C;A;B;C;2607650
846;C;D;D;C;A;B;A;A;B;B;C;A;B;A;D;C;C;D;D;D;C;D;D;B;B;D;A;A;D;A;B;C;C;B;D;A;A;D;D;D;C;B;A;D;D;B;A;C;B;A;C;C;B;D;A;B;A;C;D;C;B;D;D;B;B;A;C;A;D;B;A;C;A;D;B;D;C;D;A;B;D;D;C;B;C;A;D;A;B;A;B;D;C;A;A;B;C;D;D;A;2585730
849;B;B;D;D;A;B;C;C;B;B;C;A;B;A;D;A;C;A;A;B;A;A;D;C;B;D;A;B;A;C;B;D;C;C;B;A;A;D;D;D;C;A;A;D;C;B;D;C;B;A;C;A;B;A;A;C;D;C;D;B;B;D;D;B;C;A;C;D;D;C;D;A;A;D;D;D;A;B;A;B;B;A;C;A;C;A;A;A;C;C;D;C;C;A;A;D;D;D;D;D;2602790
859;C;B;D;C;C;B;A;B;B;A;C;C;B;B;C;D;C;B;D;B;C;C;B;C;D;D;A;A;D;A;B;C;C;C;B;A;A;D;D;D;A;B;C;D;C;B;A;C;B;A;C;A;D;C;A;B;B;C;D;C;C;D;A;B;A;A;D;D;A;D;B;A;A;A;D;B;A;C;D;B;A;D;C;D;C;D;D;A;B;C;B;D;C;A;A;D;C;A;C;C;2607450
860;B;D;D;C;A;B;D;A;B;B;B;A;B;A;C;C;C;B;A;D;C;D;D;B;D;D;D;D;A;D;B;D;C;C;D;B;A;D;D;D;D;B;A;D;D;C;A;C;B;A;C;C;B;D;A;B;A;C;D;C;B;D;A;C;B;A;A;A;D;A;A;C;A;D;D;D;C;C;A;A;B;D;D;B;D;C;D;A;C;A;D;D;C;D;C;A;D;A;B;A;2602490
863;A;B;D;D;A;B;B;C;B;B;C;A;B;A;D;A;C;B;D;C;C;D;D;D;B;D;D;A;A;A;B;C;D;C;D;A;A;C;D;C;D;B;A;D;C;B;A;C;C;B;C;C;C;D;A;B;B;C;D;C;B;C;D;B;B;A;C;A;D;B;D;A;A;D;D;D;A;C;D;B;D;A;C;B;C;C;D;A;C;A;B;D;C;C;A;C;C;D;D;C;2602000
864;D;A;D;D;B;B;A;B;B;B;C;B;B;A;C;A;C;B;D;B;A;C;B;C;B;D;A;A;D;D;B;C;C;B;D;D;B;D;D;D;C;B;A;D;C;B;C;C;D;D;C;C;C;D;A;D;A;C;D;C;B;D;D;B;C;A;C;C;D;D;B;A;A;D;D;B;A;C;D;B;C;A;D;D;A;A;A;C;B;C;B;D;C;C;C;D;B;A;B;C;2602570
865;B;B;D;C;C;B;C;A;B;B;C;A;B;A;D;A;C;B;A;D;C;A;D;B;B;B;A;D;D;D;B;C;C;C;D;A;C;A;D;D;C;B;A;D;C;B;A;C;B;D;A;D;C;D;A;B;A;C;D;C;B;D;D;D;C;B;C;A;A;A;D;B;D;D;B;D;A;C;D;B;B;A;C;A;A;C;D;C;B;C;B;D;C;D;C;B;C;B;C;A;2607700
869;A;B;D;B;C;B;C;A;B;B;C;A;B;A;B;D;C;B;D;B;C;D;D;B;D;B;A;D;B;D;B;D;C;C;C;A;A;D;D;C;C;D;A;C;C;B;A;C;B;D;C;C;B;C;A;B;B;C;D;B;B;D;D;C;B;C;C;D;A;D;B;B;D;D;A;D;A;C;D;B;B;D;C;A;A;D;D;A;C;A;B;C;D;A;A;B;A;D;C;B;2601660
870;A;B;D;D;C;B;C;C;B;C;C;D;A;A;D;B;C;B;D;D;C;D;D;B;A;D;D;A;D;C;B;D;C;C;A;A;B;D;D;A;D;B;A;B;B;B;C;C;B;D;A;C;B;C;A;B;A;C;D;B;A;D;A;D;B;A;C;A;D;C;A;C;A;D;D;C;A;B;B;B;C;A;D;D;C;C;D;A;B;A;B;C;D;D;B;A;D;A;D;D;2601840
871;A;B;D;C;A;B;D;A;B;B;C;A;B;A;C;C;C;B;D;D;C;D;D;B;B;D;A;A;D;C;B;C;C;C;D;A;A;D;D;D;D;B;A;D;D;B;A;C;C;A;B;A;B;A;A;B;A;C;D;C;C;D;D;C;B;A;C;A;D;A;D;C;A;D;D;D;D;C;A;B;C;A;D;D;A;C;D;A;B;C;B;D;C;A;A;B;B;A;D;A;2589890
873;B;B;D;C;A;B;D;B;B;B;C;A;B;A;C;C;C;D;A;C;C;C;A;C;B;B;A;A;D;D;B;C;C;B;D;A;B;D;D;D;C;B;A;D;D;B;A;C;B;D;C;C;B;C;A;C;B;C;D;C;C;C;D;B;B;A;C;C;D;D;D;A;B;D;D;C;D;C;A;B;D;A;C;A;C;C;D;C;D;A;B;C;D;D;C;B;C;A;D;A;2593390
874;B;D;D;D;C;B;A;A;B;C;C;A;A;A;A;B;C;B;B;D;C;D;D;B;B;B;A;A;D;A;B;C;C;B;C;A;C;D;D;D;D;B;A;D;C;C;A;A;B;D;C;C;B;D;A;B;B;C;D;C;B;D;D;C;C;A;C;A;D;A;B;A;B;D;D;D;B;B;A;A;C;D;C;D;C;C;B;A;D;A;D;D;C;D;A;A;C;D;D;A;2594700
876;B;B;D;C;B;B;B;A;B;B;C;A;B;A;D;C;C;B;B;D;C;D;A;C;B;D;A;A;D;A;C;D;C;C;D;C;B;D;D;D;D;D;A;D;D;B;A;C;C;D;C;C;B;D;A;B;B;C;D;C;C;D;D;D;B;A;C;A;D;C;B;A;A;D;D;D;C;C;A;B;D;A;A;D;D;B;D;A;D;A;D;D;D;C;A;B;C;D;B;D;2602040
879;A;B;D;C;C;B;D;C;B;B;C;A;B;A;C;B;C;D;D;C;C;D;A;B;B;D;A;A;B;C;B;C;C;B;B;C;A;A;D;A;C;B;D;D;C;B;A;C;B;C;C;C;B;A;A;B;A;C;D;B;C;A;D;B;C;A;C;C;D;C;A;A;B;D;B;D;A;A;B;B;D;A;C;B;A;D;A;C;B;A;B;C;C;A;C;A;D;D;D;C;2583800
883;A;A;D;D;D;B;C;C;B;B;C;D;B;A;C;C;C;B;D;B;C;D;D;C;D;B;A;A;B;B;B;C;C;A;D;A;B;D;C;D;D;A;A;D;D;B;A;C;C;D;B;C;C;C;A;A;A;C;A;D;B;D;D;C;C;A;B;D;A;C;B;A;B;C;B;D;B;C;A;B;D;D;A;D;C;D;D;A;B;B;B;C;C;D;C;A;B;B;D;A;2607110
885;A;A;D;D;D;B;C;D;B;B;C;A;B;A;B;D;C;D;A;D;C;D;D;B;B;D;D;A;B;B;B;D;C;C;A;A;B;A;D;A;C;B;A;D;B;B;A;A;B;A;A;A;B;D;A;D;A;C;D;C;B;D;D;C;B;A;C;C;D;D;B;C;B;C;A;D;A;D;B;B;B;A;C;D;C;D;D;A;C;D;B;C;C;B;B;D;C;A;D;A;2595350
886;A;B;D;D;A;B;A;D;B;B;C;A;A;A;D;B;C;B;D;B;C;D;A;D;B;D;A;D;B;D;B;D;C;C;D;A;B;C;D;D;D;B;A;D;C;B;A;C;C;D;C;C;B;A;A;B;B;C;D;B;B;D;D;B;B;A;C;C;D;A;D;A;A;D;B;B;D;B;A;B;D;A;C;A;C;A;D;C;D;A;B;C;D;C;A;A;B;A;D;A;2602990
887;B;B;D;C;A;B;C;A;A;D;C;D;B;A;D;B;C;B;D;B;C;D;D;B;B;D;A;A;D;D;B;C;B;A;D;A;B;D;D;D;C;B;A;D;C;B;C;C;B;D;C;C;B;A;A;B;B;C;D;C;B;D;D;C;B;A;C;D;C;B;D;A;A;D;D;D;C;C;D;D;D;D;C;D;C;C;D;A;D;A;B;D;C;A;A;B;B;A;D;A;2599710
888;D;B;D;C;A;B;A;B;D;B;C;A;B;A;D;A;C;D;D;D;A;D;D;C;A;D;D;A;B;B;B;D;C;C;A;A;B;D;D;B;C;B;A;D;C;B;C;C;B;D;C;C;D;C;B;A;A;C;D;C;C;D;D;B;B;A;C;C;A;D;D;C;A;D;D;B;D;C;B;B;D;A;C;D;C;A;D;A;B;A;B;D;C;A;C;D;A;A;D;A;2573830
895;C;B;D;D;A;B;A;A;B;B;C;A;B;A;D;A;C;B;D;B;C;D;D;D;D;D;D;A;D;C;B;C;C;C;D;B;A;D;D;D;D;B;A;D;C;B;A;C;C;D;C;C;B;D;A;B;A;C;D;B;B;D;D;C;B;A;C;A;A;B;B;A;C;D;D;D;C;D;D;B;D;A;C;A;C;D;D;A;C;A;B;A;C;A;D;D;D;A;A;A;2602790
898;C;B;D;B;C;B;D;D;B;B;C;B;B;A;C;A;C;B;D;D;C;D;D;B;D;D;D;D;C;A;B;B;C;C;B;A;B;D;D;C;C;B;A;D;A;B;C;C;B;D;C;A;B;D;A;B;A;C;D;C;C;D;D;B;B;C;C;D;D;C;B;C;A;D;D;A;A;C;A;D;C;A;B;D;C;C;D;A;D;A;B;D;D;A;A;D;C;D;D;D;2602550
900;B;A;D;A;C;B;D;A;B;B;C;A;A;A;C;A;C;B;D;A;B;D;D;B;B;B;A;A;A;A;B;C;C;C;A;B;A;C;D;D;C;B;C;D;C;B;A;C;B;A;B;C;B;A;A;B;B;C;D;C;B;D;D;B;C;A;C;A;A;D;B;A;A;D;D;D;D;A;D;B;D;A;A;A;A;A;D;A;B;A;B;C;C;A;A;D;A;D;D;A;2601190
901;B;B;D;C;C;B;D;B;B;B;C;D;B;A;D;D;C;B;A;D;A;D;D;C;D;D;D;A;D;D;B;B;C;C;B;A;A;A;B;D;C;B;A;D;D;B;A;C;C;A;C;C;D;A;A;D;A;C;D;C;C;D;D;D;B;A;C;C;D;C;B;B;A;D;B;D;C;C;D;D;D;A;D;A;A;C;D;C;D;A;B;D;C;C;C;D;B;A;C;A;2597480
907;A;B;D;A;C;B;C;C;D;B;C;D;B;A;B;A;C;A;D;A;C;D;D;C;D;A;C;B;A;D;B;D;C;B;A;B;C;D;D;C;C;D;A;B;C;B;A;C;C;B;C;C;B;C;A;B;B;C;D;B;C;D;D;B;A;A;C;A;D;B;B;C;A;C;B;D;C;B;A;B;C;A;D;C;D;A;D;C;B;C;B;C;D;A;A;A;B;D;D;B;2598040
908;B;B;D;C;A;B;D;A;B;B;C;A;B;A;D;D;C;D;D;C;C;D;A;D;D;D;A;B;D;A;B;D;C;C;B;C;A;D;D;D;C;B;A;D;C;B;A;C;B;D;A;A;B;D;A;B;A;A;D;C;B;D;D;B;B;A;C;D;D;C;D;A;A;D;D;D;C;C;B;B;B;A;D;A;C;C;D;A;D;A;D;C;D;C;C;B;C;A;D;A;2601630
912;A;A;D;C;A;B;C;A;B;B;C;A;B;A;C;C;C;D;A;D;C;D;D;C;B;D;A;A;D;A;B;C;C;C;D;A;A;D;B;D;C;B;A;A;D;B;A;C;C;D;C;C;B;D;A;B;B;C;D;B;B;D;D;B;B;A;C;A;A;A;A;A;B;D;D;D;A;D;A;B;D;D;C;D;C;C;B;A;D;A;X;C;C;A;A;D;B;A;D;A;2551580
914;A;B;D;C;B;D;B;D;B;A;C;D;B;A;C;B;C;A;D;B;C;D;A;C;A;B;A;A;D;D;B;C;C;C;B;A;B;A;D;D;C;B;A;D;C;B;A;C;B;D;C;C;B;D;A;B;B;C;B;B;C;D;D;B;A;C;C;A;D;D;C;A;A;D;D;C;A;B;A;B;D;D;A;B;A;D;D;A;D;A;D;C;C;C;B;D;B;A;A;C;2607770
918;D;B;E;C;A;B;D;B;B;C;C;A;A;A;B;A;C;B;D;D;C;D;D;C;B;D;D;A;D;B;B;D;A;C;B;A;A;C;D;D;C;B;A;D;A;B;C;C;C;D;C;C;B;A;A;B;A;C;D;C;B;D;D;C;B;A;C;D;A;D;B;A;D;C;D;D;A;A;D;B;A;D;C;A;A;C;D;A;D;A;B;C;C;C;D;D;B;C;D;A;2594960
920;B;B;D;C;D;B;D;C;B;B;C;A;D;A;C;A;C;B;D;D;C;D;D;B;B;D;A;A;A;D;B;D;C;C;C;A;A;A;D;D;D;B;A;C;D;B;A;C;B;D;C;C;C;B;A;A;B;A;B;C;B;D;A;B;A;A;C;D;D;D;B;C;C;D;D;D;A;C;D;B;B;A;B;A;C;A;D;B;D;A;C;A;C;A;A;A;C;A;D;A;2602310
925;B;A;D;C;B;B;C;A;B;B;C;A;B;A;D;C;C;B;D;D;C;D;D;B;B;D;A;A;D;D;B;C;C;C;D;A;A;D;D;D;C;B;A;D;D;B;A;C;B;D;C;C;B;B;A;B;C;C;D;C;B;D;D;C;B;A;C;A;D;A;B;A;B;D;D;D;C;A;A;B;B;D;C;D;C;C;D;A;C;A;B;D;C;C;C;D;B;A;D;A;2602960
930;A;A;D;C;A;B;C;C;B;B;C;A;B;A;D;D;C;B;D;B;C;D;A;C;A;D;D;A;D;A;B;C;C;C;B;A;A;C;D;D;C;B;A;D;D;B;A;C;B;D;A;A;B;A;A;B;B;C;D;B;C;D;D;B;B;A;C;A;D;A;D;A;A;D;D;C;C;A;A;A;B;A;C;C;A;C;D;A;C;A;B;C;D;A;C;A;B;D;D;A;2602980
933;C;B;D;D;D;B;A;A;B;B;C;A;C;A;D;C;C;D;B;D;C;D;D;B;D;D;D;B;D;A;C;B;C;C;D;A;A;A;D;D;D;B;A;D;C;B;A;C;B;D;C;C;B;D;A;B;B;C;D;C;B;D;D;B;B;A;C;A;D;C;D;C;A;D;D;D;B;C;A;A;C;A;C;D;A;A;D;A;D;A;C;C;C;B;A;C;B;A;A;A;2607350
937;D;A;D;C;C;B;B;A;B;A;C;A;B;A;D;D;C;B;D;C;C;A;D;D;A;C;A;B;C;B;B;D;C;C;D;A;B;D;B;D;D;B;A;D;C;B;A;C;C;D;A;A;B;A;A;B;B;A;D;C;B;D;C;B;B;A;C;C;D;C;B;C;A;D;B;D;C;C;B;D;C;A;A;D;C;C;D;A;B;C;B;C;C;A;C;C;B;A;D;A;2596170
942;A;B;D;D;B;B;D;D;B;B;C;A;B;A;C;A;C;B;D;D;C;D;D;B;D;D;D;A;C;A;B;B;C;C;B;A;C;A;D;D;C;B;A;D;C;B;A;C;B;D;C;C;B;C;A;B;A;C;D;C;B;D;A;B;B;A;C;A;A;A;A;A;A;D;B;C;A;B;A;D;B;A;C;D;A;A;D;A;B;C;B;C;C;C;D;D;A;D;D;A;2586010
943;A;A;D;B;D;B;B;C;B;C;C;C;B;D;C;A;C;B;D;D;C;D;D;A;A;D;C;A;A;D;B;C;C;C;B;B;C;D;D;A;C;D;A;D;C;B;A;C;C;D;A;C;C;D;A;B;A;C;D;C;C;C;D;C;C;C;C;D;D;B;D;A;C;D;D;B;A;C;B;B;C;A;C;C;A;D;C;A;D;C;B;D;C;A;B;C;B;A;D;C;2597040
945;A;B;D;D;B;B;C;C;D;B;C;A;B;D;D;A;C;B;A;D;A;D;D;D;B;B;A;A;B;B;B;D;C;C;D;A;A;A;D;C;A;A;A;D;C;B;C;C;B;D;C;A;B;D;A;B;A;A;D;C;B;D;D;D;B;B;C;D;D;C;A;A;A;D;C;C;C;B;A;D;B;D;C;D;A;C;D;A;D;B;B;C;C;C;B;A;A;A;D;A;2607720
946;A;A;D;C;A;B;C;C;B;C;C;A;B;A;D;D;C;B;D;B;C;C;A;C;A;D;A;B;D;A;B;D;C;C;B;A;A;D;D;B;C;B;A;B;A;B;A;C;C;A;C;C;D;C;A;B;B;C;D;C;C;D;B;B;B;A;C;A;A;D;B;A;A;D;D;C;C;B;A;A;B;D;C;C;A;A;D;A;C;A;B;C;C;A;C;A;B;A;D;A;2597560
948;B;B;D;C;C;C;B;D;B;C;C;A;A;A;D;C;C;B;C;B;C;D;D;D;A;B;C;A;A;A;B;B;C;C;D;A;B;D;D;D;C;B;A;A;B;B;C;C;B;D;C;B;D;C;A;B;B;C;D;C;B;D;A;C;B;A;C;D;A;C;B;C;A;D;D;D;D;C;A;D;D;D;C;B;A;C;A;A;C;B;C;C;C;A;B;A;B;B;D;D;2594810
952;B;B;D;C;C;B;D;A;B;B;C;A;B;A;D;A;C;B;D;D;C;D;D;C;B;B;A;B;D;B;B;D;C;B;C;A;A;B;D;D;C;D;A;D;C;B;A;C;B;D;C;C;B;D;A;B;A;C;C;B;C;D;D;B;B;A;C;A;A;C;B;A;A;D;B;D;A;C;D;A;D;D;C;A;A;C;D;A;C;A;B;A;C;A;C;D;C;A;D;A;2596940
954;A;B;D;D;B;B;D;D;D;B;C;A;B;A;D;B;C;B;D;A;A;A;D;C;A;D;D;B;C;B;B;D;C;C;A;A;A;C;D;D;C;D;A;C;C;B;A;C;B;B;C;C;B;A;B;B;A;C;D;C;A;D;D;D;B;A;C;A;D;C;C;A;A;D;D;D;B;A;B;D;C;D;B;D;A;A;D;A;B;C;B;D;C;C;C;D;B;B;D;A;2601930
960;A;B;D;D;A;B;D;C;B;B;C;A;B;A;C;A;C;B;D;C;C;D;A;B;B;B;D;A;A;A;B;B;B;C;A;A;A;D;D;D;D;B;D;D;D;B;A;C;B;D;A;C;D;D;A;B;A;C;D;C;B;D;D;B;B;A;C;C;D;D;A;A;B;C;D;D;A;B;B;D;C;A;B;A;D;A;D;B;C;C;B;A;C;B;A;A;B;A;D;A;2602750
961;A;C;D;C;D;B;D;B;B;B;C;D;B;D;D;A;C;B;D;C;C;D;D;B;B;D;D;A;C;A;C;B;C;C;A;A;B;D;D;D;C;B;A;C;B;B;A;C;B;D;C;D;C;D;A;D;A;C;D;C;C;D;C;B;B;C;C;D;D;A;B;C;B;D;D;D;A;B;A;B;A;A;C;D;A;C;A;C;B;C;B;C;C;A;C;D;A;B;D;A;2602720
965;C;A;D;C;D;B;D;A;B;B;C;A;B;A;D;B;C;B;D;B;C;D;D;B;B;B;A;A;A;A;B;D;C;C;B;A;A;D;D;D;C;B;A;D;C;B;A;C;B;D;C;C;B;A;A;D;A;C;D;C;B;D;D;B;B;A;C;C;D;A;B;C;C;D;B;D;C;C;D;A;D;A;C;D;C;C;D;A;D;A;B;D;C;A;B;D;B;D;B;A;2601590
968;B;C;D;D;A;B;D;C;B;A;C;A;B;A;D;A;C;B;D;D;A;D;D;D;B;D;D;D;C;D;B;C;C;C;D;C;B;D;D;D;C;B;A;D;A;B;A;C;C;D;C;C;B;D;A;B;B;C;D;C;B;D;D;B;A;A;C;A;A;D;B;A;B;D;D;D;C;C;A;B;B;A;C;B;D;A;D;A;B;A;B;D;C;A;C;A;A;A;D;A;2601670
969;A;B;D;C;B;B;D;A;B;B;C;D;B;A;D;D;C;B;D;C;C;C;D;B;D;B;D;D;D;D;B;D;C;C;D;A;B;A;D;C;D;B;A;D;C;B;A;C;B;A;C;C;B;A;A;B;B;A;D;C;C;D;A;C;B;A;C;D;D;C;B;A;B;D;D;D;C;C;A;D;A;A;C;B;C;C;D;B;B;C;D;C;C;C;B;C;B;D;D;A;2592020
977;A;D;D;C;A;D;B;C;B;C;C;D;B;A;C;C;C;B;B;A;C;D;D;C;A;B;A;A;A;A;B;D;C;C;D;B;A;D;D;D;C;B;A;D;D;B;A;C;B;D;A;C;C;C;A;B;C;A;D;C;B;D;D;B;C;A;C;A;D;D;B;A;A;D;D;D;C;C;A;B;B;A;B;A;C;C;D;A;A;C;B;C;C;C;A;D;A;D;D;B;2586440
979;C;D;D;C;B;C;C;B;B;C;C;B;B;A;B;B;C;B;D;B;C;D;D;B;D;D;A;A;D;C;B;D;C;C;B;A;A;B;D;C;C;A;A;D;D;B;A;C;B;D;C;A;B;C;B;D;A;C;D;C;B;D;D;B;C;D;C;D;C;C;B;C;C;C;D;C;D;C;A;D;C;A;C;D;A;A;D;A;B;C;C;C;D;A;A;D;B;A;A;C;2593460
984;C;B;D;A;C;B;B;A;B;B;C;D;B;A;B;C;C;D;D;D;C;D;D;B;B;D;D;A;D;B;B;C;C;C;D;A;A;D;D;D;D;B;A;A;C;B;A;C;A;D;C;B;B;D;A;A;A;C;D;B;B;D;D;B;B;A;C;A;A;C;C;A;B;D;D;D;A;A;A;A;D;A;D;B;C;A;D;A;B;C;B;D;C;A;A;D;A;A;C;A;2597350
993;C;B;D;A;C;B;D;B;B;B;C;D;B;A;C;A;C;D;D;D;C;D;D;B;B;D;A;A;A;A;B;D;C;C;A;A;A;D;D;C;D;B;A;C;C;B;A;C;C;A;A;A;C;A;A;B;A;C;D;B;C;D;D;B;A;A;C;C;A;C;D;A;B;D;D;D;A;A;A;D;D;A;B;D;A;D;D;A;A;A;B;D;D;A;C;C;B;D;B;C;2594960
1001;A;A;D;C;C;B;C;D;B;B;C;D;A;A;C;A;C;B;D;D;C;D;D;C;B;D;A;A;B;A;B;D;C;C;B;A;A;D;D;A;D;B;A;C;B;B;A;C;C;D;C;A;B;D;A;B;A;C;D;B;C;D;D;D;C;A;C;D;B;A;A;C;B;D;B;B;C;A;B;B;D;A;D;A;C;D;D;A;B;C;B;A;D;A;A;B;B;A;D;A;2603100
1002;A;A;D;D;D;B;B;C;B;A;C;D;B;A;C;B;C;B;C;D;C;D;D;B;D;A;D;A;B;D;B;C;C;C;B;B;A;D;D;D;D;B;A;D;D;B;C;C;B;B;C;C;B;A;A;A;A;C;D;C;B;D;D;B;A;A;C;A;A;A;B;A;C;D;D;D;A;C;A;B;D;A;C;B;C;C;D;A;C;A;B;D;C;C;C;A;A;A;D;A;2601800
1004;D;A;D;C;C;B;D;A;B;B;C;D;B;A;C;A;C;B;D;D;C;D;A;B;D;B;A;A;A;D;B;D;C;A;A;D;B;C;D;C;C;B;A;D;A;C;A;C;A;D;C;C;B;C;A;D;A;C;D;B;C;D;D;D;B;A;C;D;D;D;B;A;A;D;B;D;D;C;D;D;D;A;D;A;A;A;D;A;D;C;B;C;C;A;C;A;B;A;B;C;2594760
1005;B;X;D;C;C;B;D;C;B;B;C;A;B;A;A;B;C;B;D;D;C;D;D;B;D;D;A;A;D;D;B;D;C;C;B;B;A;C;D;C;D;B;A;D;A;B;A;C;B;D;C;C;B;D;A;D;A;C;D;B;B;D;D;B;B;A;C;D;A;C;B;A;A;D;D;B;B;B;D;B;C;A;C;B;C;C;D;A;D;A;B;D;X;D;A;B;D;A;B;A;2594880
1008;A;A;D;C;C;B;D;C;B;B;C;A;B;A;D;D;C;B;D;D;A;C;D;D;A;B;A;A;A;A;B;D;C;C;D;A;B;A;D;D;D;B;A;D;C;B;A;C;B;A;C;C;C;C;A;B;A;C;D;B;A;D;D;B;B;A;C;D;D;C;D;A;A;D;D;D;C;C;A;D;D;A;A;D;A;D;D;A;D;A;B;C;D;D;D;A;B;A;A;D;2601980
1009;B;B;D;C;A;B;D;C;B;B;C;A;B;A;C;D;C;D;D;D;C;D;D;B;D;B;A;A;B;B;B;C;C;C;B;A;A;B;D;C;C;B;A;D;A;B;A;C;C;D;C;C;C;A;A;B;A;C;D;C;C;D;D;D;C;A;C;D;D;D;B;A;A;D;D;C;A;C;D;A;C;A;C;A;C;D;D;A;B;C;B;C;C;D;A;A;C;A;D;C;2597280
1010;B;C;D;D;C;B;D;C;B;B;B;A;B;A;D;A;C;A;D;D;C;D;D;D;D;D;A;A;B;A;B;D;C;C;D;A;C;D;D;D;A;B;A;A;A;B;A;C;B;A;A;C;B;D;A;D;A;B;D;C;B;A;D;B;C;A;C;A;A;A;A;C;A;D;B;D;D;C;D;B;D;D;A;C;C;C;D;A;D;D;B;D;C;A;D;A;A;D;D;A;2595010
1013;B;A;D;C;D;B;D;C;B;B;C;A;B;A;D;C;C;B;D;A;C;D;D;B;B;D;C;A;A;C;B;D;C;X;A;B;A;A;D;A;C;C;A;D;C;B;A;C;C;D;C;C;B;A;A;B;B;C;D;C;C;D;D;B;B;A;C;A;D;D;D;A;A;D;B;D;B;D;A;B;D;A;D;B;A;A;D;A;D;A;B;D;C;D;A;A;C;D;D;A;2602120
1021;A;B;D;C;D;B;C;A;B;C;C;D;C;A;C;A;C;B;D;D;C;D;D;C;D;D;A;A;B;A;B;D;C;A;A;A;A;D;D;B;D;B;C;D;C;B;A;C;B;D;A;B;B;D;A;B;A;C;D;C;B;D;D;B;B;A;A;C;A;B;A;B;A;D;D;B;A;A;A;D;B;A;D;A;D;C;D;A;C;A;B;C;C;A;A;B;B;D;D;C;2602300
1023;B;A;D;C;C;B;D;A;B;B;C;A;B;A;C;C;C;B;D;D;C;D;D;C;D;D;A;A;B;A;B;C;C;C;C;A;A;D;D;D;C;B;A;D;D;C;A;C;C;D;B;C;D;D;A;A;A;C;D;C;B;C;D;B;B;A;C;D;D;B;A;B;A;D;D;D;A;C;D;B;C;D;D;B;D;C;D;A;C;A;B;C;C;B;C;B;A;A;D;A;2607310
1024;B;B;D;C;B;B;D;A;B;B;C;A;B;A;D;D;C;B;D;B;C;D;A;B;D;D;C;A;D;B;B;C;C;C;D;A;A;D;D;D;C;B;A;B;C;B;A;C;C;D;C;C;B;A;A;B;A;C;D;C;B;D;D;B;B;C;C;A;D;D;B;A;A;D;D;D;A;A;A;B;D;D;A;B;C;C;D;A;D;A;D;D;C;A;A;B;B;B;D;A;2598080
1029;B;D;D;A;A;B;A;A;D;C;B;D;A;A;C;D;C;D;C;D;C;D;D;C;B;D;D;D;A;A;B;B;C;C;D;B;B;B;D;D;C;B;A;D;A;C;A;C;B;B;C;A;B;D;A;A;A;C;D;B;C;D;D;B;B;A;C;C;A;C;B;A;A;D;D;D;A;C;B;C;C;D;B;C;A;D;D;A;B;C;B;C;D;D;A;D;B;A;C;D;2606030
1031;B;A;D;C;C;B;A;C;B;B;C;A;B;A;A;C;C;B;D;C;C;C;D;B;D;D;C;A;D;D;B;C;C;B;D;A;A;A;D;D;C;B;A;D;C;B;A;C;B;D;C;A;D;D;A;B;C;C;D;C;B;D;D;C;C;A;C;A;D;C;B;D;A;D;D;D;A;C;B;D;B;D;D;D;D;C;D;C;D;C;B;A;C;A;B;D;B;D;D;A;2579350
1032;C;B;D;B;C;B;D;D;B;B;C;D;A;A;D;C;C;B;C;B;C;B;D;D;D;D;D;B;A;C;B;D;C;C;A;A;B;A;D;D;C;B;A;A;B;B;C;C;B;D;C;B;B;A;A;D;A;C;D;C;C;D;D;D;C;A;B;A;D;A;B;A;C;D;D;D;A;D;B;A;C;A;B;D;C;C;D;A;B;C;B;A;D;B;C;D;B;D;A;D;2602280
1036;D;A;D;D;C;B;A;B;B;C;C;A;B;A;D;D;C;D;A;B;C;A;D;D;D;D;A;D;D;B;B;D;C;A;D;B;B;D;B;D;A;B;B;D;B;C;A;C;B;D;C;A;B;D;A;B;D;C;D;C;B;D;D;B;A;A;C;D;D;C;A;A;B;D;D;D;A;B;D;B;D;A;C;B;A;D;D;A;B;C;B;C;C;D;A;D;A;A;B;A;2593910
1037;C;B;D;C;D;B;C;B;B;B;C;A;B;A;B;D;C;B;C;B;C;D;D;B;A;B;A;D;B;A;B;B;C;C;D;A;A;C;D;D;A;B;A;D;D;B;A;C;B;D;C;C;B;C;A;B;A;C;D;B;B;D;D;D;B;D;C;A;D;C;A;A;A;D;D;D;A;A;A;A;D;A;C;B;C;C;D;A;B;B;D;A;C;A;A;D;A;A;D;A;2591320
1038;C;B;D;C;B;B;D;B;B;B;C;A;B;A;C;C;C;B;D;B;C;D;D;B;D;D;A;D;A;D;B;C;C;C;B;A;B;A;D;D;D;B;A;D;D;B;C;C;C;A;A;C;A;A;A;B;A;A;D;C;C;C;A;B;B;A;C;D;D;C;D;A;A;D;D;D;A;C;B;B;B;A;A;D;C;C;D;C;D;A;B;A;C;C;B;A;B;A;D;C;2601900
1040;A;D;D;D;C;C;C;A;B;B;C;A;B;C;D;C;C;B;D;D;C;C;D;B;A;D;D;D;D;A;B;D;C;C;D;A;A;D;D;D;C;B;A;D;C;B;A;C;B;D;C;C;B;A;A;B;B;C;D;C;B;D;D;B;B;A;C;A;D;C;C;C;A;D;D;D;C;C;B;D;C;A;A;A;C;A;D;C;D;C;B;D;C;C;A;D;C;D;D;C;2601510
1043;B;B;D;D;D;B;B;B;B;A;C;A;B;A;C;A;C;B;D;B;C;C;A;D;D;B;A;A;D;A;B;D;C;C;D;A;B;A;D;D;D;B;A;C;D;B;A;C;C;D;D;B;A;C;D;B;B;C;D;B;B;D;A;B;B;A;C;D;C;A;B;A;B;D;D;D;B;C;B;B;A;A;B;A;A;C;D;B;B;B;B;A;C;C;B;B;D;D;D;A;2596790
1046;A;B;D;C;C;B;B;C;B;B;C;C;B;A;C;D;C;D;D;B;C;D;B;D;D;D;A;A;B;D;B;D;C;C;A;A;C;D;D;D;D;B;A;C;C;B;C;C;B;D;C;C;B;D;A;D;A;C;D;C;B;D;D;D;B;A;C;A;A;C;A;C;B;D;D;C;A;A;D;B;C;D;D;A;C;C;D;A;D;A;B;C;D;B;C;D;A;A;D;D;2594180
1047;B;A;D;C;C;B;D;A;B;B;A;A;B;C;C;A;C;B;D;D;A;D;D;B;A;D;C;D;A;A;B;B;C;C;D;B;A;D;D;C;C;B;A;D;C;B;A;C;B;A;C;A;B;D;A;B;A;C;D;C;B;D;D;B;B;A;C;C;D;A;B;A;B;C;A;C;C;C;B;A;B;A;C;B;D;A;D;B;B;A;B;C;C;C;A;D;B;D;D;A;2601930
1050;B;B;D;C;D;B;B;C;B;B;C;A;B;D;A;D;C;D;B;D;C;A;A;D;B;D;A;A;B;C;B;B;C;C;A;B;A;D;D;C;B;B;C;D;A;B;A;C;B;D;C;C;B;C;A;D;A;C;D;C;B;D;D;A;B;A;C;D;D;A;A;B;A;D;D;D;A;B;D;A;D;A;C;A;B;A;D;A;D;A;B;C;C;A;C;C;B;B;D;A;2596920
1051;C;B;D;C;A;B;C;A;B;B;C;A;B;A;C;C;C;B;D;B;C;D;B;C;D;C;A;A;D;D;C;C;C;C;B;A;A;D;D;D;C;B;A;D;C;C;A;C;C;D;C;A;B;A;A;B;A;C;D;C;B;D;D;B;B;A;C;A;D;C;B;A;A;D;D;D;A;B;A;B;D;D;C;A;A;D;D;A;B;A;B;D;C;C;A;C;B;B;D;A;2587720
1054;A;B;D;C;C;C;A;C;B;C;C;D;B;A;B;A;C;B;D;C;A;A;D;B;B;C;D;B;A;D;B;C;C;C;D;A;B;D;D;D;D;B;A;C;A;B;A;C;A;A;C;B;B;C;D;D;A;C;D;B;B;D;D;B;B;A;C;D;A;B;A;A;B;D;D;C;A;C;A;A;A;D;C;A;C;A;D;C;C;C;B;C;C;C;D;D;B;A;D;A;2602970
1055;A;B;D;C;C;C;A;A;B;B;C;A;B;B;C;D;C;B;D;B;B;C;B;B;D;B;A;A;C;A;B;B;C;C;D;C;B;A;D;D;C;D;A;D;C;B;A;C;B;D;C;C;D;D;A;B;A;C;D;B;B;B;C;B;B;A;C;A;A;A;B;A;A;D;C;D;C;C;A;D;D;A;A;A;C;C;D;C;D;B;B;A;C;A;A;B;C;A;D;D;2593570
1056;C;C;D;C;A;B;A;C;B;A;C;A;B;A;C;D;A;B;D;A;C;D;B;D;D;B;B;A;B;A;B;D;C;C;C;A;B;D;D;D;C;B;A;C;A;B;D;C;B;B;A;A;B;A;A;C;A;A;D;B;C;D;C;D;B;A;C;D;A;C;D;C;A;B;D;D;A;B;A;D;B;A;D;C;D;A;D;D;B;C;D;D;C;C;C;D;A;A;C;A;2601870
1058;B;D;D;D;C;B;D;A;B;B;C;A;B;A;C;B;C;B;D;B;B;D;D;B;D;B;A;B;B;C;B;D;C;B;D;A;B;D;D;D;C;B;A;D;A;B;A;C;B;D;C;A;B;A;A;B;A;C;D;C;C;B;A;C;B;A;C;A;A;D;D;A;A;D;B;D;B;C;A;A;C;D;C;D;A;C;A;A;D;A;B;D;C;D;C;D;C;A;D;A;2607770
1069;B;D;D;D;C;B;B;A;B;B;C;A;B;A;D;B;C;B;D;B;C;D;D;C;D;B;A;A;D;D;B;C;C;C;D;A;B;D;D;D;C;B;D;D;A;B;A;C;B;D;C;C;B;D;A;B;A;C;D;C;C;D;D;D;B;A;C;A;A;C;A;A;A;D;D;D;C;C;A;A;C;A;C;A;C;A;D;C;C;B;B;A;C;C;C;D;C;A;D;C;2588660
1071;C;B;D;C;D;B;C;C;B;B;C;C;B;A;D;C;C;B;D;D;A;D;D;D;A;D;A;A;D;D;B;B;C;C;B;C;B;D;D;D;C;B;A;D;D;B;A;C;B;D;B;D;B;A;A;B;A;C;D;C;B;D;D;B;B;A;C;A;A;C;D;A;A;D;B;D;C;B;A;B;D;A;C;D;A;C;D;A;C;A;B;A;D;A;C;A;C;C;D;A;2597870
1072;A;B;D;A;B;B;D;C;B;B;C;B;B;A;D;A;C;B;D;A;C;A;C;C;A;D;A;B;D;D;B;B;C;C;B;A;B;D;D;A;C;B;A;D;C;B;A;C;B;D;C;C;B;D;A;B;A;A;D;C;B;D;D;C;A;A;C;A;D;D;A;A;B;D;D;D;C;B;A;D;A;A;D;A;B;C;D;C;B;C;B;D;C;A;C;B;C;B;C;A;2594630
1074;B;B;D;C;C;B;C;C;B;A;C;A;B;A;C;A;C;D;D;B;C;D;D;B;D;D;A;B;A;A;B;C;C;C;B;C;A;C;D;D;C;B;B;D;C;B;A;C;C;D;B;A;B;D;A;B;A;C;D;C;C;D;A;B;B;A;C;A;A;D;B;C;A;D;D;C;C;C;A;B;C;A;D;A;A;C;D;A;B;C;B;C;C;C;A;D;C;D;D;D;2606690
1082;A;B;D;C;C;B;B;B;B;B;C;A;B;A;A;A;C;B;D;A;C;D;D;D;D;D;A;A;C;B;B;D;C;C;B;A;A;A;B;D;D;A;A;A;B;B;C;C;C;D;C;B;C;D;A;B;A;C;D;A;B;D;B;B;A;A;C;C;A;C;B;A;B;C;B;D;C;C;B;B;A;A;C;D;A;C;D;A;D;C;B;C;D;A;A;A;A;A;D;A;2602240
1086;A;B;D;B;C;B;B;C;B;C;C;D;A;A;D;A;A;B;D;D;C;C;A;D;A;B;A;A;A;D;B;C;C;C;D;A;A;B;D;C;C;B;A;D;C;B;A;C;C;D;C;C;B;D;A;D;B;A;C;B;B;A;D;C;D;A;C;C;D;C;A;A;B;D;D;D;D;C;D;D;C;D;B;D;A;C;D;A;B;C;B;C;C;A;C;B;B;A;B;C;2597340
1089;B;B;D;C;C;B;B;A;B;B;C;A;B;A;D;B;C;B;D;C;C;D;D;D;A;D;D;A;A;D;B;C;C;C;B;A;A;A;D;D;D;B;C;D;D;B;A;C;B;D;C;C;C;D;D;B;A;C;D;C;A;D;D;B;B;A;A;D;D;C;A;A;B;D;D;B;D;A;D;B;B;A;C;A;A;D;D;A;D;C;B;C;C;C;A;A;A;B;D;C;2579700
1092;A;A;D;C;C;B;C;C;B;B;C;A;B;A;D;C;C;B;D;D;C;D;D;B;D;B;A;A;D;D;B;D;C;C;B;C;A;D;D;D;C;B;B;D;C;B;A;C;B;A;C;C;B;D;A;D;A;C;D;C;B;D;D;C;B;A;D;D;A;D;B;A;A;D;D;D;A;C;B;B;C;D;C;A;C;C;D;A;D;A;B;C;C;A;A;D;C;A;D;C;2582400
1093;A;B;D;B;C;D;D;C;C;B;C;A;B;B;B;A;A;B;D;A;C;D;D;B;A;B;C;B;C;A;B;D;C;A;B;C;C;D;D;D;D;B;A;D;D;D;A;C;A;C;C;C;B;B;A;A;A;A;D;A;C;A;D;B;D;D;C;C;D;C;D;A;D;B;B;D;A;C;A;D;A;A;D;B;A;C;D;A;D;C;B;C;C;D;C;D;B;A;A;A;2602990
1099;A;A;D;C;C;B;D;A;B;C;C;A;D;A;D;A;C;B;D;B;C;D;A;B;A;D;D;A;D;D;A;A;C;C;D;A;B;D;D;C;C;B;A;D;D;B;A;C;D;A;C;B;B;B;A;B;A;A;D;C;C;D;C;B;B;A;C;A;D;D;A;A;A;A;B;D;A;C;B;A;C;A;B;A;C;C;B;A;C;C;B;C;D;D;A;D;D;A;C;A;2602710
1101;A;B;D;C;A;B;C;C;B;B;C;A;B;A;B;C;C;D;D;D;C;D;D;B;D;D;A;A;A;D;B;D;C;C;A;A;A;D;B;B;C;B;A;D;D;B;A;C;C;D;D;C;B;D;A;B;A;C;D;C;B;D;D;B;A;A;C;A;A;A;D;A;A;D;B;D;D;C;A;B;B;B;C;D;D;A;D;A;D;B;D;D;C;C;C;D;B;A;B;C;2601570
1109;A;B;D;C;C;C;D;C;B;B;C;A;B;A;A;A;C;B;D;B;C;D;A;C;A;D;D;B;A;A;B;D;C;B;C;A;A;D;D;A;D;B;A;A;C;C;A;C;B;A;A;C;C;C;A;D;A;C;D;C;C;D;D;B;C;A;C;A;A;A;D;A;B;D;B;D;C;D;D;B;D;D;C;D;D;C;D;A;D;A;B;A;C;C;C;A;B;A;B;A;2607750
1110;A;B;D;C;C;B;A;C;B;B;C;D;D;B;C;A;C;B;D;B;C;D;D;B;D;D;A;A;A;D;B;C;C;C;B;A;A;D;D;C;A;B;A;C;C;B;A;C;B;A;C;B;B;D;A;B;A;C;D;B;A;D;D;B;A;A;C;C;D;C;B;A;A;B;D;A;A;B;A;B;B;A;C;C;A;D;D;A;D;A;D;D;D;C;C;D;C;D;D;C;2594000
1111;A;B;D;C;C;C;C;C;B;B;C;D;B;A;D;D;C;B;C;D;C;C;D;C;B;D;A;A;D;B;B;B;C;C;B;A;B;D;D;B;C;B;A;D;D;B;A;C;C;D;C;A;B;C;A;D;B;C;D;C;C;D;A;D;B;A;C;A;D;C;B;C;B;A;D;D;D;C;D;D;D;A;C;D;C;A;D;A;B;C;B;C;C;C;A;D;C;D;D;A;2587740
1113;B;B;D;C;A;B;A;C;B;C;C;A;B;A;C;A;C;B;D;B;C;D;B;D;D;D;A;A;D;A;B;C;C;C;D;A;B;A;D;D;C;B;A;D;D;B;A;C;B;D;A;A;B;D;A;D;B;C;D;B;B;D;C;D;B;A;C;D;D;C;D;A;A;D;D;D;A;B;D;B;B;A;C;C;A;D;D;A;C;A;B;C;D;A;B;A;B;D;D;A;2606030
1115;A;B;D;C;A;B;B;C;B;C;C;D;B;A;D;C;C;B;D;B;C;D;A;D;D;B;A;A;A;B;B;D;C;C;D;A;A;D;D;C;C;B;A;A;C;C;A;C;C;A;C;A;B;A;A;B;B;C;D;B;B;D;D;C;C;A;C;A;A;C;B;A;B;D;D;D;C;C;B;B;C;A;C;A;C;A;D;A;D;A;B;A;C;A;A;D;A;A;D;A;2601980
1117;B;A;D;C;B;B;C;B;B;B;C;D;B;A;C;C;C;D;D;B;C;D;D;C;B;D;A;A;A;B;B;C;C;C;B;C;A;D;D;D;D;B;A;D;A;B;A;C;B;A;C;C;B;D;A;B;A;C;D;D;B;D;D;B;B;A;C;D;D;D;B;C;C;C;B;D;C;C;A;B;C;A;D;D;A;C;A;C;B;C;B;C;C;C;C;D;C;A;D;B;2583850
1120;C;B;D;C;A;B;B;B;B;C;C;D;B;A;D;A;C;B;D;D;C;D;C;D;A;B;A;A;A;B;B;D;A;A;A;C;A;A;D;D;C;B;A;D;D;B;C;C;C;D;A;C;B;D;A;B;A;C;D;B;B;D;D;D;C;A;C;C;D;C;B;A;A;D;D;D;B;D;A;A;C;A;B;D;D;A;D;A;B;A;B;C;C;C;B;C;A;D;D;C;2578690
1122;D;A;D;B;A;C;A;C;B;B;C;D;D;D;A;B;B;B;D;D;C;D;D;C;D;B;A;A;A;C;B;D;C;C;D;A;A;D;D;D;D;B;A;C;C;B;A;A;C;D;B;C;A;A;A;B;A;C;B;C;C;A;D;B;C;A;C;D;D;C;C;A;A;C;B;B;A;A;D;D;C;D;D;A;A;A;D;A;B;C;B;C;C;B;C;D;C;D;B;C;2588820
1123;C;A;D;C;C;B;D;C;B;C;C;A;B;A;D;C;C;D;D;B;C;D;D;B;D;D;A;D;C;B;B;C;C;B;A;A;A;D;D;D;D;B;C;A;D;B;A;C;B;D;C;C;B;D;A;B;A;C;D;A;B;D;D;D;B;A;C;D;D;B;B;A;A;D;B;D;D;B;B;B;D;D;C;D;D;C;D;A;D;C;B;D;D;A;C;D;B;A;D;D;2597150
1127;B;A;D;B;C;D;D;A;B;B;C;D;B;D;D;A;C;B;D;C;C;C;D;B;B;B;A;D;A;A;B;C;C;A;B;C;B;A;D;D;C;B;A;D;B;B;A;C;C;B;C;C;B;A;A;A;A;C;D;B;B;D;D;B;B;A;C;D;A;C;D;C;B;D;D;D;D;C;A;B;A;D;C;B;C;C;D;A;C;C;B;C;C;A;A;C;B;D;B;A;2599390
1130;A;B;D;C;C;B;D;D;B;B;C;D;B;B;A;C;C;B;D;A;C;D;D;B;B;D;A;A;D;A;B;B;C;C;D;B;A;D;D;D;D;B;A;D;C;B;C;A;C;C;C;C;B;D;A;B;A;C;D;C;C;D;D;B;B;A;C;A;D;C;D;A;A;D;D;C;A;C;A;D;B;A;C;B;C;A;D;A;B;D;B;C;D;C;A;D;C;D;D;A;2602180
1134;C;B;D;C;C;B;D;C;B;B;C;A;B;A;D;C;C;A;C;D;C;D;D;B;D;D;A;A;D;D;B;D;C;B;D;C;A;D;D;D;C;B;A;D;D;B;A;C;C;A;A;C;B;C;A;A;A;C;D;C;C;D;D;B;B;A;C;A;D;D;B;A;A;D;D;D;A;D;D;B;D;D;D;D;B;C;D;A;B;A;B;D;C;A;C;B;C;B;D;C;2587510
1135;B;C;D;C;C;B;D;D;B;A;C;D;B;A;D;A;C;B;C;D;C;D;D;D;D;D;A;A;A;D;B;D;C;A;A;A;B;D;D;D;C;B;A;D;B;B;A;C;C;A;A;B;B;D;A;B;A;C;D;C;B;D;D;B;B;A;C;A;D;D;C;C;A;D;D;D;A;C;B;B;C;D;C;B;C;C;D;A;D;A;B;C;D;A;B;D;B;D;D;C;2603010
1136;A;A;D;C;B;D;D;C;B;C;C;A;B;A;C;B;C;B;D;B;C;D;D;B;B;D;D;A;A;C;B;C;C;B;D;A;B;D;D;D;D;B;A;D;C;B;A;C;B;D;B;C;B;D;A;B;A;C;D;B;C;D;D;B;B;A;C;A;D;C;B;A;A;C;D;D;A;C;A;B;C;A;D;D;C;C;A;A;C;C;B;C;D;B;A;B;B;D;B;A;2587600
1138;A;B;D;C;A;B;A;A;B;B;C;A;C;A;C;C;C;D;D;B;C;D;A;B;D;D;A;D;D;A;B;D;C;C;D;A;A;B;D;D;D;B;A;D;D;B;A;C;B;D;C;C;B;D;A;D;B;C;D;C;C;D;D;B;B;C;C;C;D;B;D;A;A;D;B;D;C;C;D;B;D;D;A;A;C;A;D;B;D;A;B;D;C;A;D;D;A;D;D;A;2597720
1144;A;B;D;D;C;B;C;C;B;B;C;A;B;A;C;D;C;B;D;D;C;D;D;D;D;B;A;A;B;C;B;C;C;A;B;B;B;D;D;D;D;B;A;D;C;B;C;C;B;D;C;C;B;B;A;B;B;C;D;C;B;D;D;B;C;A;C;D;A;C;B;A;C;D;D;D;C;C;A;B;D;D;B;B;A;A;D;A;A;A;B;C;D;B;A;D;B;A;D;D;2588180
1146;A;B;D;D;B;B;C;D;B;B;C;D;B;A;D;C;C;D;D;D;C;A;D;B;D;B;D;D;D;A;B;C;C;C;A;B;A;D;D;D;D;D;B;D;C;C;A;C;C;D;B;C;B;D;A;A;B;C;D;C;C;D;C;C;B;A;C;A;D;C;D;A;B;D;D;C;D;X;A;A;A;A;C;B;A;B;D;C;C;C;B;D;C;C;A;A;B;D;D;C;2580540
1159;C;B;D;C;A;B;C;D;B;A;C;A;B;A;D;B;C;B;D;D;A;D;B;C;B;B;D;B;A;A;B;C;B;A;C;B;B;C;D;B;C;B;C;D;C;B;A;C;B;A;C;C;B;D;A;C;A;C;D;C;B;D;D;B;B;A;C;A;D;B;A;B;A;D;D;C;A;C;B;B;C;A;D;B;C;C;D;A;B;C;D;D;C;B;C;D;A;B;D;A;2598050
1163;C;B;D;C;A;B;D;C;B;B;C;A;B;C;B;B;C;B;D;D;C;D;D;B;B;B;C;D;A;A;B;C;B;C;B;A;A;D;D;D;C;B;A;A;C;B;A;C;B;D;C;C;B;D;A;B;A;C;D;C;B;C;D;B;B;A;C;A;A;D;D;A;A;D;B;D;A;C;A;D;D;A;D;D;D;A;D;C;D;C;D;D;C;C;A;D;C;D;B;A;2591600
1166;B;B;D;C;D;B;D;B;B;B;C;A;B;A;B;B;C;B;D;D;C;D;A;D;D;B;A;A;D;B;B;C;C;C;B;B;A;D;D;B;C;B;A;D;D;B;A;C;B;D;C;D;B;A;A;A;A;B;D;C;B;D;D;D;C;A;C;D;D;C;D;D;A;D;D;C;A;C;A;B;D;A;D;B;A;A;D;A;C;D;B;D;C;C;B;A;C;A;D;A;2601550
1169;A;B;D;C;C;B;A;C;B;B;C;C;B;A;D;A;C;B;B;D;C;A;D;B;B;D;A;D;A;B;B;D;C;B;C;A;A;B;D;A;D;B;A;C;A;B;A;C;C;A;A;C;B;D;B;A;A;C;D;C;C;D;D;B;B;A;C;A;D;D;B;C;C;D;D;A;C;C;D;B;B;A;C;D;A;D;D;A;B;D;B;D;C;C;D;A;C;B;D;C;2597990
1170;B;B;D;C;C;B;C;C;B;B;C;C;B;A;A;D;C;A;D;B;C;D;D;B;D;D;D;D;D;D;B;C;C;B;C;C;A;D;D;D;D;B;A;C;C;B;A;C;B;A;C;A;A;C;A;D;A;C;D;B;C;D;D;B;C;C;C;C;A;C;B;A;A;D;A;D;A;C;A;B;C;A;C;C;A;D;D;A;B;C;B;C;C;B;A;B;B;D;D;A;2603050
1173;A;C;D;C;B;B;C;A;B;B;C;A;B;A;D;D;C;A;D;B;C;C;D;C;B;D;A;A;D;D;B;B;C;C;C;A;A;D;D;D;D;A;A;D;D;B;A;A;B;C;B;C;D;D;A;B;A;C;D;C;B;D;D;B;B;A;C;A;A;B;D;A;C;C;B;D;C;C;D;B;C;B;C;A;C;A;D;A;A;B;D;A;C;A;C;B;B;A;D;A;2589100
1174;B;A;D;C;C;B;D;C;B;C;C;A;B;A;C;C;C;B;D;D;C;D;D;D;A;B;A;B;D;B;B;D;C;C;D;C;B;D;D;D;C;B;A;B;C;B;A;C;B;A;C;C;D;A;A;B;A;C;D;B;C;D;D;B;B;A;C;C;D;C;A;C;A;C;B;D;D;B;B;A;C;A;C;D;C;D;D;C;A;D;B;A;C;A;C;C;D;D;D;A;2599900
1175;A;B;D;C;B;B;D;C;B;B;C;A;B;A;A;A;C;B;D;A;C;D;D;B;B;B;D;A;B;C;B;D;C;B;D;A;A;D;D;C;A;A;A;A;A;B;A;C;C;D;C;C;B;D;A;A;B;C;D;B;B;D;B;B;B;A;C;A;A;C;A;A;A;D;B;D;D;C;A;D;C;A;C;D;A;D;D;A;C;C;B;C;D;C;C;A;A;D;D;C;2607780
1180;D;B;D;C;C;C;C;B;B;A;C;A;B;A;B;A;C;A;D;A;C;D;D;B;B;D;A;A;C;D;B;D;C;C;C;D;A;D;D;C;C;B;A;D;C;B;A;C;C;D;A;C;B;D;A;A;A;C;D;C;B;D;D;D;B;A;C;D;A;D;D;A;A;D;D;D;A;B;D;A;C;D;C;A;A;D;D;A;B;C;B;D;D;B;C;A;B;D;D;C;2602650
1182;C;B;D;C;D;B;B;A;B;B;C;A;B;B;B;D;C;B;B;B;C;C;D;B;B;D;A;A;D;D;B;D;C;C;D;A;A;C;D;D;D;B;A;D;C;B;A;C;A;D;C;C;B;D;A;B;A;C;D;C;A;D;D;B;B;A;C;C;D;C;B;A;A;D;C;X;D;C;D;B;C;A;C;D;A;A;D;A;C;C;B;D;C;A;D;D;B;A;A;C;2601600
1183;D;B;D;C;A;B;B;C;B;B;C;A;B;A;B;A;C;D;D;D;C;D;D;B;D;C;A;A;A;A;B;D;C;A;B;B;B;D;D;D;D;B;A;D;C;B;A;C;C;D;A;B;B;D;A;B;A;C;D;C;B;D;D;B;C;A;C;D;A;C;A;A;A;D;A;C;A;C;A;B;A;D;C;A;A;D;D;A;C;C;B;C;C;C;A;B;C;B;D;A;2605670
1186;A;B;D;D;C;B;D;C;B;B;C;A;B;A;D;A;C;B;D;A;C;D;A;C;B;B;A;A;B;C;B;B;C;C;D;B;A;D;D;D;C;B;A;D;D;B;A;C;C;D;C;C;B;C;A;B;A;C;D;C;C;D;D;B;B;A;C;D;D;C;B;A;A;D;B;D;D;C;D;D;A;A;C;C;C;A;D;A;B;A;D;D;C;A;A;D;B;A;D;A;2603180
1187;C;A;D;D;C;B;D;C;B;B;C;A;B;A;D;B;C;D;D;A;C;D;A;B;A;D;A;D;D;C;B;C;C;B;D;B;A;C;D;A;C;B;A;D;C;B;A;C;B;D;A;C;B;C;C;B;A;C;D;C;C;D;D;D;B;A;C;D;A;D;D;A;B;D;B;A;A;C;B;B;C;D;D;B;C;C;D;A;C;C;B;C;C;C;B;D;D;A;D;A;2594030
1189;D;B;D;D;A;B;D;C;B;B;C;C;B;A;D;A;C;B;D;D;C;D;A;B;A;D;D;A;A;A;B;B;A;C;D;C;C;C;D;A;C;B;A;D;D;B;A;C;B;D;B;A;B;D;A;B;A;C;D;B;C;D;A;B;B;A;C;A;A;C;B;A;A;D;D;D;A;C;D;B;B;D;B;D;A;C;D;A;B;C;B;A;C;A;A;D;B;B;D;D;2602000
1193;D;D;D;C;B;C;D;C;B;C;C;A;B;A;C;D;C;A;D;B;C;D;D;C;B;B;C;D;A;A;B;C;C;C;B;D;A;D;D;C;C;B;C;C;A;B;A;C;C;D;A;C;B;C;A;B;A;C;A;C;C;D;D;B;B;A;C;A;D;C;D;A;B;D;D;D;C;C;D;B;B;B;D;A;C;A;A;A;A;C;B;D;C;A;C;D;A;D;B;A;2605740
1195;D;B;D;C;A;B;D;A;B;B;C;A;B;A;D;A;C;B;C;A;A;C;D;B;D;D;A;D;B;A;B;B;C;C;B;B;B;D;D;D;B;B;A;D;D;B;A;C;B;D;C;C;A;A;A;B;A;A;D;B;B;D;D;D;A;A;C;D;D;D;A;C;A;D;A;D;D;A;A;B;B;A;C;A;D;C;D;A;B;A;B;C;C;C;B;B;D;A;D;A;2596590
1198;A;B;D;C;A;C;C;B;B;B;C;D;B;A;A;C;C;B;D;C;C;D;B;C;D;D;A;B;C;A;B;D;D;C;B;A;A;B;A;D;C;A;A;D;C;B;A;C;B;D;C;C;D;D;A;B;A;C;D;C;C;C;D;D;B;C;C;A;D;C;B;C;C;A;D;D;A;C;D;B;A;D;B;A;C;A;D;A;B;C;B;D;C;B;C;D;B;D;D;B;2594730
1199;A;C;D;D;C;C;C;A;B;B;C;A;B;A;B;A;C;B;D;D;C;A;D;B;B;B;A;B;B;D;B;B;C;C;C;A;A;A;D;D;D;B;A;D;A;B;A;C;B;D;C;A;B;A;A;B;A;C;D;D;B;D;D;B;A;A;C;A;D;C;B;A;A;D;D;B;A;C;B;D;B;A;C;A;D;A;D;B;D;A;B;A;C;C;A;D;B;A;D;A;2606450
1203;B;D;D;C;B;B;D;B;B;A;C;D;B;A;C;C;C;B;D;B;C;D;D;B;B;B;A;D;D;D;B;C;C;C;C;A;A;D;D;D;C;B;A;D;C;B;A;C;C;D;C;C;D;A;A;B;A;C;D;C;B;D;D;C;C;A;C;A;D;B;B;C;A;D;D;D;A;C;D;B;C;A;B;A;A;C;D;A;C;D;B;A;C;A;C;D;B;A;D;C;2601400
1205;D;B;D;B;C;B;A;B;B;B;C;D;B;A;D;A;C;B;D;B;C;C;A;B;A;C;D;A;B;D;B;C;C;C;X;B;B;B;D;D;D;B;A;A;A;B;C;C;A;D;C;A;B;B;A;B;A;A;D;C;C;D;D;B;A;C;C;C;D;C;D;C;C;C;B;D;D;C;D;B;B;A;B;D;A;D;D;C;D;C;B;C;C;A;B;A;B;A;D;C;2607790
1207;B;C;D;A;C;D;A;B;B;C;C;D;A;B;A;A;C;B;D;B;C;C;D;C;D;C;A;A;A;D;B;B;C;A;A;A;C;C;D;D;C;B;D;A;A;B;A;C;B;D;C;D;B;A;A;B;B;A;D;B;C;B;D;D;B;A;C;A;D;D;B;A;B;D;B;D;A;A;D;B;C;D;D;A;C;A;D;A;B;C;D;C;D;A;C;B;A;D;B;D;2601670
1210;C;B;D;C;C;B;D;A;B;B;C;A;B;A;D;B;C;B;B;D;C;D;A;B;D;D;A;D;D;C;B;D;C;C;C;A;C;D;D;D;C;B;A;C;C;B;A;C;B;D;C;A;B;D;A;B;B;C;D;C;C;D;D;C;B;A;C;A;A;D;B;A;A;D;C;D;A;C;D;B;D;A;C;D;C;C;D;A;C;A;B;C;C;A;A;D;D;A;D;D;2551580
1213;B;A;D;B;A;B;D;B;A;B;C;C;B;A;D;D;C;B;D;B;A;B;D;B;D;D;A;A;B;A;B;D;B;C;D;A;B;D;D;B;A;B;A;D;D;B;A;C;C;D;C;A;A;D;A;A;B;C;D;C;B;D;C;B;A;A;C;D;A;D;A;B;A;D;B;C;A;D;A;B;D;A;C;B;C;C;D;C;D;C;B;C;C;D;A;B;C;A;D;A;2603440
1219;B;B;D;D;B;B;B;C;B;B;B;A;B;A;C;A;C;B;A;B;C;C;D;D;A;B;C;A;A;A;B;D;C;C;D;A;B;D;D;D;C;B;A;D;C;B;A;C;B;A;C;C;B;A;A;B;B;C;D;C;A;D;D;B;A;C;C;A;A;D;D;C;D;D;D;C;D;C;B;B;C;A;A;D;A;A;D;A;A;C;B;C;D;A;C;A;B;D;D;A;2602840
1222;D;B;D;C;D;B;D;D;B;C;C;D;A;A;C;D;C;D;D;D;C;D;D;B;B;D;C;A;C;A;B;D;C;C;D;B;B;A;D;A;C;B;A;D;C;B;C;C;B;D;B;C;D;A;A;A;B;C;D;C;B;D;D;C;B;A;C;C;D;D;B;C;C;D;B;B;D;D;B;B;B;A;D;A;D;D;D;A;B;A;B;C;C;D;A;B;B;D;A;B;2553430
1224;A;C;D;B;B;B;D;A;D;B;C;D;D;A;D;A;C;B;D;B;C;D;D;B;A;D;D;B;D;D;B;C;C;C;D;B;A;D;D;D;D;B;A;D;D;B;A;C;C;D;C;C;B;D;A;B;A;C;D;C;C;D;D;D;C;A;C;A;A;C;B;A;A;D;D;D;A;B;A;B;C;A;D;D;C;C;D;A;D;A;B;D;C;A;A;A;D;A;D;A;2603080
1225;B;A;D;C;A;B;B;C;B;B;C;A;B;A;D;C;C;B;D;B;C;D;D;C;B;D;A;A;A;D;B;C;C;C;D;A;A;A;D;D;C;B;A;D;D;B;A;C;C;B;C;C;B;D;A;B;C;C;D;C;C;D;D;B;B;A;C;A;A;B;B;A;B;D;B;D;D;A;C;B;D;B;A;D;C;C;B;A;D;C;B;C;C;C;C;B;B;B;D;A;2581120
1227;A;B;D;C;C;B;D;A;B;B;C;A;D;A;D;B;C;B;D;B;C;D;D;B;D;D;A;A;D;A;B;B;C;C;C;C;B;D;D;D;C;B;A;D;C;B;D;C;C;D;C;C;B;D;A;B;B;C;D;C;B;D;D;B;C;A;C;C;A;C;B;A;A;D;D;D;C;C;B;B;D;A;C;D;C;C;D;A;D;C;D;D;D;A;D;D;A;A;D;C;2590080
1229;D;B;D;D;C;B;B;A;B;B;C;A;B;D;B;B;C;B;D;D;C;C;D;C;D;D;A;A;B;C;B;B;C;A;A;B;A;D;D;D;D;B;A;D;C;B;A;C;B;D;C;A;B;D;D;B;B;C;D;C;B;D;A;B;B;A;C;A;A;D;B;A;A;D;B;D;A;C;D;B;D;D;C;B;C;C;D;A;B;D;B;D;C;A;A;B;B;A;D;A;2603010
1231;B;B;D;C;C;B;D;A;B;B;C;A;B;A;C;C;C;B;D;D;C;D;D;B;B;D;A;A;D;B;B;C;C;C;C;A;A;D;D;A;D;B;A;D;C;B;A;C;C;A;A;C;C;D;A;B;A;C;D;C;B;D;D;B;B;A;C;A;A;D;B;A;B;D;D;D;A;C;A;B;D;D;B;D;C;C;D;A;B;A;B;C;D;A;B;D;C;A;C;D;2592750
1235;B;B;D;C;C;B;C;A;B;B;C;A;B;D;D;C;C;B;D;B;C;D;D;B;B;B;D;A;D;A;C;C;C;C;B;A;A;D;D;D;C;B;A;C;C;B;A;C;B;D;C;C;A;D;A;B;A;C;D;C;B;D;D;B;C;A;C;D;D;C;B;C;B;D;D;D;D;B;A;B;C;A;D;B;C;A;D;A;D;A;B;D;C;D;A;D;C;A;D;A;2607190
1245;B;A;D;C;A;B;D;D;B;B;C;A;A;A;A;B;C;D;D;D;C;D;D;B;B;D;A;A;C;A;A;B;D;C;D;A;A;D;D;D;D;B;A;D;D;B;A;C;B;D;A;C;B;D;A;B;B;C;D;B;B;D;D;C;A;A;C;A;A;C;B;C;B;D;D;D;A;C;A;B;D;D;C;D;B;C;D;A;D;A;B;D;D;C;C;B;B;D;D;A;2585090
1246;A;A;D;B;A;B;D;C;B;A;B;B;B;A;A;B;A;D;D;C;C;C;A;A;D;D;A;B;C;C;B;D;A;A;D;A;C;A;B;D;D;A;A;D;D;B;C;C;B;D;A;C;B;D;A;B;A;C;A;C;B;D;D;D;C;A;C;A;A;A;D;C;A;C;D;D;B;C;A;D;C;A;D;D;A;C;A;A;A;D;B;D;D;C;C;B;A;A;B;A;2602190
1252;B;B;D;C;A;B;D;A;B;B;C;A;B;A;B;A;C;D;D;D;C;D;D;C;B;D;A;A;D;A;B;C;C;C;B;A;B;D;D;D;C;B;A;D;C;B;A;C;B;D;C;C;D;D;A;B;A;C;D;C;B;D;D;C;A;A;C;A;D;A;B;A;A;D;B;D;C;D;A;B;D;D;C;B;C;A;D;A;D;C;B;A;C;D;A;B;C;B;D;A;2585040
1254;B;B;D;C;C;B;B;A;B;B;C;A;B;A;D;C;C;D;D;D;C;D;D;B;D;B;A;D;D;D;B;C;C;A;A;B;A;D;D;D;C;B;A;D;D;B;A;C;C;D;C;A;B;D;A;A;A;C;D;B;B;D;D;B;B;A;C;A;A;A;B;A;A;D;D;D;D;C;A;B;D;D;A;D;C;C;D;A;D;A;B;D;C;D;D;D;B;D;D;C;2607460
1255;D;B;D;D;C;B;C;A;B;B;C;C;B;A;D;A;C;B;D;D;C;D;A;D;A;B;A;B;C;A;B;C;C;C;D;A;B;D;D;D;C;B;C;D;D;B;A;C;A;D;A;C;B;B;A;A;B;C;D;C;B;D;D;D;B;A;C;A;D;C;B;A;A;D;D;D;A;C;A;B;C;D;C;D;C;C;D;A;D;A;B;D;D;D;C;A;B;A;A;A;2594580
1259;B;B;D;C;A;D;A;C;B;B;C;A;B;A;D;B;C;B;B;B;C;A;D;B;D;D;D;A;B;D;B;D;C;C;D;C;A;D;D;D;C;B;A;D;D;B;A;C;C;B;C;C;B;A;A;B;A;A;D;C;B;D;D;B;B;A;C;A;A;A;B;C;A;D;C;D;A;C;A;B;D;A;C;D;A;A;D;A;B;C;B;C;C;A;C;D;A;A;C;C;2607750
1266;A;D;D;C;A;B;B;C;B;B;C;A;A;A;D;A;A;B;C;D;A;D;D;C;A;B;C;D;B;C;B;D;B;A;B;A;C;D;D;D;D;A;A;B;D;B;A;B;B;C;C;C;D;A;A;B;A;C;D;B;C;D;D;B;B;A;C;D;D;C;D;A;B;D;D;D;A;C;A;D;C;D;A;B;C;A;D;A;D;C;B;C;D;C;C;D;B;A;B;C;2607100
1268;B;B;D;D;A;B;C;D;B;B;C;B;B;A;B;B;A;B;D;A;C;D;D;B;D;D;A;A;A;D;B;C;C;A;A;C;A;A;D;D;C;B;A;D;C;B;A;C;C;A;C;A;D;D;A;A;B;A;D;B;B;A;D;C;B;A;C;A;A;C;D;A;B;D;A;D;C;C;D;B;B;A;C;C;C;A;D;A;B;C;B;C;C;A;C;D;A;B;D;C;2596300
1273;A;B;D;A;C;B;C;D;B;B;C;A;B;A;C;B;C;B;D;D;C;D;D;B;D;D;A;A;B;A;B;B;C;C;D;B;B;D;D;A;C;B;A;D;B;B;A;C;C;D;C;A;B;A;A;B;B;C;D;C;A;D;B;B;B;A;A;A;D;A;D;A;A;D;B;D;C;C;D;D;C;A;C;D;D;D;D;A;B;A;D;C;C;C;C;A;B;D;D;D;2607740
1280;B;C;D;C;C;B;D;C;B;B;C;D;B;A;D;D;A;B;D;B;A;C;D;B;A;B;C;D;C;C;B;B;C;C;D;B;A;D;A;D;C;B;A;D;C;B;A;A;C;D;B;C;B;A;A;B;A;C;D;C;B;A;B;B;A;C;D;C;D;C;B;A;C;D;D;D;C;B;C;A;A;A;A;A;C;D;D;A;C;D;D;D;C;C;C;B;C;A;B;D;2603020
1282;A;C;D;C;B;B;A;C;B;B;C;A;B;A;B;D;C;B;C;B;C;D;D;C;A;A;D;A;A;B;B;D;C;C;D;D;B;A;D;D;C;B;A;D;D;B;A;C;B;D;C;C;B;B;A;D;A;C;D;B;B;D;D;A;B;A;C;C;A;C;D;C;D;D;D;B;C;B;B;B;C;A;D;A;A;C;B;B;A;C;B;C;D;C;C;D;C;A;D;A;2601980
1287;A;B;D;C;D;B;C;B;B;A;C;B;B;D;C;A;C;D;C;D;C;D;A;B;A;D;C;A;D;B;B;B;C;C;D;A;B;D;D;D;A;B;A;D;C;B;A;C;B;D;C;A;C;D;A;D;B;C;D;C;B;D;D;C;B;A;C;A;D;B;B;C;A;D;C;D;A;D;A;D;C;B;C;A;A;C;D;B;B;C;B;D;C;D;A;D;B;D;D;A;2583790
1291;D;B;D;C;B;B;C;C;D;B;B;A;B;A;D;A;C;B;D;D;B;C;D;D;B;C;A;D;A;D;B;D;C;C;A;A;A;D;D;B;C;C;C;D;A;B;A;A;B;A;C;D;B;C;A;D;A;C;D;C;B;D;D;C;B;A;C;A;A;C;D;A;B;D;D;D;C;C;A;D;B;A;C;A;C;A;B;A;C;A;B;D;D;C;A;B;D;A;D;A;2587750
1295;C;A;D;D;D;B;D;A;D;B;C;D;B;A;D;A;C;B;D;B;A;D;D;B;A;D;B;B;C;D;B;A;C;C;B;C;C;A;D;A;C;B;A;C;D;B;A;C;C;D;B;C;B;D;A;B;B;C;D;C;D;D;D;B;C;A;C;B;D;C;D;A;B;C;B;D;C;A;D;B;C;A;D;D;A;D;D;D;B;C;B;D;C;C;C;A;C;D;D;B;2607730
1298;D;A;D;C;C;B;B;D;B;A;C;D;B;A;C;D;C;B;D;A;C;C;D;B;A;D;D;A;C;A;B;C;C;C;B;D;C;D;D;D;C;B;A;D;B;B;A;C;B;A;C;D;B;D;A;A;C;C;D;C;C;A;D;B;B;A;A;D;D;A;B;C;B;D;D;D;A;C;D;D;C;A;B;A;C;B;D;A;C;A;B;C;C;D;A;D;C;D;A;A;2600610
1302;B;B;D;C;C;B;C;C;B;C;C;D;B;A;A;A;C;C;D;D;C;D;D;C;B;B;D;A;B;A;B;D;C;C;D;D;A;B;B;D;D;B;A;D;A;B;A;C;B;D;C;C;D;D;A;D;B;C;D;C;C;D;D;B;B;A;C;C;A;C;B;A;B;D;D;C;D;C;A;A;B;A;C;A;A;A;B;A;D;A;B;C;C;A;C;D;C;A;D;A;2594160
1308;C;D;D;C;B;B;C;C;B;B;C;A;B;A;C;A;C;A;D;D;C;D;D;C;D;B;D;A;A;A;B;C;C;B;A;A;A;D;D;B;A;C;A;A;C;B;D;C;B;A;A;A;D;C;A;A;A;C;D;C;B;D;A;C;C;A;C;A;D;A;B;A;B;D;D;D;C;C;D;C;C;C;C;D;A;D;B;A;D;D;B;D;C;A;D;D;C;D;D;A;2608950
1310;B;B;D;C;A;B;C;A;B;B;C;A;C;A;A;D;C;B;D;D;C;B;D;C;D;B;D;B;A;A;B;D;C;A;D;C;B;B;D;C;C;B;A;D;A;B;A;C;B;C;C;C;B;A;A;B;B;C;D;B;C;D;D;B;B;A;C;A;D;D;B;C;B;D;D;D;A;C;D;B;C;D;C;A;C;D;D;C;B;A;B;D;C;A;C;A;B;D;D;A;2607580
1312;B;B;D;A;C;B;D;A;B;B;C;A;B;A;D;C;C;B;D;D;C;D;B;C;D;D;A;A;A;C;B;D;C;B;B;A;B;D;D;D;C;B;A;D;C;B;A;C;B;D;C;C;B;D;A;B;A;C;D;D;B;D;D;B;B;A;C;A;D;B;B;A;A;D;D;C;D;C;A;A;A;D;C;B;A;D;D;A;B;C;B;D;C;A;A;D;B;A;B;A;2582390
1314;B;B;D;C;A;B;A;C;B;B;B;A;D;A;D;D;C;B;D;D;C;D;D;D;A;C;D;D;A;D;B;D;C;C;B;A;B;C;D;A;D;B;A;D;C;B;A;C;A;B;A;C;B;D;D;B;A;A;D;C;B;D;D;B;C;A;C;D;A;C;D;C;A;D;D;D;C;C;C;B;B;D;C;A;C;C;D;A;B;A;A;D;D;A;A;D;B;D;D;C;2582780
